INSERT INTO public.service_categories (id,name,parent_category_id,description) VALUES ('774d6a93-1a7a-59f0-b70f-9b0cccb98376', 'Hår', NULL, 'Hårtjenester inkludert klipp, farge og styling'), ('40613055-bb54-561d-9553-1fee5ba0e651', 'Negler', NULL, 'Manikyr, pedikyr og negledesign'), ('a1b8b547-cac9-5eef-87c4-eb2759d940ae', 'Makeup', NULL, 'Profesjonell makeup for alle anledninger'), ('079569b3-a55d-55e1-975d-b26972bc6ec6', 'Bryn & Vipper', NULL, 'Forming av bryn og vippeextensions'), ('48d376e0-21ce-5ed7-b7bc-26086c834c23', 'Bryllup', NULL, 'Spesialtjenester for bryllup');
INSERT INTO public.service_categories (id,name,parent_category_id,description) VALUES ('8b9acf0f-1e59-575c-8539-e1b41ada88c8', 'Herreklipp', NULL, 'Klipp og styling for menn'), ('0ec9257e-284f-5a2d-b768-ee9c1e056c43', 'Dameklipp', NULL, 'Klipp og styling for damer'), ('8a0318a1-1626-585e-839f-0e881f24edd2', 'Farge & Striper', NULL, 'Hårfarge, striper og balayage'), ('0af81dd5-c20a-54cb-9ab7-0de1259a4a46', 'Gellack', NULL, 'Holdbar gellakk manikyr'), ('fc3ffaa5-5262-5b4f-a287-30c465b44480', 'Negleextensions', NULL, 'Forlengelse av negler'), ('6c6f1199-278a-5664-988f-1292e2cae64b', 'Dagsmakeup', NULL, 'Naturlig makeup for hverdagen'), ('5ddde919-1114-53e9-a4c0-dc2145920408', 'Festmakeup', NULL, 'Glamorøs makeup for spesielle anledninger'), ('17f95600-eff1-5970-a211-d8e83a29ea50', 'Vippeextensions', NULL, 'Profesjonelle vippeextensions'), ('b3f2d1e0-2855-5597-a47f-1b112e22270b', 'Brynslaminering', NULL, 'Laminering og forming av bryn'), ('9c628742-bfcd-5d58-a89d-628582c258c7', 'Brudemakeup', NULL, 'Spesialmakeup for bruden'), ('4359c682-2693-5b27-afb1-0113f84759e2', 'Brudefrisyre', NULL, 'Frisyre for bruden');
UPDATE public.service_categories SET parent_category_id = '774d6a93-1a7a-59f0-b70f-9b0cccb98376' WHERE id = '8b9acf0f-1e59-575c-8539-e1b41ada88c8';
UPDATE public.service_categories SET parent_category_id = '774d6a93-1a7a-59f0-b70f-9b0cccb98376' WHERE id = '0ec9257e-284f-5a2d-b768-ee9c1e056c43';
UPDATE public.service_categories SET parent_category_id = '774d6a93-1a7a-59f0-b70f-9b0cccb98376' WHERE id = '8a0318a1-1626-585e-839f-0e881f24edd2';
UPDATE public.service_categories SET parent_category_id = '40613055-bb54-561d-9553-1fee5ba0e651' WHERE id = '0af81dd5-c20a-54cb-9ab7-0de1259a4a46';
UPDATE public.service_categories SET parent_category_id = '40613055-bb54-561d-9553-1fee5ba0e651' WHERE id = 'fc3ffaa5-5262-5b4f-a287-30c465b44480';
UPDATE public.service_categories SET parent_category_id = 'a1b8b547-cac9-5eef-87c4-eb2759d940ae' WHERE id = '6c6f1199-278a-5664-988f-1292e2cae64b';
UPDATE public.service_categories SET parent_category_id = 'a1b8b547-cac9-5eef-87c4-eb2759d940ae' WHERE id = '5ddde919-1114-53e9-a4c0-dc2145920408';
UPDATE public.service_categories SET parent_category_id = '079569b3-a55d-55e1-975d-b26972bc6ec6' WHERE id = '17f95600-eff1-5970-a211-d8e83a29ea50';
UPDATE public.service_categories SET parent_category_id = '079569b3-a55d-55e1-975d-b26972bc6ec6' WHERE id = 'b3f2d1e0-2855-5597-a47f-1b112e22270b';
UPDATE public.service_categories SET parent_category_id = '48d376e0-21ce-5ed7-b7bc-26086c834c23' WHERE id = '9c628742-bfcd-5d58-a89d-628582c258c7';
UPDATE public.service_categories SET parent_category_id = '48d376e0-21ce-5ed7-b7bc-26086c834c23' WHERE id = '4359c682-2693-5b27-afb1-0113f84759e2';
INSERT INTO auth.users (instance_id,id,aud,role,email,encrypted_password,email_confirmed_at,invited_at,confirmation_token,confirmation_sent_at,recovery_token,recovery_sent_at,email_change_token_new,email_change,email_change_sent_at,last_sign_in_at,raw_app_meta_data,raw_user_meta_data,is_super_admin,created_at,updated_at,phone,phone_confirmed_at,phone_change,phone_change_token,phone_change_sent_at,email_change_token_current,email_change_confirm_status,banned_until,reauthentication_token,reauthentication_sent_at,is_sso_user,deleted_at,is_anonymous) VALUES ('00000000-0000-0000-0000-000000000000', '0f5d546a-dd80-5406-a005-a4f3061b9fb4', 'authenticated', 'authenticated', 'admin@nabostylisten.no', '$2a$10$JEpaf.puIXxfqjkPaNCLle3a0yB4x2XbnTUH7L5SoK7J45bpeykla', '2025-07-24T18:42:08.703Z', NULL, 'ofncl9hrqfyx2gtv9r6y', NULL, 'kuy9u7t1ywd87mm71p6ekj', '2025-07-24T18:37:08.703Z', 'ngjdhq4ww0gakvvbhpfu6i', 'ltvgfd7xlue7xgygnmmyxj', NULL, '2025-08-22T18:37:08.703Z', '{"provider":"email","providers":["email"]}', '{"sub":"","email":"admin@nabostylisten.no","full_name":"Admin User","role":"admin","phone_number":"+4712345678","email_verified":true,"phone_verified":false}', NULL, '2025-07-24T18:37:08.703Z', '2025-08-22T18:37:08.703Z', NULL, NULL, '8q4op1vvztxd3bvfe6nnjo', 'k7c05czdwcgih80mzz3ahs', NULL, '2phlxdrtksycbb5cra2dj9', 0, NULL, 's35zybxjh8rtfwawexv8n', NULL, 'f', NULL, 'f'), ('00000000-0000-0000-0000-000000000000', '5fef9e7c-116a-5504-a6ae-d16f4442d448', 'authenticated', 'authenticated', 'maria.hansen@example.com', '$2a$10$JEpaf.puIXxfqjkPaNCLle3a0yB4x2XbnTUH7L5SoK7J45bpeykla', '2025-07-24T18:42:08.704Z', NULL, 'pkqsf5ypp4rik4o2pu7l', NULL, '3odwspt6rwd5m9c1ovygt7', '2025-07-24T18:37:08.704Z', 'oe1eyuk2a0p8gjkwij1isc', '9ilcqqvwu7d198im7i549z', NULL, '2025-08-22T18:37:08.704Z', '{"provider":"email","providers":["email"]}', '{"sub":"","email":"maria.hansen@example.com","full_name":"Maria Hansen","role":"stylist","phone_number":"+4790123456","email_verified":true,"phone_verified":false}', NULL, '2025-07-24T18:37:08.704Z', '2025-08-22T18:37:08.704Z', NULL, NULL, '7qmhdc4j8xbepfurl8twfs', 'f2qxe33op3af1smn0gqf1l', NULL, '8oz3bywoobrc1kld7z1yxk', 0, NULL, 'h0uhtq2gqr5gaqwmxbrlwq', NULL, 'f', NULL, 'f'), ('00000000-0000-0000-0000-000000000000', '5ac46069-d153-5b50-a0be-8a017d379243', 'authenticated', 'authenticated', 'emma.nilsen@example.com', '$2a$10$JEpaf.puIXxfqjkPaNCLle3a0yB4x2XbnTUH7L5SoK7J45bpeykla', '2025-07-24T18:42:08.704Z', NULL, '63o7bsev76t921leoblkx', NULL, 'giaeiglej8h7glvfj1v94d', '2025-07-24T18:37:08.704Z', 'rkupl265en5ksq2vcm9fg', 'z9f764sucl0ssn9e6mq2k', NULL, '2025-08-22T18:37:08.704Z', '{"provider":"email","providers":["email"]}', '{"sub":"","email":"emma.nilsen@example.com","full_name":"Emma Nilsen","role":"stylist","phone_number":"+4791234567","email_verified":true,"phone_verified":false}', NULL, '2025-07-24T18:37:08.704Z', '2025-08-22T18:37:08.704Z', NULL, NULL, 'eypnkg64g8lo02qeckcjkl', 'fkwm87tsvxem1lcab6rtv', NULL, 'kdczngg5qzgq6jt3etdnz', 0, NULL, 'kndtrp90bah5rcpakhn1w5', NULL, 'f', NULL, 'f'), ('00000000-0000-0000-0000-000000000000', '5f2c632c-1003-5d3e-94f5-6085899aa359', 'authenticated', 'authenticated', 'sophia.larsen@example.com', '$2a$10$JEpaf.puIXxfqjkPaNCLle3a0yB4x2XbnTUH7L5SoK7J45bpeykla', '2025-07-24T18:42:08.704Z', NULL, 'dnvecrnfjjl6ew5zcl0qad', NULL, 'p624t7chy9fbrtj5u6mki', '2025-07-24T18:37:08.704Z', '45z6s1rukn7gsgskjmlnia', '5e8ysrspi4obe2utoxc60p', NULL, '2025-08-22T18:37:08.704Z', '{"provider":"email","providers":["email"]}', '{"sub":"","email":"sophia.larsen@example.com","full_name":"Sophia Larsen","role":"stylist","phone_number":"+4792345678","email_verified":true,"phone_verified":false}', NULL, '2025-07-24T18:37:08.704Z', '2025-08-22T18:37:08.704Z', NULL, NULL, '728phiwecksv7cks3w8iz', 'hxakk1y00fiv7r99dmfvm', NULL, 'r1cw12hy68zu3bb3u4qo', 0, NULL, 'lk2biyg0ilkzqw5ep0jp4', NULL, 'f', NULL, 'f'), ('00000000-0000-0000-0000-000000000000', '71c8f57c-aae5-5ac8-8fc0-a1ff399b17b8', 'authenticated', 'authenticated', 'kari.nordmann@example.com', '$2a$10$JEpaf.puIXxfqjkPaNCLle3a0yB4x2XbnTUH7L5SoK7J45bpeykla', '2025-07-24T18:42:08.704Z', NULL, '503mifr8aybw46no8td8n', NULL, 'ntliglm1fuc9hw63bphmm', '2025-07-24T18:37:08.704Z', '4614olgm6llp75h7du3kpi', 'zvwxoxf28tk2ooisrmjmr', NULL, '2025-08-22T18:37:08.704Z', '{"provider":"email","providers":["email"]}', '{"sub":"","email":"kari.nordmann@example.com","full_name":"Kari Nordmann","role":"customer","phone_number":"+4793456789","email_verified":true,"phone_verified":false}', NULL, '2025-07-24T18:37:08.704Z', '2025-08-22T18:37:08.704Z', NULL, NULL, 'o6kspv6a4mbqwcslctxpff', 'afcvqtmybz6u02cbut2d8', NULL, 'ygrdytuqw6icycshe95dd', 0, NULL, '1jkailyktrfyb1slqot65n', NULL, 'f', NULL, 'f'), ('00000000-0000-0000-0000-000000000000', '815c84a1-9088-5e6f-b1ab-0853285c0e5d', 'authenticated', 'authenticated', 'ole.hansen@example.com', '$2a$10$JEpaf.puIXxfqjkPaNCLle3a0yB4x2XbnTUH7L5SoK7J45bpeykla', '2025-07-24T18:42:08.704Z', NULL, 'c5ndv12arz509tr3bd3bp8b', NULL, 'u65ek29idp6y8ik2naj7s', '2025-07-24T18:37:08.704Z', 'qs4j5rkthiuk0ne80feod', 'bkyfpvsl0d46bm8yaj6oc', NULL, '2025-08-22T18:37:08.704Z', '{"provider":"email","providers":["email"]}', '{"sub":"","email":"ole.hansen@example.com","full_name":"Ole Hansen","role":"customer","phone_number":"+4794567890","email_verified":true,"phone_verified":false}', NULL, '2025-07-24T18:37:08.704Z', '2025-08-22T18:37:08.704Z', NULL, NULL, '439sxqbag1z9ozysmmryc', '1voz7s6t6zk50ees1ownkq', NULL, 'i83nz9pdzs84q80ejq8rv', 0, NULL, 'tzk4yznxezoboyntj1mbjr', NULL, 'f', NULL, 'f');
INSERT INTO auth.identities (provider_id,user_id,identity_data,provider,last_sign_in_at,created_at,updated_at,id) VALUES ('0f5d546a-dd80-5406-a005-a4f3061b9fb4', '0f5d546a-dd80-5406-a005-a4f3061b9fb4', '{"sub":"0f5d546a-dd80-5406-a005-a4f3061b9fb4","email":"admin@nabostylisten.no"}', 'email', '2025-08-23T18:37:08.705Z', '2020-12-17T00:05:40.000Z', '2020-05-09T04:27:27.000Z', 'b143eba5-dccf-5102-bf0c-df1fed8e4684'), ('5fef9e7c-116a-5504-a6ae-d16f4442d448', '5fef9e7c-116a-5504-a6ae-d16f4442d448', '{"sub":"5fef9e7c-116a-5504-a6ae-d16f4442d448","email":"maria.hansen@example.com"}', 'email', '2025-08-23T18:37:08.705Z', '2020-07-11T18:06:24.000Z', '2020-05-05T04:50:06.000Z', 'faa53e33-d79d-5e55-8492-9d63f5d3d727'), ('5ac46069-d153-5b50-a0be-8a017d379243', '5ac46069-d153-5b50-a0be-8a017d379243', '{"sub":"5ac46069-d153-5b50-a0be-8a017d379243","email":"emma.nilsen@example.com"}', 'email', '2025-08-23T18:37:08.705Z', '2020-02-02T01:32:57.000Z', '2020-11-11T22:48:09.000Z', '74f042cb-e322-509c-9d63-10e4f595b967'), ('5f2c632c-1003-5d3e-94f5-6085899aa359', '5f2c632c-1003-5d3e-94f5-6085899aa359', '{"sub":"5f2c632c-1003-5d3e-94f5-6085899aa359","email":"sophia.larsen@example.com"}', 'email', '2025-08-23T18:37:08.705Z', '2020-10-10T10:09:38.000Z', '2020-09-17T20:27:37.000Z', 'b9b4b9f5-2df1-59fe-9530-3958f5529a0d'), ('71c8f57c-aae5-5ac8-8fc0-a1ff399b17b8', '71c8f57c-aae5-5ac8-8fc0-a1ff399b17b8', '{"sub":"71c8f57c-aae5-5ac8-8fc0-a1ff399b17b8","email":"kari.nordmann@example.com"}', 'email', '2025-08-23T18:37:08.705Z', '2020-10-26T09:34:57.000Z', '2020-03-11T14:50:59.000Z', '97859bee-aa29-5d0d-b116-71d3b0ad5822'), ('815c84a1-9088-5e6f-b1ab-0853285c0e5d', '815c84a1-9088-5e6f-b1ab-0853285c0e5d', '{"sub":"815c84a1-9088-5e6f-b1ab-0853285c0e5d","email":"ole.hansen@example.com"}', 'email', '2025-08-23T18:37:08.705Z', '2020-08-12T07:23:03.000Z', '2020-01-01T00:21:27.000Z', 'f55deac0-fba7-5119-be5d-b74667a58166');
INSERT INTO public.stylist_details (profile_id,created_at,updated_at,bio,can_travel,has_own_place,travel_distance_km,instagram_profile,facebook_profile,tiktok_profile,youtube_profile,snapchat_profile,other_social_media_urls,stripe_account_id) VALUES ('5fef9e7c-116a-5504-a6ae-d16f4442d448', DEFAULT, DEFAULT, 'Erfaren frisør med over 10 års erfaring. Spesialiserer meg på moderne klipp og fargeteknikker.', 't', 't', 15, '@mariahansen_hair', 'Libid iis quibus ter poena quae es remotissius.', 'Rem ut imam abilita positari, et ocritatur advera vivat vix essariae contingeren et.', 'Stultorquato melioremus metu carerab putare solum.', 'Institio quid rationem ad essent quae.', '{"Appellant mutae fortunae vi malle, sic tollunt faciantur nullam autem reliquarum loqueris."}', 'Fuisse vexet maximamus vitae cum dixitureum moles sunt.'), ('5ac46069-d153-5b50-a0be-8a017d379243', DEFAULT, DEFAULT, 'Makeup artist og negletekniker. Elsker å skape unike looks for mine kunder!', 't', 'f', 20, '@emma_beauty', 'Praesent eo seque velitas aut.', '@emmabeautyoslo', 'Discens dicam rem propter continacced, si eos inem utiliustius efficeri.', 'Cognitudit ex litur patria et suscipitur in dein.', '{"Dolorum disserendi estiae plane veniri."}', 'Campum ore admodo ationis spatio inas ut honest.'), ('5f2c632c-1003-5d3e-94f5-6085899aa359', DEFAULT, DEFAULT, 'Spesialist på bryn og vipper. Sertifisert lash technician med fokus på naturlige resultater.', 'f', 't', NULL, '@sophialashes', 'sophialarsenlashes', 'Aut vero autem rem idua quasi.', 'Graecum essensibi quid sicomnis totum melius legit.', 'Ob vero ipsum non polyaeno.', '{"Praeda nec molest repertamen quibus studuis pacem."}', 'Si quod vacuit vacuitatur tot.');
INSERT INTO public.addresses (id,created_at,updated_at,user_id,nickname,street_address,city,postal_code,country,entry_instructions,is_primary,location) VALUES ('bd3edf5b-ac02-535e-8e3e-6618cb12f398', DEFAULT, DEFAULT, '5fef9e7c-116a-5504-a6ae-d16f4442d448', 'Salong', 'Storgata 15', 'Oslo', '0154', 'Norge', 'Quam compartientis essent si rebus, videorum in voluptate doloris omnium si.', 't', 'POINT(10.7494 59.9139)'), ('6c9d012c-5297-5c62-86e9-bad5cadf3cac', DEFAULT, DEFAULT, '5ac46069-d153-5b50-a0be-8a017d379243', 'Hjemmekontor', 'Løkkeveien 8', 'Bergen', '5003', 'Norge', 'Prorsuspicio vero cupid arum carerudit in quae etiam, asperspexit cupio inum inoporum atione quae.', 't', 'POINT(5.3260 60.3894)'), ('0b6e0c50-55a4-5a5a-9c4c-77fe089c812b', DEFAULT, DEFAULT, '5f2c632c-1003-5d3e-94f5-6085899aa359', 'Studio', 'Markveien 35', 'Oslo', '0554', 'Norge', 'Et endi stoicos tibusdam ego, romantiqua loco recus afferri ut pluribus.', 't', 'POINT(10.7585 59.9295)'), ('4d9b24a7-1d63-5bdb-b6fa-66964de3c47d', DEFAULT, DEFAULT, '71c8f57c-aae5-5ac8-8fc0-a1ff399b17b8', 'Hjemme', 'Grønlandsleiret 44', 'Oslo', '0190', 'Norge', 'Falso quantaque ut illum efficilit.', 't', 'POINT(10.7608 59.9127)'), ('7f78a89c-d6ef-5d26-a4f4-5f88b27e42d8', DEFAULT, DEFAULT, '815c84a1-9088-5e6f-b1ab-0853285c0e5d', 'Leilighet', 'Torgallmenningen 8', 'Bergen', '5014', 'Norge', 'Molest am nostra il naturum et paene gere, ultima quae debita id scriptumcum si.', 't', 'POINT(5.3247 60.3933)');
INSERT INTO public.services (id,created_at,updated_at,stylist_id,title,description,price,duration_minutes,at_customer_place,at_stylist_place,currency,is_published,includes,requirements) VALUES ('76182b33-2b88-55da-9317-c322cfc4cdb2', DEFAULT, DEFAULT, '5fef9e7c-116a-5504-a6ae-d16f4442d448', 'Hårbehandling', 'Intensive behandling for skadet hår', 1575, 45, 't', 't', 'NOK', 't', '{"Vask og balsam","Konsultasjon og fargeråd","Oppfølging etter behandling","Klipp og styling","Føn og styling","Profesjonelle produkter"}', '{"Tilgang til vask og strøm","Stol med ryggstø"}'), ('f66c822d-c39b-5997-9fdd-1cc2906b1259', DEFAULT, DEFAULT, '5ac46069-d153-5b50-a0be-8a017d379243', 'Volum vippeextensions', 'Fyldige volum-vipper for dramatisk effekt', 1034, 150, 'f', 'f', 'NOK', 't', '{"Touch-up etter 2 uker","Allergi test","Aftercare produkter","Konsultasjon og fargetest","Øyebryn forming og farge","Oppfølging instruksjoner"}', '{"Inanimi as gessis ius et ans ruant."}'), ('7c724ddb-a436-508b-954f-ea531f015c8e', DEFAULT, DEFAULT, '5f2c632c-1003-5d3e-94f5-6085899aa359', 'Gellack med design', 'Holdbar gellack med kreativt negledesign', 1106, 90, 't', 't', 'NOK', 't', '{"UV-lampe behandling","Neglebånd massage","Håndkrem og negleolje","Cuticle behandling","Neglefil og buffer","Neglelakk av høy kvalitet"}', '{"Godt ventilert rom","Tilgang til strøm"}'), ('ee28eb0b-265a-5f31-962b-baeb03171f3b', DEFAULT, DEFAULT, '5ac46069-d153-5b50-a0be-8a017d379243', 'Balayage farge', 'Moderne fargeteknikk for naturlig solkysset hår', 2494, 150, 'f', 't', 'NOK', 't', '{"Profesjonelle produkter","Vask og balsam","Konsultasjon og fargeråd","Oppfølging etter behandling","Klipp og styling","Føn og styling"}', '{"Aris ferattulis confirmam contentiam lectorquatum."}'), ('bdd1b363-ac2b-5678-88e3-3a63f4b658f4', DEFAULT, DEFAULT, '5f2c632c-1003-5d3e-94f5-6085899aa359', 'Brudemakeup komplett', 'Komplett brudemakeup med prøvetime', 886, 180, 't', 't', 'NOK', 't', '{"Prøvetime inkludert","Brudeparti styling tilbud","Foto dokumentasjon"}', '{"Mulighet for å henge kjoler","Plass til utstyr og produkter"}'), ('e00070ec-a32f-50ad-9dca-90b08b918d33', DEFAULT, DEFAULT, '5ac46069-d153-5b50-a0be-8a017d379243', 'Føn og styling', 'Profesjonell føn med styling for spesielle anledninger', 2659, 30, 't', 't', 'NOK', 't', '{"Profesjonelle produkter","Konsultasjon og fargeråd","Klipp og styling","Hjemmepleieprodukter","Oppfølging etter behandling","Føn og styling"}', '{"Plass til arbeid (2x2 meter)","God belysning","Stol med ryggstø"}'), ('14988abd-97c9-5f3a-be9a-59d5637d4463', DEFAULT, DEFAULT, '5f2c632c-1003-5d3e-94f5-6085899aa359', 'Kontur makeup', 'Avansert konturering for skulpturerte fasader', 2374, 60, 'f', 'f', 'NOK', 't', '{"Makeup konsultasjon","Touchup produkter","Foto-ready finish"}', '{"Tament sed gaudem praeclaretiam possimis ei, ini omnemin ac ipsummum habeat in nulla perante."}'), ('5d426f4d-43a7-5476-969b-4ca4336173ad', DEFAULT, DEFAULT, '5f2c632c-1003-5d3e-94f5-6085899aa359', 'Bryllupsgjester styling', 'Makeup og hår for bryllupsgjester', 845, 90, 't', 't', 'NOK', 't', '{"Profesjonelle produkter","Brudemakeup og hår","Foto dokumentasjon","Styling konsultasjon","Prøvetime inkludert","Touchup under dagen"}', '{"Plass til utstyr og produkter","Rolig og privat område"}'), ('8379c4b0-1c06-5d40-b0fc-56513422c1d8', DEFAULT, DEFAULT, '5ac46069-d153-5b50-a0be-8a017d379243', 'Volum vippeextensions', 'Fyldige volum-vipper for dramatisk effekt', 1993, 150, 'f', 'f', 'NOK', 't', '{"Aftercare produkter","Øyebryn forming og farge","Allergi test"}', '{"Cum ex arbitrerum cum bonum sed solita, natur graecisti itate vero es quia causament."}'), ('c970b6e4-e959-5586-9093-3c50e0f7ab60', DEFAULT, DEFAULT, '5fef9e7c-116a-5504-a6ae-d16f4442d448', 'Franske negler', 'Klassisk fransk manikyr for elegant look', 2592, 75, 'f', 't', 'NOK', 't', '{"UV-lampe behandling","Neglebånd massage","Base coat og top coat","Cuticle behandling"}', '{"Mirervi in primis philosopin si tractavista tam fueritum."}'), ('f67b1d42-e134-5c10-baf6-9357f4083f61', DEFAULT, DEFAULT, '5ac46069-d153-5b50-a0be-8a017d379243', 'Franske negler', 'Klassisk fransk manikyr for elegant look', 1218, 60, 't', 't', 'NOK', 't', '{"Håndkrem og negleolje","Base coat og top coat","Cuticle behandling","Neglebånd massage","Neglelakk av høy kvalitet","UV-lampe behandling"}', '{"Stol med armstø","Bord eller fast overflate"}'), ('1c3cb731-ed59-5c03-891d-dd445c49271e', DEFAULT, DEFAULT, '5f2c632c-1003-5d3e-94f5-6085899aa359', 'Negleforlengelse', 'Forlengelse av negler for ønsket lengde', 1940, 120, 't', 't', 'NOK', 't', '{"Neglebånd massage","UV-lampe behandling","Cuticle behandling"}', '{"Godt ventilert rom","Tilgang til strøm"}'), ('a84c07d7-9cad-533f-b8cf-1e50727560c4', DEFAULT, DEFAULT, '5f2c632c-1003-5d3e-94f5-6085899aa359', 'Akryl negler', 'Forsterkning og forlengelse med akryl', 2111, 120, 't', 'f', 'NOK', 't', '{"Neglefil og buffer","Håndkrem og negleolje","Neglebånd massage"}', '{"Tilgang til strøm","God belysning","Stol med armstø","Bord eller fast overflate"}'), ('f105e82d-4f15-5b10-b687-21bb390972df', DEFAULT, DEFAULT, '5fef9e7c-116a-5504-a6ae-d16f4442d448', 'Negleforlengelse', 'Forlengelse av negler for ønsket lengde', 1330, 90, 'f', 't', 'NOK', 't', '{"Neglefil og buffer","Cuticle behandling","Neglelakk av høy kvalitet"}', '{"Incuriscun poenis ere diligitar sed relin."}'), ('d7664d95-3caa-5e9b-ac21-e5f97a492422', DEFAULT, DEFAULT, '5ac46069-d153-5b50-a0be-8a017d379243', 'Brynsfarge', 'Farging av bryn for definert look', 1436, 60, 'f', 'f', 'NOK', 't', '{"Profesjonelle produkter","Konsultasjon og fargetest","Øyebryn forming og farge"}', '{"Dolorest genere praeclaramet maximamar si perpaulo quod parentur."}'), ('a1a04c06-3a8f-58fb-a6ac-fd4aa9f23a92', DEFAULT, DEFAULT, '5ac46069-d153-5b50-a0be-8a017d379243', 'Brudefrisyre', 'Eksklusiv styling for din store dag. Prøvetime inkludert.', 2749, 90, 't', 't', 'NOK', 't', '{"Foto dokumentasjon","Profesjonelle produkter","Prøvetime inkludert","Brudeparti styling tilbud","Styling konsultasjon"}', '{"Strømtilgang","Plass til utstyr og produkter"}'), ('e0c122d0-a1c6-57e5-8e5a-a275d77d69a9', DEFAULT, DEFAULT, '5ac46069-d153-5b50-a0be-8a017d379243', 'Volum vippeextensions', 'Fyldige volum-vipper for dramatisk effekt', 1629, 150, 't', 't', 'NOK', 't', '{"Aftercare produkter","Profesjonelle produkter","Touch-up etter 2 uker","Konsultasjon og fargetest","Øyebryn forming og farge"}', '{"Tilgang til strøm","Godt belyst rom","Rolig omgivelser","Ren og støvfri miljø"}'), ('87cfc1e8-8252-5821-8c8f-8b6a31cb5156', DEFAULT, DEFAULT, '5f2c632c-1003-5d3e-94f5-6085899aa359', 'Brudesminke prøve', 'Prøvetime for brudemakeup', 1226, 90, 't', 't', 'NOK', 't', '{"Brudeparti styling tilbud","Profesjonelle produkter","Foto dokumentasjon","Prøvetime inkludert","Styling konsultasjon","Touchup under dagen"}', '{"Plass til utstyr og produkter","Rolig og privat område","Strømtilgang"}'), ('b0111ba7-5a98-5907-ba27-3f45196d3977', DEFAULT, DEFAULT, '5ac46069-d153-5b50-a0be-8a017d379243', 'Føn og styling', 'Profesjonell føn med styling for spesielle anledninger', 1946, 45, 'f', 't', 'NOK', 't', '{"Føn og styling","Profesjonelle produkter","Konsultasjon og fargeråd"}', '{"Quamquam in bono explicii quae quidem, corpus sit primos philosoper invenanim sed."}'), ('2a66a173-5e57-53c4-a2e0-3d491704e63c', DEFAULT, DEFAULT, '5ac46069-d153-5b50-a0be-8a017d379243', 'Brynslaminering', 'Laminering og forming av bryn for perfekt form', 861, 45, 't', 't', 'NOK', 't', '{"Profesjonelle produkter","Aftercare produkter","Oppfølging instruksjoner","Konsultasjon og fargetest","Allergi test"}', '{"Rolig omgivelser","Godt belyst rom","Tilgang til strøm","Ren og støvfri miljø"}'), ('17174d2b-fa53-516c-9c8f-328d1c1d0a8c', DEFAULT, DEFAULT, '5ac46069-d153-5b50-a0be-8a017d379243', 'Foto makeup', 'Makeup optimalisert for fotografering', 2630, 60, 'f', 't', 'NOK', 't', '{"Makeup konsultasjon","Touchup produkter","Fargeanalyse"}', '{"Et vos possentior defut modo primum quae, inpotest doloremus nulla deritaque sit vivenimal rudem."}'), ('753f481f-9fee-53c1-bef0-6fc0bcf78933', DEFAULT, DEFAULT, '5fef9e7c-116a-5504-a6ae-d16f4442d448', 'Pedikyr', 'Komplett pedikyr med neglepleje', 2404, 75, 'f', 't', 'NOK', 't', '{"Neglefil og buffer","Neglebånd massage","Håndkrem og negleolje"}', '{"Apsa hoc sine noster probani disserenim, suum erunt utur et ait beatus il."}'), ('6988ab5f-f1cf-533e-9e10-6250fa03d64e', DEFAULT, DEFAULT, '5f2c632c-1003-5d3e-94f5-6085899aa359', 'Brynspluking', 'Profesjonell forming av bryn', 1512, 60, 't', 'f', 'NOK', 't', '{"Allergi test","Profesjonelle produkter","Øyebryn forming og farge","Aftercare produkter","Oppfølging instruksjoner"}', '{"Komfortabel liggestol/seng","Ren og støvfri miljø","Tilgang til strøm","Godt belyst rom"}'), ('5e167626-1d66-5123-9111-b3d1d294a57b', DEFAULT, DEFAULT, '5ac46069-d153-5b50-a0be-8a017d379243', 'Negleforlengelse', 'Forlengelse av negler for ønsket lengde', 1794, 150, 't', 'f', 'NOK', 't', '{"Cuticle behandling","Neglebånd massage","Neglefil og buffer","Base coat og top coat","Neglelakk av høy kvalitet"}', '{"Stol med armstø","Godt ventilert rom"}'), ('223d99f1-5c50-536e-b2f1-21ff103a026e', DEFAULT, DEFAULT, '5f2c632c-1003-5d3e-94f5-6085899aa359', 'Brynspluking', 'Profesjonell forming av bryn', 1374, 60, 't', 't', 'NOK', 't', '{"Touch-up etter 2 uker","Konsultasjon og fargetest","Øyebryn forming og farge","Allergi test","Aftercare produkter"}', '{"Tilgang til strøm","Komfortabel liggestol/seng","Godt belyst rom"}'), ('85540e24-0e5a-5ffc-97e6-90b2875c357c', DEFAULT, DEFAULT, '5f2c632c-1003-5d3e-94f5-6085899aa359', 'Permanent', 'Permanent for krøller og volum', 2077, 150, 't', 't', 'NOK', 't', '{"Føn og styling","Klipp og styling","Profesjonelle produkter","Konsultasjon og fargeråd","Hjemmepleieprodukter"}', '{"God belysning","Tilgang til vask og strøm","Plass til arbeid (2x2 meter)","Håndkle tilgjengelig"}'), ('2a882c6e-7824-5518-b251-1cc3d7bf2bcd', DEFAULT, DEFAULT, '5fef9e7c-116a-5504-a6ae-d16f4442d448', 'Brynspluking', 'Profesjonell forming av bryn', 899, 60, 't', 'f', 'NOK', 't', '{"Profesjonelle produkter","Øyebryn forming og farge","Allergi test","Konsultasjon og fargetest","Aftercare produkter"}', '{"Rolig omgivelser","Ren og støvfri miljø","Godt belyst rom","Komfortabel liggestol/seng"}'), ('e7cf44d6-9f4a-5776-853b-a7a4072a5d45', DEFAULT, DEFAULT, '5f2c632c-1003-5d3e-94f5-6085899aa359', 'Hårbehandling', 'Intensive behandling for skadet hår', 805, 90, 't', 't', 'NOK', 't', '{"Profesjonelle produkter","Vask og balsam","Konsultasjon og fargeråd","Klipp og styling","Hjemmepleieprodukter","Føn og styling"}', '{"Håndkle tilgjengelig","Tilgang til vask og strøm","Stol med ryggstø","God belysning"}'), ('b7d36b38-fe23-5e84-a721-275f656c2211', DEFAULT, DEFAULT, '5fef9e7c-116a-5504-a6ae-d16f4442d448', 'Dagsmakeup', 'Naturlig makeup for hverdagen', 975, 45, 'f', 't', 'NOK', 't', '{"Styling tips","Sminke fjerner","Foto-ready finish","Makeup konsultasjon"}', '{"Quae investra mune ut tam et."}'), ('e2a5feea-e90d-5eb7-9c72-fef6ba325faf', DEFAULT, DEFAULT, '5f2c632c-1003-5d3e-94f5-6085899aa359', 'Brynspluking', 'Profesjonell forming av bryn', 1845, 60, 't', 't', 'NOK', 't', '{"Oppfølging instruksjoner","Øyebryn forming og farge","Profesjonelle produkter","Aftercare produkter"}', '{"Komfortabel liggestol/seng","Rolig omgivelser","Tilgang til strøm"}'), ('aa0cf64c-2fee-545b-8b01-85b1642cc444', DEFAULT, DEFAULT, '5fef9e7c-116a-5504-a6ae-d16f4442d448', 'Hybrid vipper', 'Kombinasjon av klassiske og volum vipper', 1066, 120, 'f', 't', 'NOK', 't', '{"Profesjonelle produkter","Aftercare produkter","Konsultasjon og fargetest","Øyebryn forming og farge","Allergi test"}', '{"Ad permulto quodsi is praetultimum, mortis ut dolore voluptate hac stabillum dictas potesse."}'), ('e45210c4-5037-5acd-828e-6a2c7da9a3db', DEFAULT, DEFAULT, '5fef9e7c-116a-5504-a6ae-d16f4442d448', 'Hårbehandling', 'Intensive behandling for skadet hår', 2576, 45, 'f', 't', 'NOK', 't', '{"Hjemmepleieprodukter","Oppfølging etter behandling","Klipp og styling","Føn og styling","Konsultasjon og fargeråd"}', '{"Oditur era verum ne quasi fugitattul et."}'), ('6a4cd26c-3e74-5e66-8c9d-0a43c0d89298', DEFAULT, DEFAULT, '5fef9e7c-116a-5504-a6ae-d16f4442d448', 'Herreklipp', 'Moderne herreklipp med styling. Inkluderer vask og føn.', 2276, 60, 'f', 't', 'NOK', 't', '{"Hjemmepleieprodukter","Oppfølging etter behandling","Vask og balsam"}', '{"Proposoptab faceratio nimusque tibi is maiorest sit temporrecta."}'), ('624647d9-add1-5d7f-8000-30a3a9f0fb30', DEFAULT, DEFAULT, '5fef9e7c-116a-5504-a6ae-d16f4442d448', 'Klassiske vippeextensions', 'Naturlige vippeextensions for en elegant look', 2354, 150, 't', 't', 'NOK', 'f', '{"Aftercare produkter","Konsultasjon og fargetest","Øyebryn forming og farge","Allergi test","Profesjonelle produkter","Touch-up etter 2 uker"}', '{"Komfortabel liggestol/seng","Ren og støvfri miljø","Tilgang til strøm","Godt belyst rom"}'), ('afd953ad-7147-5563-9533-021001caf7a2', DEFAULT, DEFAULT, '5fef9e7c-116a-5504-a6ae-d16f4442d448', 'Herreklipp 2', 'Moderne herreklipp med styling. Inkluderer vask og føn.', 1843, 30, 'f', 't', 'NOK', 't', '{"Profesjonelle produkter","Oppfølging etter behandling","Vask og balsam","Hjemmepleieprodukter","Konsultasjon og fargeråd","Klipp og styling"}', '{"Inciderem opere naturo autem dolore disputo benivolam auctorum."}'), ('14178b43-5f90-51e4-b62a-dd642da598f8', DEFAULT, DEFAULT, '5f2c632c-1003-5d3e-94f5-6085899aa359', 'Brudefrisyre 2', 'Eksklusiv styling for din store dag. Prøvetime inkludert.', 2976, 120, 't', 't', 'NOK', 't', '{"Brudeparti styling tilbud","Profesjonelle produkter","Brudemakeup og hår","Touchup under dagen","Foto dokumentasjon","Prøvetime inkludert"}', '{"Plass til utstyr og produkter","Rolig og privat område","God belysning (fortrinnsvis naturlig)"}'), ('1d2359fd-6f1f-5243-864d-5695b37743eb', DEFAULT, DEFAULT, '5ac46069-d153-5b50-a0be-8a017d379243', 'Foto makeup 2', 'Makeup optimalisert for fotografering', 1731, 75, 't', 't', 'NOK', 't', '{"Styling tips","Sminke fjerner","Foto-ready finish","Touchup produkter"}', '{"Stol med god ryggstø","Ren arbeidsplass","Tilgang til vann"}'), ('2a5d49d3-142c-57e5-9270-678f4722bb75', DEFAULT, DEFAULT, '5f2c632c-1003-5d3e-94f5-6085899aa359', 'Franske negler 2', 'Klassisk fransk manikyr for elegant look', 1227, 75, 't', 't', 'NOK', 't', '{"Cuticle behandling","Håndkrem og negleolje","Base coat og top coat","UV-lampe behandling","Neglelakk av høy kvalitet"}', '{"Stol med armstø","Bord eller fast overflate","Godt ventilert rom","Tilgang til strøm"}'), ('b50cd102-29cf-5eae-88fc-400d1de89af3', DEFAULT, DEFAULT, '5ac46069-d153-5b50-a0be-8a017d379243', 'Kontur makeup 2', 'Avansert konturering for skulpturerte fasader', 2449, 75, 't', 't', 'NOK', 't', '{"Profesjonelle produkter","Styling tips","Makeup konsultasjon","Fargeanalyse","Touchup produkter","Sminke fjerner"}', '{"Ren arbeidsplass","Stol med god ryggstø"}'), ('dc966564-92f1-506b-ba19-7d7bb1f740ab', DEFAULT, DEFAULT, '5fef9e7c-116a-5504-a6ae-d16f4442d448', 'Foto makeup 2', 'Makeup optimalisert for fotografering', 1185, 45, 'f', 't', 'NOK', 't', '{"Makeup konsultasjon","Touchup produkter","Styling tips","Profesjonelle produkter","Fargeanalyse","Sminke fjerner"}', '{"Non appellatin eo efaccomplur metu negant timer, vitamicur ipsum cum pericista redientiam de reiciendum."}'), ('17e51b1a-6cc8-5fb8-a298-f35c9601008c', DEFAULT, DEFAULT, '5f2c632c-1003-5d3e-94f5-6085899aa359', 'Volum vippeextensions 2', 'Fyldige volum-vipper for dramatisk effekt', 867, 180, 't', 't', 'NOK', 't', '{"Oppfølging instruksjoner","Profesjonelle produkter","Allergi test","Øyebryn forming og farge"}', '{"Ren og støvfri miljø","Rolig omgivelser"}'), ('22bf4307-d5a9-538a-bcf4-909f5a7e33dc', DEFAULT, DEFAULT, '5fef9e7c-116a-5504-a6ae-d16f4442d448', 'Festmakeup 2', 'Glamorøs makeup perfekt for fest og spesielle anledninger', 1728, 60, 't', 't', 'NOK', 't', '{"Makeup konsultasjon","Sminke fjerner","Foto-ready finish"}', '{"God naturlig belysning","Speil i full størrelse","Tilgang til vann","Stol med god ryggstø"}'), ('cce76ede-998c-52d2-903b-cbf19c7747a8', DEFAULT, DEFAULT, '5fef9e7c-116a-5504-a6ae-d16f4442d448', 'Herreklipp 2', 'Moderne herreklipp med styling. Inkluderer vask og føn.', 1532, 60, 'f', 'f', 'NOK', 't', '{"Vask og balsam","Hjemmepleieprodukter","Oppfølging etter behandling"}', '{"Natur omnesque in verum concedit, beatae tera ut qui declinabun invitam."}'), ('a880eacd-2ef3-5f96-a387-1e4129739d58', DEFAULT, DEFAULT, '5ac46069-d153-5b50-a0be-8a017d379243', 'Negleforlengelse 2', 'Forlengelse av negler for ønsket lengde', 1524, 90, 't', 't', 'NOK', 't', '{"Håndkrem og negleolje","Neglelakk av høy kvalitet","Neglefil og buffer","Cuticle behandling","UV-lampe behandling","Base coat og top coat"}', '{"Godt ventilert rom","Bord eller fast overflate","Stol med armstø","God belysning"}'), ('cc8895a3-c3b1-570a-9715-0e5f7037db58', DEFAULT, DEFAULT, '5ac46069-d153-5b50-a0be-8a017d379243', 'Brynslaminering 2', 'Laminering og forming av bryn for perfekt form', 2266, 75, 't', 't', 'NOK', 't', '{"Konsultasjon og fargetest","Aftercare produkter","Oppfølging instruksjoner","Profesjonelle produkter"}', '{"Ren og støvfri miljø","Godt belyst rom"}'), ('db7cae9b-8f33-58bd-9446-2b7e4f35612c', DEFAULT, DEFAULT, '5ac46069-d153-5b50-a0be-8a017d379243', 'Highlights 2', 'Striper som gir dimensjon og glans til håret', 1517, 150, 't', 't', 'NOK', 't', '{"Vask og balsam","Hjemmepleieprodukter","Konsultasjon og fargeråd","Klipp og styling"}', '{"Plass til arbeid (2x2 meter)","God belysning","Håndkle tilgjengelig"}'), ('bfada96a-f22b-520d-a8a5-2a69720d77cb', DEFAULT, DEFAULT, '5f2c632c-1003-5d3e-94f5-6085899aa359', 'Gellack manikyr 2', 'Holdbar gellakk manikyr som varer i uker', 1616, 90, 't', 't', 'NOK', 't', '{"Base coat og top coat","Neglefil og buffer","Neglelakk av høy kvalitet","Håndkrem og negleolje","UV-lampe behandling","Neglebånd massage"}', '{"Tilgang til strøm","Stol med armstø"}'), ('b7cfbb6f-5f3b-51a2-8f67-556f8e8bb547', DEFAULT, DEFAULT, '5f2c632c-1003-5d3e-94f5-6085899aa359', 'Brudefrisyre 2', 'Eksklusiv styling for din store dag. Prøvetime inkludert.', 1476, 90, 't', 'f', 'NOK', 't', '{"Touchup under dagen","Brudemakeup og hår","Foto dokumentasjon","Profesjonelle produkter","Brudeparti styling tilbud"}', '{"Plass til utstyr og produkter","Speil i full størrelse"}'), ('ecbea8f6-b213-57b5-811c-b7261694ffa4', DEFAULT, DEFAULT, '5fef9e7c-116a-5504-a6ae-d16f4442d448', 'Kontur makeup 2', 'Avansert konturering for skulpturerte fasader', 877, 60, 't', 't', 'NOK', 't', '{"Fargeanalyse","Foto-ready finish","Sminke fjerner","Profesjonelle produkter","Touchup produkter","Makeup konsultasjon"}', '{"Stol med god ryggstø","Ren arbeidsplass","Tilgang til vann","Speil i full størrelse"}'), ('e120ba0e-3be9-5f1c-bd06-ba190e8d0b70', DEFAULT, DEFAULT, '5f2c632c-1003-5d3e-94f5-6085899aa359', 'Brude makeup 2', 'Perfekt makeup for din store dag', 2032, 120, 't', 't', 'NOK', 'f', '{"Makeup konsultasjon","Profesjonelle produkter","Foto-ready finish","Touchup produkter"}', '{"God naturlig belysning","Stol med god ryggstø","Ren arbeidsplass"}'), ('01386236-4a58-58c4-bc9b-b62296d5b0c8', DEFAULT, DEFAULT, '5ac46069-d153-5b50-a0be-8a017d379243', 'Dameklipp 2', 'Profesjonell klipp med vask og føn. Konsultasjon inkludert.', 1827, 60, 't', 'f', 'NOK', 't', '{"Hjemmepleieprodukter","Konsultasjon og fargeråd","Føn og styling","Oppfølging etter behandling","Vask og balsam","Klipp og styling"}', '{"Stol med ryggstø","God belysning","Tilgang til vask og strøm","Plass til arbeid (2x2 meter)"}'), ('588ce9a6-824d-5ecc-ac30-0e0629217186', DEFAULT, DEFAULT, '5f2c632c-1003-5d3e-94f5-6085899aa359', 'Franske negler 2', 'Klassisk fransk manikyr for elegant look', 892, 60, 't', 't', 'NOK', 't', '{"Base coat og top coat","Cuticle behandling","Neglebånd massage","UV-lampe behandling","Neglelakk av høy kvalitet"}', '{"Godt ventilert rom","Stol med armstø","Tilgang til strøm","God belysning"}'), ('0416504c-bc7d-5f0c-ac2f-94736d68799c', DEFAULT, DEFAULT, '5fef9e7c-116a-5504-a6ae-d16f4442d448', 'Brudefrisyre 2', 'Eksklusiv styling for din store dag. Prøvetime inkludert.', 1027, 90, 't', 't', 'NOK', 't', '{"Foto dokumentasjon","Brudemakeup og hår","Styling konsultasjon","Touchup under dagen","Profesjonelle produkter"}', '{"Strømtilgang","Rolig og privat område","Mulighet for å henge kjoler"}'), ('ae095deb-f4d1-5a82-93a8-6df231b7cb4c', DEFAULT, DEFAULT, '5f2c632c-1003-5d3e-94f5-6085899aa359', 'Highlights 2', 'Striper som gir dimensjon og glans til håret', 899, 150, 't', 't', 'NOK', 't', '{"Vask og balsam","Profesjonelle produkter","Konsultasjon og fargeråd","Klipp og styling"}', '{"Tilgang til vask og strøm","Håndkle tilgjengelig"}'), ('b341b4e7-48c7-52a0-b31a-cfc76698083a', DEFAULT, DEFAULT, '5f2c632c-1003-5d3e-94f5-6085899aa359', 'Brynslaminering 2', 'Laminering og forming av bryn for perfekt form', 2915, 60, 't', 'f', 'NOK', 't', '{"Aftercare produkter","Profesjonelle produkter","Øyebryn forming og farge","Konsultasjon og fargetest","Oppfølging instruksjoner"}', '{"Ren og støvfri miljø","Komfortabel liggestol/seng","Godt belyst rom","Tilgang til strøm"}');
INSERT INTO public.service_service_categories (service_id,category_id) VALUES ('76182b33-2b88-55da-9317-c322cfc4cdb2', '774d6a93-1a7a-59f0-b70f-9b0cccb98376'), ('f66c822d-c39b-5997-9fdd-1cc2906b1259', '774d6a93-1a7a-59f0-b70f-9b0cccb98376'), ('7c724ddb-a436-508b-954f-ea531f015c8e', '774d6a93-1a7a-59f0-b70f-9b0cccb98376'), ('ee28eb0b-265a-5f31-962b-baeb03171f3b', '774d6a93-1a7a-59f0-b70f-9b0cccb98376'), ('bdd1b363-ac2b-5678-88e3-3a63f4b658f4', '774d6a93-1a7a-59f0-b70f-9b0cccb98376'), ('e00070ec-a32f-50ad-9dca-90b08b918d33', '774d6a93-1a7a-59f0-b70f-9b0cccb98376'), ('14988abd-97c9-5f3a-be9a-59d5637d4463', '774d6a93-1a7a-59f0-b70f-9b0cccb98376'), ('5d426f4d-43a7-5476-969b-4ca4336173ad', '774d6a93-1a7a-59f0-b70f-9b0cccb98376'), ('8379c4b0-1c06-5d40-b0fc-56513422c1d8', '40613055-bb54-561d-9553-1fee5ba0e651'), ('c970b6e4-e959-5586-9093-3c50e0f7ab60', '40613055-bb54-561d-9553-1fee5ba0e651'), ('f67b1d42-e134-5c10-baf6-9357f4083f61', '40613055-bb54-561d-9553-1fee5ba0e651'), ('1c3cb731-ed59-5c03-891d-dd445c49271e', '40613055-bb54-561d-9553-1fee5ba0e651'), ('a84c07d7-9cad-533f-b8cf-1e50727560c4', '40613055-bb54-561d-9553-1fee5ba0e651'), ('f105e82d-4f15-5b10-b687-21bb390972df', '40613055-bb54-561d-9553-1fee5ba0e651'), ('d7664d95-3caa-5e9b-ac21-e5f97a492422', '40613055-bb54-561d-9553-1fee5ba0e651'), ('a1a04c06-3a8f-58fb-a6ac-fd4aa9f23a92', 'a1b8b547-cac9-5eef-87c4-eb2759d940ae'), ('e0c122d0-a1c6-57e5-8e5a-a275d77d69a9', 'a1b8b547-cac9-5eef-87c4-eb2759d940ae'), ('87cfc1e8-8252-5821-8c8f-8b6a31cb5156', 'a1b8b547-cac9-5eef-87c4-eb2759d940ae'), ('b0111ba7-5a98-5907-ba27-3f45196d3977', 'a1b8b547-cac9-5eef-87c4-eb2759d940ae'), ('2a66a173-5e57-53c4-a2e0-3d491704e63c', 'a1b8b547-cac9-5eef-87c4-eb2759d940ae'), ('17174d2b-fa53-516c-9c8f-328d1c1d0a8c', 'a1b8b547-cac9-5eef-87c4-eb2759d940ae'), ('753f481f-9fee-53c1-bef0-6fc0bcf78933', '079569b3-a55d-55e1-975d-b26972bc6ec6'), ('6988ab5f-f1cf-533e-9e10-6250fa03d64e', '079569b3-a55d-55e1-975d-b26972bc6ec6'), ('5e167626-1d66-5123-9111-b3d1d294a57b', '079569b3-a55d-55e1-975d-b26972bc6ec6'), ('223d99f1-5c50-536e-b2f1-21ff103a026e', '079569b3-a55d-55e1-975d-b26972bc6ec6'), ('85540e24-0e5a-5ffc-97e6-90b2875c357c', '079569b3-a55d-55e1-975d-b26972bc6ec6'), ('2a882c6e-7824-5518-b251-1cc3d7bf2bcd', '079569b3-a55d-55e1-975d-b26972bc6ec6'), ('e7cf44d6-9f4a-5776-853b-a7a4072a5d45', '079569b3-a55d-55e1-975d-b26972bc6ec6'), ('b7d36b38-fe23-5e84-a721-275f656c2211', '48d376e0-21ce-5ed7-b7bc-26086c834c23'), ('e2a5feea-e90d-5eb7-9c72-fef6ba325faf', '48d376e0-21ce-5ed7-b7bc-26086c834c23'), ('aa0cf64c-2fee-545b-8b01-85b1642cc444', '48d376e0-21ce-5ed7-b7bc-26086c834c23'), ('e45210c4-5037-5acd-828e-6a2c7da9a3db', '48d376e0-21ce-5ed7-b7bc-26086c834c23'), ('6a4cd26c-3e74-5e66-8c9d-0a43c0d89298', '48d376e0-21ce-5ed7-b7bc-26086c834c23'), ('624647d9-add1-5d7f-8000-30a3a9f0fb30', '774d6a93-1a7a-59f0-b70f-9b0cccb98376'), ('afd953ad-7147-5563-9533-021001caf7a2', '774d6a93-1a7a-59f0-b70f-9b0cccb98376'), ('14178b43-5f90-51e4-b62a-dd642da598f8', '774d6a93-1a7a-59f0-b70f-9b0cccb98376'), ('1d2359fd-6f1f-5243-864d-5695b37743eb', '774d6a93-1a7a-59f0-b70f-9b0cccb98376'), ('2a5d49d3-142c-57e5-9270-678f4722bb75', '774d6a93-1a7a-59f0-b70f-9b0cccb98376'), ('b50cd102-29cf-5eae-88fc-400d1de89af3', '774d6a93-1a7a-59f0-b70f-9b0cccb98376'), ('dc966564-92f1-506b-ba19-7d7bb1f740ab', '774d6a93-1a7a-59f0-b70f-9b0cccb98376'), ('17e51b1a-6cc8-5fb8-a298-f35c9601008c', '774d6a93-1a7a-59f0-b70f-9b0cccb98376'), ('22bf4307-d5a9-538a-bcf4-909f5a7e33dc', '40613055-bb54-561d-9553-1fee5ba0e651'), ('cce76ede-998c-52d2-903b-cbf19c7747a8', '40613055-bb54-561d-9553-1fee5ba0e651'), ('a880eacd-2ef3-5f96-a387-1e4129739d58', '40613055-bb54-561d-9553-1fee5ba0e651'), ('cc8895a3-c3b1-570a-9715-0e5f7037db58', '40613055-bb54-561d-9553-1fee5ba0e651'), ('db7cae9b-8f33-58bd-9446-2b7e4f35612c', '40613055-bb54-561d-9553-1fee5ba0e651'), ('bfada96a-f22b-520d-a8a5-2a69720d77cb', '40613055-bb54-561d-9553-1fee5ba0e651'), ('b7cfbb6f-5f3b-51a2-8f67-556f8e8bb547', '40613055-bb54-561d-9553-1fee5ba0e651'), ('ecbea8f6-b213-57b5-811c-b7261694ffa4', 'a1b8b547-cac9-5eef-87c4-eb2759d940ae'), ('e120ba0e-3be9-5f1c-bd06-ba190e8d0b70', 'a1b8b547-cac9-5eef-87c4-eb2759d940ae'), ('01386236-4a58-58c4-bc9b-b62296d5b0c8', 'a1b8b547-cac9-5eef-87c4-eb2759d940ae'), ('588ce9a6-824d-5ecc-ac30-0e0629217186', 'a1b8b547-cac9-5eef-87c4-eb2759d940ae'), ('0416504c-bc7d-5f0c-ac2f-94736d68799c', 'a1b8b547-cac9-5eef-87c4-eb2759d940ae'), ('ae095deb-f4d1-5a82-93a8-6df231b7cb4c', 'a1b8b547-cac9-5eef-87c4-eb2759d940ae'), ('b341b4e7-48c7-52a0-b31a-cfc76698083a', '079569b3-a55d-55e1-975d-b26972bc6ec6');
-- Creating service images from curated collection...
-- Using 3 curated images for service: Hårbehandling
INSERT INTO public.media (id,created_at,file_path,media_type,chat_message_id,service_id,owner_id,application_id,review_id,is_preview_image,booking_note_id) VALUES ('2b49f0ee-86ee-5ea5-97c6-b897cffb33f8', DEFAULT, 'https://images.unsplash.com/photo-1522337360788-8b13dee7a37e?w=800', 'service_image', NULL, NULL, NULL, NULL, NULL, 't', NULL), ('941cda05-eb1e-5e38-b1b0-9b1314950967', DEFAULT, 'https://images.unsplash.com/photo-1559599101-f09722fb4948?w=800', 'service_image', NULL, NULL, NULL, NULL, NULL, 'f', NULL), ('940186be-387e-582d-bd1a-e0130ab817a9', DEFAULT, 'https://images.unsplash.com/photo-1562322140-8baeececf3df?w=800', 'service_image', NULL, NULL, NULL, NULL, NULL, 'f', NULL);
UPDATE public.media SET service_id = '76182b33-2b88-55da-9317-c322cfc4cdb2' WHERE id = '2b49f0ee-86ee-5ea5-97c6-b897cffb33f8';
UPDATE public.media SET service_id = '76182b33-2b88-55da-9317-c322cfc4cdb2' WHERE id = '941cda05-eb1e-5e38-b1b0-9b1314950967';
UPDATE public.media SET service_id = '76182b33-2b88-55da-9317-c322cfc4cdb2' WHERE id = '940186be-387e-582d-bd1a-e0130ab817a9';
-- Using 3 curated images for service: Volum vippeextensions
INSERT INTO public.media (id,created_at,file_path,media_type,chat_message_id,service_id,owner_id,application_id,review_id,is_preview_image,booking_note_id) VALUES ('e7420df7-72cd-5631-91f4-07af63418217', DEFAULT, 'https://images.unsplash.com/photo-1522337360788-8b13dee7a37e?w=800', 'service_image', NULL, NULL, NULL, NULL, NULL, 't', NULL), ('c7a8b41d-e9f1-58f9-987b-09be2b2b10c4', DEFAULT, 'https://images.unsplash.com/photo-1559599101-f09722fb4948?w=800', 'service_image', NULL, NULL, NULL, NULL, NULL, 'f', NULL), ('5c635e2a-0176-5455-85de-1b5391e4beb5', DEFAULT, 'https://images.unsplash.com/photo-1522337360788-8b13dee7a37e?w=800', 'service_image', NULL, NULL, NULL, NULL, NULL, 'f', NULL);
UPDATE public.media SET service_id = 'f66c822d-c39b-5997-9fdd-1cc2906b1259' WHERE id = 'e7420df7-72cd-5631-91f4-07af63418217';
UPDATE public.media SET service_id = 'f66c822d-c39b-5997-9fdd-1cc2906b1259' WHERE id = 'c7a8b41d-e9f1-58f9-987b-09be2b2b10c4';
UPDATE public.media SET service_id = 'f66c822d-c39b-5997-9fdd-1cc2906b1259' WHERE id = '5c635e2a-0176-5455-85de-1b5391e4beb5';
-- Using 4 curated images for service: Gellack med design
INSERT INTO public.media (id,created_at,file_path,media_type,chat_message_id,service_id,owner_id,application_id,review_id,is_preview_image,booking_note_id) VALUES ('e185f00a-8a69-5b66-8409-34e4d434040e', DEFAULT, 'https://images.unsplash.com/photo-1559599101-f09722fb4948?w=800', 'service_image', NULL, NULL, NULL, NULL, NULL, 't', NULL), ('45d459bb-2ceb-5de7-8a3b-0469d8b39062', DEFAULT, 'https://images.unsplash.com/photo-1605497788044-5a32c7078486?w=800', 'service_image', NULL, NULL, NULL, NULL, NULL, 'f', NULL), ('ced02d95-879e-50d0-939e-c9f150052eea', DEFAULT, 'https://images.unsplash.com/photo-1562322140-8baeececf3df?w=800', 'service_image', NULL, NULL, NULL, NULL, NULL, 'f', NULL), ('b50e95a6-d600-5fed-902c-f829d4fd2846', DEFAULT, 'https://images.unsplash.com/photo-1559599101-f09722fb4948?w=800', 'service_image', NULL, NULL, NULL, NULL, NULL, 'f', NULL);
UPDATE public.media SET service_id = '7c724ddb-a436-508b-954f-ea531f015c8e' WHERE id = 'e185f00a-8a69-5b66-8409-34e4d434040e';
UPDATE public.media SET service_id = '7c724ddb-a436-508b-954f-ea531f015c8e' WHERE id = '45d459bb-2ceb-5de7-8a3b-0469d8b39062';
UPDATE public.media SET service_id = '7c724ddb-a436-508b-954f-ea531f015c8e' WHERE id = 'ced02d95-879e-50d0-939e-c9f150052eea';
UPDATE public.media SET service_id = '7c724ddb-a436-508b-954f-ea531f015c8e' WHERE id = 'b50e95a6-d600-5fed-902c-f829d4fd2846';
-- Using 3 curated images for service: Balayage farge
INSERT INTO public.media (id,created_at,file_path,media_type,chat_message_id,service_id,owner_id,application_id,review_id,is_preview_image,booking_note_id) VALUES ('76a443cb-68e6-559d-8737-b3b7550f13c5', DEFAULT, 'https://images.unsplash.com/photo-1521590832167-7bcbfaa6381f?w=800', 'service_image', NULL, NULL, NULL, NULL, NULL, 't', NULL), ('43076191-7c50-558e-94ad-1fac6c984b27', DEFAULT, 'https://images.unsplash.com/photo-1522337360788-8b13dee7a37e?w=800', 'service_image', NULL, NULL, NULL, NULL, NULL, 'f', NULL), ('faaa8871-a409-532a-bff4-b23796fd4217', DEFAULT, 'https://images.unsplash.com/photo-1605497788044-5a32c7078486?w=800', 'service_image', NULL, NULL, NULL, NULL, NULL, 'f', NULL);
UPDATE public.media SET service_id = 'ee28eb0b-265a-5f31-962b-baeb03171f3b' WHERE id = '76a443cb-68e6-559d-8737-b3b7550f13c5';
UPDATE public.media SET service_id = 'ee28eb0b-265a-5f31-962b-baeb03171f3b' WHERE id = '43076191-7c50-558e-94ad-1fac6c984b27';
UPDATE public.media SET service_id = 'ee28eb0b-265a-5f31-962b-baeb03171f3b' WHERE id = 'faaa8871-a409-532a-bff4-b23796fd4217';
-- Using 5 curated images for service: Brudemakeup komplett
INSERT INTO public.media (id,created_at,file_path,media_type,chat_message_id,service_id,owner_id,application_id,review_id,is_preview_image,booking_note_id) VALUES ('51181366-c41a-5487-b5cf-bee1fa424d4d', DEFAULT, 'https://images.unsplash.com/photo-1605497788044-5a32c7078486?w=800', 'service_image', NULL, NULL, NULL, NULL, NULL, 't', NULL), ('fb539382-3288-5ced-a6bc-5b8a74914f5b', DEFAULT, 'https://images.unsplash.com/photo-1521590832167-7bcbfaa6381f?w=800', 'service_image', NULL, NULL, NULL, NULL, NULL, 'f', NULL), ('a5ed95e8-76e3-5e19-a131-98e1f38f690f', DEFAULT, 'https://images.unsplash.com/photo-1562322140-8baeececf3df?w=800', 'service_image', NULL, NULL, NULL, NULL, NULL, 'f', NULL), ('a70814db-3844-5f5c-9a12-44a154c3ac3b', DEFAULT, 'https://images.unsplash.com/photo-1562322140-8baeececf3df?w=800', 'service_image', NULL, NULL, NULL, NULL, NULL, 'f', NULL), ('045d1e2b-bc13-5081-add4-dc6328a7928c', DEFAULT, 'https://images.unsplash.com/photo-1562322140-8baeececf3df?w=800', 'service_image', NULL, NULL, NULL, NULL, NULL, 'f', NULL);
UPDATE public.media SET service_id = 'bdd1b363-ac2b-5678-88e3-3a63f4b658f4' WHERE id = '51181366-c41a-5487-b5cf-bee1fa424d4d';
UPDATE public.media SET service_id = 'bdd1b363-ac2b-5678-88e3-3a63f4b658f4' WHERE id = 'fb539382-3288-5ced-a6bc-5b8a74914f5b';
UPDATE public.media SET service_id = 'bdd1b363-ac2b-5678-88e3-3a63f4b658f4' WHERE id = 'a5ed95e8-76e3-5e19-a131-98e1f38f690f';
UPDATE public.media SET service_id = 'bdd1b363-ac2b-5678-88e3-3a63f4b658f4' WHERE id = 'a70814db-3844-5f5c-9a12-44a154c3ac3b';
UPDATE public.media SET service_id = 'bdd1b363-ac2b-5678-88e3-3a63f4b658f4' WHERE id = '045d1e2b-bc13-5081-add4-dc6328a7928c';
-- Using 4 curated images for service: Føn og styling
INSERT INTO public.media (id,created_at,file_path,media_type,chat_message_id,service_id,owner_id,application_id,review_id,is_preview_image,booking_note_id) VALUES ('1403c786-1cca-5730-ad09-4ca84f8009a7', DEFAULT, 'https://images.unsplash.com/photo-1559599101-f09722fb4948?w=800', 'service_image', NULL, NULL, NULL, NULL, NULL, 't', NULL), ('3dc8ed63-2039-5445-afb6-f708ee348cc5', DEFAULT, 'https://images.unsplash.com/photo-1522337360788-8b13dee7a37e?w=800', 'service_image', NULL, NULL, NULL, NULL, NULL, 'f', NULL), ('8984a87b-4cd3-596b-b69c-37b5694b3403', DEFAULT, 'https://images.unsplash.com/photo-1605497788044-5a32c7078486?w=800', 'service_image', NULL, NULL, NULL, NULL, NULL, 'f', NULL), ('7e07ab2e-7acf-59e8-8552-4cd78176b679', DEFAULT, 'https://images.unsplash.com/photo-1521590832167-7bcbfaa6381f?w=800', 'service_image', NULL, NULL, NULL, NULL, NULL, 'f', NULL);
UPDATE public.media SET service_id = 'e00070ec-a32f-50ad-9dca-90b08b918d33' WHERE id = '1403c786-1cca-5730-ad09-4ca84f8009a7';
UPDATE public.media SET service_id = 'e00070ec-a32f-50ad-9dca-90b08b918d33' WHERE id = '3dc8ed63-2039-5445-afb6-f708ee348cc5';
UPDATE public.media SET service_id = 'e00070ec-a32f-50ad-9dca-90b08b918d33' WHERE id = '8984a87b-4cd3-596b-b69c-37b5694b3403';
UPDATE public.media SET service_id = 'e00070ec-a32f-50ad-9dca-90b08b918d33' WHERE id = '7e07ab2e-7acf-59e8-8552-4cd78176b679';
-- Using 4 curated images for service: Kontur makeup
INSERT INTO public.media (id,created_at,file_path,media_type,chat_message_id,service_id,owner_id,application_id,review_id,is_preview_image,booking_note_id) VALUES ('9a50abe0-0544-5bc7-89f6-ea2c42ab02e2', DEFAULT, 'https://images.unsplash.com/photo-1521590832167-7bcbfaa6381f?w=800', 'service_image', NULL, NULL, NULL, NULL, NULL, 't', NULL), ('36eb2a99-e8ea-5e4a-83e8-1b7c286df1da', DEFAULT, 'https://images.unsplash.com/photo-1559599101-f09722fb4948?w=800', 'service_image', NULL, NULL, NULL, NULL, NULL, 'f', NULL), ('6b9ff7f8-6dbc-5c69-85ed-960489faa13b', DEFAULT, 'https://images.unsplash.com/photo-1522337360788-8b13dee7a37e?w=800', 'service_image', NULL, NULL, NULL, NULL, NULL, 'f', NULL), ('6ce02c0d-67ca-53d1-a72c-40617383b4be', DEFAULT, 'https://images.unsplash.com/photo-1605497788044-5a32c7078486?w=800', 'service_image', NULL, NULL, NULL, NULL, NULL, 'f', NULL);
UPDATE public.media SET service_id = '14988abd-97c9-5f3a-be9a-59d5637d4463' WHERE id = '9a50abe0-0544-5bc7-89f6-ea2c42ab02e2';
UPDATE public.media SET service_id = '14988abd-97c9-5f3a-be9a-59d5637d4463' WHERE id = '36eb2a99-e8ea-5e4a-83e8-1b7c286df1da';
UPDATE public.media SET service_id = '14988abd-97c9-5f3a-be9a-59d5637d4463' WHERE id = '6b9ff7f8-6dbc-5c69-85ed-960489faa13b';
UPDATE public.media SET service_id = '14988abd-97c9-5f3a-be9a-59d5637d4463' WHERE id = '6ce02c0d-67ca-53d1-a72c-40617383b4be';
-- Using 3 curated images for service: Bryllupsgjester styling
INSERT INTO public.media (id,created_at,file_path,media_type,chat_message_id,service_id,owner_id,application_id,review_id,is_preview_image,booking_note_id) VALUES ('eb2331f0-5195-5fbf-a4c6-9142a09db712', DEFAULT, 'https://images.unsplash.com/photo-1559599101-f09722fb4948?w=800', 'service_image', NULL, NULL, NULL, NULL, NULL, 't', NULL), ('1c725711-4729-540c-aab2-92a536855aba', DEFAULT, 'https://images.unsplash.com/photo-1522337360788-8b13dee7a37e?w=800', 'service_image', NULL, NULL, NULL, NULL, NULL, 'f', NULL), ('f6e216f5-fdb1-57dc-abe0-0f83a06d7db1', DEFAULT, 'https://images.unsplash.com/photo-1559599101-f09722fb4948?w=800', 'service_image', NULL, NULL, NULL, NULL, NULL, 'f', NULL);
UPDATE public.media SET service_id = '5d426f4d-43a7-5476-969b-4ca4336173ad' WHERE id = 'eb2331f0-5195-5fbf-a4c6-9142a09db712';
UPDATE public.media SET service_id = '5d426f4d-43a7-5476-969b-4ca4336173ad' WHERE id = '1c725711-4729-540c-aab2-92a536855aba';
UPDATE public.media SET service_id = '5d426f4d-43a7-5476-969b-4ca4336173ad' WHERE id = 'f6e216f5-fdb1-57dc-abe0-0f83a06d7db1';
-- Using 5 curated images for service: Volum vippeextensions
INSERT INTO public.media (id,created_at,file_path,media_type,chat_message_id,service_id,owner_id,application_id,review_id,is_preview_image,booking_note_id) VALUES ('54034612-39d2-5c54-80a1-aae856af370f', DEFAULT, 'https://images.unsplash.com/photo-1607779097040-26e80aa78e66?w=800', 'service_image', NULL, NULL, NULL, NULL, NULL, 't', NULL), ('418e33b1-b892-5aa7-b783-99814e5a2594', DEFAULT, 'https://images.unsplash.com/photo-1563401289-e8010d13da76?w=800', 'service_image', NULL, NULL, NULL, NULL, NULL, 'f', NULL), ('1c597dc6-0f26-5c61-9804-984288b07377', DEFAULT, 'https://images.unsplash.com/photo-1563401289-e8010d13da76?w=800', 'service_image', NULL, NULL, NULL, NULL, NULL, 'f', NULL), ('bd6acb14-e599-50a6-adaa-e840d243c20d', DEFAULT, 'https://images.unsplash.com/photo-1563401289-e8010d13da76?w=800', 'service_image', NULL, NULL, NULL, NULL, NULL, 'f', NULL), ('e2b99b6c-3b65-58ee-8bcc-62e1ea56d8c9', DEFAULT, 'https://images.unsplash.com/photo-1595476108010-b4d1f102b1b1?w=800', 'service_image', NULL, NULL, NULL, NULL, NULL, 'f', NULL);
UPDATE public.media SET service_id = '8379c4b0-1c06-5d40-b0fc-56513422c1d8' WHERE id = '54034612-39d2-5c54-80a1-aae856af370f';
UPDATE public.media SET service_id = '8379c4b0-1c06-5d40-b0fc-56513422c1d8' WHERE id = '418e33b1-b892-5aa7-b783-99814e5a2594';
UPDATE public.media SET service_id = '8379c4b0-1c06-5d40-b0fc-56513422c1d8' WHERE id = '1c597dc6-0f26-5c61-9804-984288b07377';
UPDATE public.media SET service_id = '8379c4b0-1c06-5d40-b0fc-56513422c1d8' WHERE id = 'bd6acb14-e599-50a6-adaa-e840d243c20d';
UPDATE public.media SET service_id = '8379c4b0-1c06-5d40-b0fc-56513422c1d8' WHERE id = 'e2b99b6c-3b65-58ee-8bcc-62e1ea56d8c9';
-- Using 3 curated images for service: Franske negler
INSERT INTO public.media (id,created_at,file_path,media_type,chat_message_id,service_id,owner_id,application_id,review_id,is_preview_image,booking_note_id) VALUES ('a8179fa4-4beb-5a78-a029-4b299886157e', DEFAULT, 'https://images.unsplash.com/photo-1604654894610-df63bc536371?w=800', 'service_image', NULL, NULL, NULL, NULL, NULL, 't', NULL), ('22c0f0c6-46ef-5546-8dda-28eb2cdfc313', DEFAULT, 'https://images.unsplash.com/photo-1595476108010-b4d1f102b1b1?w=800', 'service_image', NULL, NULL, NULL, NULL, NULL, 'f', NULL), ('f0c9812d-7a14-5e19-b700-ab332a72e2ba', DEFAULT, 'https://images.unsplash.com/photo-1604654894610-df63bc536371?w=800', 'service_image', NULL, NULL, NULL, NULL, NULL, 'f', NULL);
UPDATE public.media SET service_id = 'c970b6e4-e959-5586-9093-3c50e0f7ab60' WHERE id = 'a8179fa4-4beb-5a78-a029-4b299886157e';
UPDATE public.media SET service_id = 'c970b6e4-e959-5586-9093-3c50e0f7ab60' WHERE id = '22c0f0c6-46ef-5546-8dda-28eb2cdfc313';
UPDATE public.media SET service_id = 'c970b6e4-e959-5586-9093-3c50e0f7ab60' WHERE id = 'f0c9812d-7a14-5e19-b700-ab332a72e2ba';
-- Using 5 curated images for service: Franske negler
INSERT INTO public.media (id,created_at,file_path,media_type,chat_message_id,service_id,owner_id,application_id,review_id,is_preview_image,booking_note_id) VALUES ('07a88fdb-b10e-5acf-8c1f-7eaa0162a7a4', DEFAULT, 'https://images.unsplash.com/photo-1607779097040-26e80aa78e66?w=800', 'service_image', NULL, NULL, NULL, NULL, NULL, 't', NULL), ('f872c622-ad7b-505d-948b-a699d5935086', DEFAULT, 'https://images.unsplash.com/photo-1604654894610-df63bc536371?w=800', 'service_image', NULL, NULL, NULL, NULL, NULL, 'f', NULL), ('928e9bc4-bd3e-5993-b810-e2e51b2112bd', DEFAULT, 'https://images.unsplash.com/photo-1607779097040-26e80aa78e66?w=800', 'service_image', NULL, NULL, NULL, NULL, NULL, 'f', NULL), ('b7548f1f-3340-5b56-a99b-005083075883', DEFAULT, 'https://images.unsplash.com/photo-1604654894610-df63bc536371?w=800', 'service_image', NULL, NULL, NULL, NULL, NULL, 'f', NULL), ('858d8632-b1c0-5770-af34-800949515b22', DEFAULT, 'https://images.unsplash.com/photo-1610992015732-2449b76344bc?w=800', 'service_image', NULL, NULL, NULL, NULL, NULL, 'f', NULL);
UPDATE public.media SET service_id = 'f67b1d42-e134-5c10-baf6-9357f4083f61' WHERE id = '07a88fdb-b10e-5acf-8c1f-7eaa0162a7a4';
UPDATE public.media SET service_id = 'f67b1d42-e134-5c10-baf6-9357f4083f61' WHERE id = 'f872c622-ad7b-505d-948b-a699d5935086';
UPDATE public.media SET service_id = 'f67b1d42-e134-5c10-baf6-9357f4083f61' WHERE id = '928e9bc4-bd3e-5993-b810-e2e51b2112bd';
UPDATE public.media SET service_id = 'f67b1d42-e134-5c10-baf6-9357f4083f61' WHERE id = 'b7548f1f-3340-5b56-a99b-005083075883';
UPDATE public.media SET service_id = 'f67b1d42-e134-5c10-baf6-9357f4083f61' WHERE id = '858d8632-b1c0-5770-af34-800949515b22';
-- Using 5 curated images for service: Negleforlengelse
INSERT INTO public.media (id,created_at,file_path,media_type,chat_message_id,service_id,owner_id,application_id,review_id,is_preview_image,booking_note_id) VALUES ('4510e6d0-64b7-50c6-ab71-0fb0eac18e58', DEFAULT, 'https://images.unsplash.com/photo-1610992015732-2449b76344bc?w=800', 'service_image', NULL, NULL, NULL, NULL, NULL, 't', NULL), ('0441e3e8-22f0-5657-9f4c-7e32988ef1ce', DEFAULT, 'https://images.unsplash.com/photo-1604654894610-df63bc536371?w=800', 'service_image', NULL, NULL, NULL, NULL, NULL, 'f', NULL), ('16f944a3-60ab-536d-b7af-15e2d9072460', DEFAULT, 'https://images.unsplash.com/photo-1607779097040-26e80aa78e66?w=800', 'service_image', NULL, NULL, NULL, NULL, NULL, 'f', NULL), ('a0b8b747-2a17-54cd-9e2c-0deee83a522e', DEFAULT, 'https://images.unsplash.com/photo-1610992015732-2449b76344bc?w=800', 'service_image', NULL, NULL, NULL, NULL, NULL, 'f', NULL), ('5bb82c34-5449-5a9a-bc9a-6af55402c7b7', DEFAULT, 'https://images.unsplash.com/photo-1610992015732-2449b76344bc?w=800', 'service_image', NULL, NULL, NULL, NULL, NULL, 'f', NULL);
UPDATE public.media SET service_id = '1c3cb731-ed59-5c03-891d-dd445c49271e' WHERE id = '4510e6d0-64b7-50c6-ab71-0fb0eac18e58';
UPDATE public.media SET service_id = '1c3cb731-ed59-5c03-891d-dd445c49271e' WHERE id = '0441e3e8-22f0-5657-9f4c-7e32988ef1ce';
UPDATE public.media SET service_id = '1c3cb731-ed59-5c03-891d-dd445c49271e' WHERE id = '16f944a3-60ab-536d-b7af-15e2d9072460';
UPDATE public.media SET service_id = '1c3cb731-ed59-5c03-891d-dd445c49271e' WHERE id = 'a0b8b747-2a17-54cd-9e2c-0deee83a522e';
UPDATE public.media SET service_id = '1c3cb731-ed59-5c03-891d-dd445c49271e' WHERE id = '5bb82c34-5449-5a9a-bc9a-6af55402c7b7';
-- Using 3 curated images for service: Akryl negler
INSERT INTO public.media (id,created_at,file_path,media_type,chat_message_id,service_id,owner_id,application_id,review_id,is_preview_image,booking_note_id) VALUES ('d8f5b956-cddd-568f-84a7-96fa86199c1f', DEFAULT, 'https://images.unsplash.com/photo-1595476108010-b4d1f102b1b1?w=800', 'service_image', NULL, NULL, NULL, NULL, NULL, 't', NULL), ('b891610d-ca02-513f-8bd7-24dcc40c50e1', DEFAULT, 'https://images.unsplash.com/photo-1595476108010-b4d1f102b1b1?w=800', 'service_image', NULL, NULL, NULL, NULL, NULL, 'f', NULL), ('755a428d-fb8d-5c8d-b5a0-a8487071b790', DEFAULT, 'https://images.unsplash.com/photo-1595476108010-b4d1f102b1b1?w=800', 'service_image', NULL, NULL, NULL, NULL, NULL, 'f', NULL);
UPDATE public.media SET service_id = 'a84c07d7-9cad-533f-b8cf-1e50727560c4' WHERE id = 'd8f5b956-cddd-568f-84a7-96fa86199c1f';
UPDATE public.media SET service_id = 'a84c07d7-9cad-533f-b8cf-1e50727560c4' WHERE id = 'b891610d-ca02-513f-8bd7-24dcc40c50e1';
UPDATE public.media SET service_id = 'a84c07d7-9cad-533f-b8cf-1e50727560c4' WHERE id = '755a428d-fb8d-5c8d-b5a0-a8487071b790';
-- Using 3 curated images for service: Negleforlengelse
INSERT INTO public.media (id,created_at,file_path,media_type,chat_message_id,service_id,owner_id,application_id,review_id,is_preview_image,booking_note_id) VALUES ('3040c7a2-9246-5f26-9869-8cee76854452', DEFAULT, 'https://images.unsplash.com/photo-1610992015732-2449b76344bc?w=800', 'service_image', NULL, NULL, NULL, NULL, NULL, 't', NULL), ('6cb7fa29-18da-5958-9cfc-e049c3cecaa4', DEFAULT, 'https://images.unsplash.com/photo-1610992015732-2449b76344bc?w=800', 'service_image', NULL, NULL, NULL, NULL, NULL, 'f', NULL), ('ffa3bacf-c6f2-5f5b-81c0-0d18963eeb33', DEFAULT, 'https://images.unsplash.com/photo-1563401289-e8010d13da76?w=800', 'service_image', NULL, NULL, NULL, NULL, NULL, 'f', NULL);
UPDATE public.media SET service_id = 'f105e82d-4f15-5b10-b687-21bb390972df' WHERE id = '3040c7a2-9246-5f26-9869-8cee76854452';
UPDATE public.media SET service_id = 'f105e82d-4f15-5b10-b687-21bb390972df' WHERE id = '6cb7fa29-18da-5958-9cfc-e049c3cecaa4';
UPDATE public.media SET service_id = 'f105e82d-4f15-5b10-b687-21bb390972df' WHERE id = 'ffa3bacf-c6f2-5f5b-81c0-0d18963eeb33';
-- Using 3 curated images for service: Brynsfarge
INSERT INTO public.media (id,created_at,file_path,media_type,chat_message_id,service_id,owner_id,application_id,review_id,is_preview_image,booking_note_id) VALUES ('3b3d481b-778b-58f7-beff-dce94243937e', DEFAULT, 'https://images.unsplash.com/photo-1607779097040-26e80aa78e66?w=800', 'service_image', NULL, NULL, NULL, NULL, NULL, 't', NULL), ('c7569017-8e72-587a-ac8a-2228120e7724', DEFAULT, 'https://images.unsplash.com/photo-1604654894610-df63bc536371?w=800', 'service_image', NULL, NULL, NULL, NULL, NULL, 'f', NULL), ('dc111049-b2fd-5e96-b0fe-8c9ff7b52219', DEFAULT, 'https://images.unsplash.com/photo-1610992015732-2449b76344bc?w=800', 'service_image', NULL, NULL, NULL, NULL, NULL, 'f', NULL);
UPDATE public.media SET service_id = 'd7664d95-3caa-5e9b-ac21-e5f97a492422' WHERE id = '3b3d481b-778b-58f7-beff-dce94243937e';
UPDATE public.media SET service_id = 'd7664d95-3caa-5e9b-ac21-e5f97a492422' WHERE id = 'c7569017-8e72-587a-ac8a-2228120e7724';
UPDATE public.media SET service_id = 'd7664d95-3caa-5e9b-ac21-e5f97a492422' WHERE id = 'dc111049-b2fd-5e96-b0fe-8c9ff7b52219';
-- Using 4 curated images for service: Brudefrisyre
INSERT INTO public.media (id,created_at,file_path,media_type,chat_message_id,service_id,owner_id,application_id,review_id,is_preview_image,booking_note_id) VALUES ('0015d6d0-a710-544e-a1d9-7aed3af1e8b9', DEFAULT, 'https://images.unsplash.com/photo-1522338140262-f46f5913618c?w=800', 'service_image', NULL, NULL, NULL, NULL, NULL, 't', NULL), ('4e2421de-d7c1-5fea-b629-80c5c0d53535', DEFAULT, 'https://images.unsplash.com/photo-1522338140262-f46f5913618c?w=800', 'service_image', NULL, NULL, NULL, NULL, NULL, 'f', NULL), ('cf1616d0-5961-5425-90c0-b827043bf6dc', DEFAULT, 'https://images.unsplash.com/photo-1512496015851-a90fb38ba796?w=800', 'service_image', NULL, NULL, NULL, NULL, NULL, 'f', NULL), ('5cb77652-3a8e-55fb-9a16-09b7e379de70', DEFAULT, 'https://images.unsplash.com/photo-1583001931096-959e9a1a6223?w=800', 'service_image', NULL, NULL, NULL, NULL, NULL, 'f', NULL);
UPDATE public.media SET service_id = 'a1a04c06-3a8f-58fb-a6ac-fd4aa9f23a92' WHERE id = '0015d6d0-a710-544e-a1d9-7aed3af1e8b9';
UPDATE public.media SET service_id = 'a1a04c06-3a8f-58fb-a6ac-fd4aa9f23a92' WHERE id = '4e2421de-d7c1-5fea-b629-80c5c0d53535';
UPDATE public.media SET service_id = 'a1a04c06-3a8f-58fb-a6ac-fd4aa9f23a92' WHERE id = 'cf1616d0-5961-5425-90c0-b827043bf6dc';
UPDATE public.media SET service_id = 'a1a04c06-3a8f-58fb-a6ac-fd4aa9f23a92' WHERE id = '5cb77652-3a8e-55fb-9a16-09b7e379de70';
-- Using 3 curated images for service: Volum vippeextensions
INSERT INTO public.media (id,created_at,file_path,media_type,chat_message_id,service_id,owner_id,application_id,review_id,is_preview_image,booking_note_id) VALUES ('ca11300a-4c94-5490-982c-3b0ca791ba68', DEFAULT, 'https://images.unsplash.com/photo-1522338140262-f46f5913618c?w=800', 'service_image', NULL, NULL, NULL, NULL, NULL, 't', NULL), ('f05a15df-6188-55e7-80e9-0fadba87cc0b', DEFAULT, 'https://images.unsplash.com/photo-1596462502278-27bfdc403348?w=800', 'service_image', NULL, NULL, NULL, NULL, NULL, 'f', NULL), ('43f161ab-347e-5077-b07d-5b61e573e350', DEFAULT, 'https://images.unsplash.com/photo-1596462502278-27bfdc403348?w=800', 'service_image', NULL, NULL, NULL, NULL, NULL, 'f', NULL);
UPDATE public.media SET service_id = 'e0c122d0-a1c6-57e5-8e5a-a275d77d69a9' WHERE id = 'ca11300a-4c94-5490-982c-3b0ca791ba68';
UPDATE public.media SET service_id = 'e0c122d0-a1c6-57e5-8e5a-a275d77d69a9' WHERE id = 'f05a15df-6188-55e7-80e9-0fadba87cc0b';
UPDATE public.media SET service_id = 'e0c122d0-a1c6-57e5-8e5a-a275d77d69a9' WHERE id = '43f161ab-347e-5077-b07d-5b61e573e350';
-- Using 5 curated images for service: Brudesminke prøve
INSERT INTO public.media (id,created_at,file_path,media_type,chat_message_id,service_id,owner_id,application_id,review_id,is_preview_image,booking_note_id) VALUES ('0229ea42-001a-5fc1-a0a7-f7b894c665f6', DEFAULT, 'https://images.unsplash.com/photo-1596462502278-27bfdc403348?w=800', 'service_image', NULL, NULL, NULL, NULL, NULL, 't', NULL), ('600394b6-a8c8-5681-8393-994699cc8869', DEFAULT, 'https://images.unsplash.com/photo-1487412947147-5cebf100ffc2?w=800', 'service_image', NULL, NULL, NULL, NULL, NULL, 'f', NULL), ('a4daf76c-ae60-58f7-b7df-3bf0a2903068', DEFAULT, 'https://images.unsplash.com/photo-1596462502278-27bfdc403348?w=800', 'service_image', NULL, NULL, NULL, NULL, NULL, 'f', NULL), ('5dbb3da5-cbbe-5453-a47d-e6f791e34462', DEFAULT, 'https://images.unsplash.com/photo-1487412947147-5cebf100ffc2?w=800', 'service_image', NULL, NULL, NULL, NULL, NULL, 'f', NULL), ('60859ea8-7c41-56fc-9d6e-1f36cc0a79db', DEFAULT, 'https://images.unsplash.com/photo-1512496015851-a90fb38ba796?w=800', 'service_image', NULL, NULL, NULL, NULL, NULL, 'f', NULL);
UPDATE public.media SET service_id = '87cfc1e8-8252-5821-8c8f-8b6a31cb5156' WHERE id = '0229ea42-001a-5fc1-a0a7-f7b894c665f6';
UPDATE public.media SET service_id = '87cfc1e8-8252-5821-8c8f-8b6a31cb5156' WHERE id = '600394b6-a8c8-5681-8393-994699cc8869';
UPDATE public.media SET service_id = '87cfc1e8-8252-5821-8c8f-8b6a31cb5156' WHERE id = 'a4daf76c-ae60-58f7-b7df-3bf0a2903068';
UPDATE public.media SET service_id = '87cfc1e8-8252-5821-8c8f-8b6a31cb5156' WHERE id = '5dbb3da5-cbbe-5453-a47d-e6f791e34462';
UPDATE public.media SET service_id = '87cfc1e8-8252-5821-8c8f-8b6a31cb5156' WHERE id = '60859ea8-7c41-56fc-9d6e-1f36cc0a79db';
-- Using 3 curated images for service: Føn og styling
INSERT INTO public.media (id,created_at,file_path,media_type,chat_message_id,service_id,owner_id,application_id,review_id,is_preview_image,booking_note_id) VALUES ('a8761cdc-3e79-5da3-9bd0-8fec7c18e0d3', DEFAULT, 'https://images.unsplash.com/photo-1487412947147-5cebf100ffc2?w=800', 'service_image', NULL, NULL, NULL, NULL, NULL, 't', NULL), ('02d40c99-a4e2-5f7b-8c31-f3bfc2b142d7', DEFAULT, 'https://images.unsplash.com/photo-1522338140262-f46f5913618c?w=800', 'service_image', NULL, NULL, NULL, NULL, NULL, 'f', NULL), ('1ccdf595-d157-5e58-ba2e-3896ace06144', DEFAULT, 'https://images.unsplash.com/photo-1583001931096-959e9a1a6223?w=800', 'service_image', NULL, NULL, NULL, NULL, NULL, 'f', NULL);
UPDATE public.media SET service_id = 'b0111ba7-5a98-5907-ba27-3f45196d3977' WHERE id = 'a8761cdc-3e79-5da3-9bd0-8fec7c18e0d3';
UPDATE public.media SET service_id = 'b0111ba7-5a98-5907-ba27-3f45196d3977' WHERE id = '02d40c99-a4e2-5f7b-8c31-f3bfc2b142d7';
UPDATE public.media SET service_id = 'b0111ba7-5a98-5907-ba27-3f45196d3977' WHERE id = '1ccdf595-d157-5e58-ba2e-3896ace06144';
-- Using 3 curated images for service: Brynslaminering
INSERT INTO public.media (id,created_at,file_path,media_type,chat_message_id,service_id,owner_id,application_id,review_id,is_preview_image,booking_note_id) VALUES ('b91e8eb7-2f04-5e30-b50e-395eedbb44de', DEFAULT, 'https://images.unsplash.com/photo-1583001931096-959e9a1a6223?w=800', 'service_image', NULL, NULL, NULL, NULL, NULL, 't', NULL), ('09a7b025-027a-5061-9182-238b69a4cc48', DEFAULT, 'https://images.unsplash.com/photo-1487412947147-5cebf100ffc2?w=800', 'service_image', NULL, NULL, NULL, NULL, NULL, 'f', NULL), ('9c502dc9-7368-5792-ac0c-6729dec33507', DEFAULT, 'https://images.unsplash.com/photo-1583001931096-959e9a1a6223?w=800', 'service_image', NULL, NULL, NULL, NULL, NULL, 'f', NULL);
UPDATE public.media SET service_id = '2a66a173-5e57-53c4-a2e0-3d491704e63c' WHERE id = 'b91e8eb7-2f04-5e30-b50e-395eedbb44de';
UPDATE public.media SET service_id = '2a66a173-5e57-53c4-a2e0-3d491704e63c' WHERE id = '09a7b025-027a-5061-9182-238b69a4cc48';
UPDATE public.media SET service_id = '2a66a173-5e57-53c4-a2e0-3d491704e63c' WHERE id = '9c502dc9-7368-5792-ac0c-6729dec33507';
-- Using 3 curated images for service: Foto makeup
INSERT INTO public.media (id,created_at,file_path,media_type,chat_message_id,service_id,owner_id,application_id,review_id,is_preview_image,booking_note_id) VALUES ('93b9269a-4a01-5fd3-b7b1-91d57f6f9396', DEFAULT, 'https://images.unsplash.com/photo-1487412947147-5cebf100ffc2?w=800', 'service_image', NULL, NULL, NULL, NULL, NULL, 't', NULL), ('a4fa3c04-8049-5c6c-b957-27880ccdbd55', DEFAULT, 'https://images.unsplash.com/photo-1596462502278-27bfdc403348?w=800', 'service_image', NULL, NULL, NULL, NULL, NULL, 'f', NULL), ('6036ee87-aece-59ad-b026-416be457fbf0', DEFAULT, 'https://images.unsplash.com/photo-1512496015851-a90fb38ba796?w=800', 'service_image', NULL, NULL, NULL, NULL, NULL, 'f', NULL);
UPDATE public.media SET service_id = '17174d2b-fa53-516c-9c8f-328d1c1d0a8c' WHERE id = '93b9269a-4a01-5fd3-b7b1-91d57f6f9396';
UPDATE public.media SET service_id = '17174d2b-fa53-516c-9c8f-328d1c1d0a8c' WHERE id = 'a4fa3c04-8049-5c6c-b957-27880ccdbd55';
UPDATE public.media SET service_id = '17174d2b-fa53-516c-9c8f-328d1c1d0a8c' WHERE id = '6036ee87-aece-59ad-b026-416be457fbf0';
-- Using 4 curated images for service: Pedikyr
INSERT INTO public.media (id,created_at,file_path,media_type,chat_message_id,service_id,owner_id,application_id,review_id,is_preview_image,booking_note_id) VALUES ('e96c6095-cf83-57bc-bd30-3cd3ed2b4456', DEFAULT, 'https://images.unsplash.com/photo-1614807536394-cd67bd4a634b?w=800', 'service_image', NULL, NULL, NULL, NULL, NULL, 't', NULL), ('14b43b44-b41d-53eb-8ac2-77cedeb19de4', DEFAULT, 'https://images.unsplash.com/photo-1571019613454-1cb2f99b2d8b?w=800', 'service_image', NULL, NULL, NULL, NULL, NULL, 'f', NULL), ('52f4f34a-4bf3-53cc-aeef-5be5521e21ff', DEFAULT, 'https://images.unsplash.com/photo-1577565177023-d0f29c354b69?w=800', 'service_image', NULL, NULL, NULL, NULL, NULL, 'f', NULL), ('19fb8911-245a-5610-bd20-c8e50ce230ae', DEFAULT, 'https://images.unsplash.com/photo-1571019613454-1cb2f99b2d8b?w=800', 'service_image', NULL, NULL, NULL, NULL, NULL, 'f', NULL);
UPDATE public.media SET service_id = '753f481f-9fee-53c1-bef0-6fc0bcf78933' WHERE id = 'e96c6095-cf83-57bc-bd30-3cd3ed2b4456';
UPDATE public.media SET service_id = '753f481f-9fee-53c1-bef0-6fc0bcf78933' WHERE id = '14b43b44-b41d-53eb-8ac2-77cedeb19de4';
UPDATE public.media SET service_id = '753f481f-9fee-53c1-bef0-6fc0bcf78933' WHERE id = '52f4f34a-4bf3-53cc-aeef-5be5521e21ff';
UPDATE public.media SET service_id = '753f481f-9fee-53c1-bef0-6fc0bcf78933' WHERE id = '19fb8911-245a-5610-bd20-c8e50ce230ae';
-- Using 3 curated images for service: Brynspluking
INSERT INTO public.media (id,created_at,file_path,media_type,chat_message_id,service_id,owner_id,application_id,review_id,is_preview_image,booking_note_id) VALUES ('4d5945a4-9953-59c7-83c1-69de69ba55af', DEFAULT, 'https://images.unsplash.com/photo-1579952363873-27d3bfad9c0d?w=800', 'service_image', NULL, NULL, NULL, NULL, NULL, 't', NULL), ('e6587c42-15f5-5974-aaee-9e171796247f', DEFAULT, 'https://images.unsplash.com/photo-1579952363873-27d3bfad9c0d?w=800', 'service_image', NULL, NULL, NULL, NULL, NULL, 'f', NULL), ('24fc1f43-7588-5d40-be46-0a07ac70b003', DEFAULT, 'https://images.unsplash.com/photo-1577565177023-d0f29c354b69?w=800', 'service_image', NULL, NULL, NULL, NULL, NULL, 'f', NULL);
UPDATE public.media SET service_id = '6988ab5f-f1cf-533e-9e10-6250fa03d64e' WHERE id = '4d5945a4-9953-59c7-83c1-69de69ba55af';
UPDATE public.media SET service_id = '6988ab5f-f1cf-533e-9e10-6250fa03d64e' WHERE id = 'e6587c42-15f5-5974-aaee-9e171796247f';
UPDATE public.media SET service_id = '6988ab5f-f1cf-533e-9e10-6250fa03d64e' WHERE id = '24fc1f43-7588-5d40-be46-0a07ac70b003';
-- Using 3 curated images for service: Negleforlengelse
INSERT INTO public.media (id,created_at,file_path,media_type,chat_message_id,service_id,owner_id,application_id,review_id,is_preview_image,booking_note_id) VALUES ('436b524e-aa1e-500d-98da-763dc0bd84b7', DEFAULT, 'https://images.unsplash.com/photo-1579952363873-27d3bfad9c0d?w=800', 'service_image', NULL, NULL, NULL, NULL, NULL, 't', NULL), ('d877bc19-d8b3-57d5-b84e-9fb575aaf9f4', DEFAULT, 'https://images.unsplash.com/photo-1614807536394-cd67bd4a634b?w=800', 'service_image', NULL, NULL, NULL, NULL, NULL, 'f', NULL), ('1f2b19a4-603a-56b7-8cfd-acffd1fc3d6d', DEFAULT, 'https://images.unsplash.com/photo-1614807536394-cd67bd4a634b?w=800', 'service_image', NULL, NULL, NULL, NULL, NULL, 'f', NULL);
UPDATE public.media SET service_id = '5e167626-1d66-5123-9111-b3d1d294a57b' WHERE id = '436b524e-aa1e-500d-98da-763dc0bd84b7';
UPDATE public.media SET service_id = '5e167626-1d66-5123-9111-b3d1d294a57b' WHERE id = 'd877bc19-d8b3-57d5-b84e-9fb575aaf9f4';
UPDATE public.media SET service_id = '5e167626-1d66-5123-9111-b3d1d294a57b' WHERE id = '1f2b19a4-603a-56b7-8cfd-acffd1fc3d6d';
-- Using 5 curated images for service: Brynspluking
INSERT INTO public.media (id,created_at,file_path,media_type,chat_message_id,service_id,owner_id,application_id,review_id,is_preview_image,booking_note_id) VALUES ('e81f69a4-c60e-5952-9136-3a86489bdc31', DEFAULT, 'https://images.unsplash.com/photo-1579952363873-27d3bfad9c0d?w=800', 'service_image', NULL, NULL, NULL, NULL, NULL, 't', NULL), ('d1b05099-14d1-5809-bb78-16aaa4beb71c', DEFAULT, 'https://images.unsplash.com/photo-1614807536394-cd67bd4a634b?w=800', 'service_image', NULL, NULL, NULL, NULL, NULL, 'f', NULL), ('d680f412-9359-592b-8b78-3c8ad877131a', DEFAULT, 'https://images.unsplash.com/photo-1571019613454-1cb2f99b2d8b?w=800', 'service_image', NULL, NULL, NULL, NULL, NULL, 'f', NULL), ('98a3a3f1-fed6-5661-ac3f-ab341d607381', DEFAULT, 'https://images.unsplash.com/photo-1579952363873-27d3bfad9c0d?w=800', 'service_image', NULL, NULL, NULL, NULL, NULL, 'f', NULL), ('94569970-6f97-5771-81cc-ba02169b954d', DEFAULT, 'https://images.unsplash.com/photo-1579952363873-27d3bfad9c0d?w=800', 'service_image', NULL, NULL, NULL, NULL, NULL, 'f', NULL);
UPDATE public.media SET service_id = '223d99f1-5c50-536e-b2f1-21ff103a026e' WHERE id = 'e81f69a4-c60e-5952-9136-3a86489bdc31';
UPDATE public.media SET service_id = '223d99f1-5c50-536e-b2f1-21ff103a026e' WHERE id = 'd1b05099-14d1-5809-bb78-16aaa4beb71c';
UPDATE public.media SET service_id = '223d99f1-5c50-536e-b2f1-21ff103a026e' WHERE id = 'd680f412-9359-592b-8b78-3c8ad877131a';
UPDATE public.media SET service_id = '223d99f1-5c50-536e-b2f1-21ff103a026e' WHERE id = '98a3a3f1-fed6-5661-ac3f-ab341d607381';
UPDATE public.media SET service_id = '223d99f1-5c50-536e-b2f1-21ff103a026e' WHERE id = '94569970-6f97-5771-81cc-ba02169b954d';
-- Using 4 curated images for service: Permanent
INSERT INTO public.media (id,created_at,file_path,media_type,chat_message_id,service_id,owner_id,application_id,review_id,is_preview_image,booking_note_id) VALUES ('da3e64ec-3514-5671-8e96-0410507afd5e', DEFAULT, 'https://images.unsplash.com/photo-1571019613454-1cb2f99b2d8b?w=800', 'service_image', NULL, NULL, NULL, NULL, NULL, 't', NULL), ('8824aca2-338a-5e39-9dab-87ab4c57e983', DEFAULT, 'https://images.unsplash.com/photo-1571019613454-1cb2f99b2d8b?w=800', 'service_image', NULL, NULL, NULL, NULL, NULL, 'f', NULL), ('47404549-ae73-5422-840c-5353688ce837', DEFAULT, 'https://images.unsplash.com/photo-1571019613454-1cb2f99b2d8b?w=800', 'service_image', NULL, NULL, NULL, NULL, NULL, 'f', NULL), ('ff0e7f6c-d079-555a-b4c8-f771c2d16096', DEFAULT, 'https://images.unsplash.com/photo-1571019613454-1cb2f99b2d8b?w=800', 'service_image', NULL, NULL, NULL, NULL, NULL, 'f', NULL);
UPDATE public.media SET service_id = '85540e24-0e5a-5ffc-97e6-90b2875c357c' WHERE id = 'da3e64ec-3514-5671-8e96-0410507afd5e';
UPDATE public.media SET service_id = '85540e24-0e5a-5ffc-97e6-90b2875c357c' WHERE id = '8824aca2-338a-5e39-9dab-87ab4c57e983';
UPDATE public.media SET service_id = '85540e24-0e5a-5ffc-97e6-90b2875c357c' WHERE id = '47404549-ae73-5422-840c-5353688ce837';
UPDATE public.media SET service_id = '85540e24-0e5a-5ffc-97e6-90b2875c357c' WHERE id = 'ff0e7f6c-d079-555a-b4c8-f771c2d16096';
-- Using 3 curated images for service: Brynspluking
INSERT INTO public.media (id,created_at,file_path,media_type,chat_message_id,service_id,owner_id,application_id,review_id,is_preview_image,booking_note_id) VALUES ('9b3d94f3-9cca-5847-adab-abba9b5a4a8a', DEFAULT, 'https://images.unsplash.com/photo-1579952363873-27d3bfad9c0d?w=800', 'service_image', NULL, NULL, NULL, NULL, NULL, 't', NULL), ('d83813c0-4344-5977-bcc4-cc8fc3fc74c1', DEFAULT, 'https://images.unsplash.com/photo-1571019613454-1cb2f99b2d8b?w=800', 'service_image', NULL, NULL, NULL, NULL, NULL, 'f', NULL), ('e8087607-bf47-5ae5-8049-2df891929fed', DEFAULT, 'https://images.unsplash.com/photo-1577565177023-d0f29c354b69?w=800', 'service_image', NULL, NULL, NULL, NULL, NULL, 'f', NULL);
UPDATE public.media SET service_id = '2a882c6e-7824-5518-b251-1cc3d7bf2bcd' WHERE id = '9b3d94f3-9cca-5847-adab-abba9b5a4a8a';
UPDATE public.media SET service_id = '2a882c6e-7824-5518-b251-1cc3d7bf2bcd' WHERE id = 'd83813c0-4344-5977-bcc4-cc8fc3fc74c1';
UPDATE public.media SET service_id = '2a882c6e-7824-5518-b251-1cc3d7bf2bcd' WHERE id = 'e8087607-bf47-5ae5-8049-2df891929fed';
-- Using 4 curated images for service: Hårbehandling
INSERT INTO public.media (id,created_at,file_path,media_type,chat_message_id,service_id,owner_id,application_id,review_id,is_preview_image,booking_note_id) VALUES ('cc66f61b-5fbc-5564-bc78-b42d35320d8b', DEFAULT, 'https://images.unsplash.com/photo-1571019613454-1cb2f99b2d8b?w=800', 'service_image', NULL, NULL, NULL, NULL, NULL, 't', NULL), ('05b4fbfa-c457-5dca-a8b0-bb7ff5e586b6', DEFAULT, 'https://images.unsplash.com/photo-1579952363873-27d3bfad9c0d?w=800', 'service_image', NULL, NULL, NULL, NULL, NULL, 'f', NULL), ('b7f912c3-f01f-5829-97dd-2bdfa798eb62', DEFAULT, 'https://images.unsplash.com/photo-1614807536394-cd67bd4a634b?w=800', 'service_image', NULL, NULL, NULL, NULL, NULL, 'f', NULL), ('ce74f9d5-b6ab-523e-a43d-322de7f68cac', DEFAULT, 'https://images.unsplash.com/photo-1579952363873-27d3bfad9c0d?w=800', 'service_image', NULL, NULL, NULL, NULL, NULL, 'f', NULL);
UPDATE public.media SET service_id = 'e7cf44d6-9f4a-5776-853b-a7a4072a5d45' WHERE id = 'cc66f61b-5fbc-5564-bc78-b42d35320d8b';
UPDATE public.media SET service_id = 'e7cf44d6-9f4a-5776-853b-a7a4072a5d45' WHERE id = '05b4fbfa-c457-5dca-a8b0-bb7ff5e586b6';
UPDATE public.media SET service_id = 'e7cf44d6-9f4a-5776-853b-a7a4072a5d45' WHERE id = 'b7f912c3-f01f-5829-97dd-2bdfa798eb62';
UPDATE public.media SET service_id = 'e7cf44d6-9f4a-5776-853b-a7a4072a5d45' WHERE id = 'ce74f9d5-b6ab-523e-a43d-322de7f68cac';
-- Using 4 curated images for service: Dagsmakeup
INSERT INTO public.media (id,created_at,file_path,media_type,chat_message_id,service_id,owner_id,application_id,review_id,is_preview_image,booking_note_id) VALUES ('ffa1d57c-d320-5352-8f32-f2e9554026ff', DEFAULT, 'https://images.unsplash.com/photo-1594736797933-d0f71d2d7222?w=800', 'service_image', NULL, NULL, NULL, NULL, NULL, 't', NULL), ('8f3c3853-7ee4-508b-b574-02c6eb2d092c', DEFAULT, 'https://images.unsplash.com/photo-1511285560929-80b456fea0bc?w=800', 'service_image', NULL, NULL, NULL, NULL, NULL, 'f', NULL), ('250f6618-eb05-581e-af34-d9e6ac6fd5a9', DEFAULT, 'https://images.unsplash.com/photo-1571115764595-644a1f56a55c?w=800', 'service_image', NULL, NULL, NULL, NULL, NULL, 'f', NULL), ('0fc3c5f0-0697-5478-afe7-db9ff8bb3627', DEFAULT, 'https://images.unsplash.com/photo-1594736797933-d0f71d2d7222?w=800', 'service_image', NULL, NULL, NULL, NULL, NULL, 'f', NULL);
UPDATE public.media SET service_id = 'b7d36b38-fe23-5e84-a721-275f656c2211' WHERE id = 'ffa1d57c-d320-5352-8f32-f2e9554026ff';
UPDATE public.media SET service_id = 'b7d36b38-fe23-5e84-a721-275f656c2211' WHERE id = '8f3c3853-7ee4-508b-b574-02c6eb2d092c';
UPDATE public.media SET service_id = 'b7d36b38-fe23-5e84-a721-275f656c2211' WHERE id = '250f6618-eb05-581e-af34-d9e6ac6fd5a9';
UPDATE public.media SET service_id = 'b7d36b38-fe23-5e84-a721-275f656c2211' WHERE id = '0fc3c5f0-0697-5478-afe7-db9ff8bb3627';
-- Using 3 curated images for service: Brynspluking
INSERT INTO public.media (id,created_at,file_path,media_type,chat_message_id,service_id,owner_id,application_id,review_id,is_preview_image,booking_note_id) VALUES ('7f08a7be-050a-56b0-af27-9543091cbc31', DEFAULT, 'https://images.unsplash.com/photo-1511285560929-80b456fea0bc?w=800', 'service_image', NULL, NULL, NULL, NULL, NULL, 't', NULL), ('f7a38747-2005-5f78-89ed-16f764a33f90', DEFAULT, 'https://images.unsplash.com/photo-1571115764595-644a1f56a55c?w=800', 'service_image', NULL, NULL, NULL, NULL, NULL, 'f', NULL), ('e32e3af4-7445-587e-b2db-2ad4441fc3e0', DEFAULT, 'https://images.unsplash.com/photo-1627916607164-7b20241db935?w=800', 'service_image', NULL, NULL, NULL, NULL, NULL, 'f', NULL);
UPDATE public.media SET service_id = 'e2a5feea-e90d-5eb7-9c72-fef6ba325faf' WHERE id = '7f08a7be-050a-56b0-af27-9543091cbc31';
UPDATE public.media SET service_id = 'e2a5feea-e90d-5eb7-9c72-fef6ba325faf' WHERE id = 'f7a38747-2005-5f78-89ed-16f764a33f90';
UPDATE public.media SET service_id = 'e2a5feea-e90d-5eb7-9c72-fef6ba325faf' WHERE id = 'e32e3af4-7445-587e-b2db-2ad4441fc3e0';
-- Using 4 curated images for service: Hybrid vipper
INSERT INTO public.media (id,created_at,file_path,media_type,chat_message_id,service_id,owner_id,application_id,review_id,is_preview_image,booking_note_id) VALUES ('06315235-546c-572e-a9f9-30c0237555a3', DEFAULT, 'https://images.unsplash.com/photo-1511285560929-80b456fea0bc?w=800', 'service_image', NULL, NULL, NULL, NULL, NULL, 't', NULL), ('78d0ebb1-8bb4-555b-867a-10a0ad65b7ae', DEFAULT, 'https://images.unsplash.com/photo-1627916607164-7b20241db935?w=800', 'service_image', NULL, NULL, NULL, NULL, NULL, 'f', NULL), ('1d9965ed-a594-556f-9851-e40f0da59c6b', DEFAULT, 'https://images.unsplash.com/photo-1469371670807-013ccf25f16a?w=800', 'service_image', NULL, NULL, NULL, NULL, NULL, 'f', NULL), ('7b2bb42f-958b-5fa7-ba2e-9fc2288c166d', DEFAULT, 'https://images.unsplash.com/photo-1594736797933-d0f71d2d7222?w=800', 'service_image', NULL, NULL, NULL, NULL, NULL, 'f', NULL);
UPDATE public.media SET service_id = 'aa0cf64c-2fee-545b-8b01-85b1642cc444' WHERE id = '06315235-546c-572e-a9f9-30c0237555a3';
UPDATE public.media SET service_id = 'aa0cf64c-2fee-545b-8b01-85b1642cc444' WHERE id = '78d0ebb1-8bb4-555b-867a-10a0ad65b7ae';
UPDATE public.media SET service_id = 'aa0cf64c-2fee-545b-8b01-85b1642cc444' WHERE id = '1d9965ed-a594-556f-9851-e40f0da59c6b';
UPDATE public.media SET service_id = 'aa0cf64c-2fee-545b-8b01-85b1642cc444' WHERE id = '7b2bb42f-958b-5fa7-ba2e-9fc2288c166d';
-- Using 3 curated images for service: Hårbehandling
INSERT INTO public.media (id,created_at,file_path,media_type,chat_message_id,service_id,owner_id,application_id,review_id,is_preview_image,booking_note_id) VALUES ('4e766a8e-5792-5d3b-b863-8a797ac52b82', DEFAULT, 'https://images.unsplash.com/photo-1469371670807-013ccf25f16a?w=800', 'service_image', NULL, NULL, NULL, NULL, NULL, 't', NULL), ('e0367f80-6b3d-533f-a0c3-26ff8ed12577', DEFAULT, 'https://images.unsplash.com/photo-1469371670807-013ccf25f16a?w=800', 'service_image', NULL, NULL, NULL, NULL, NULL, 'f', NULL), ('75ca8e4b-e100-52f5-b945-91be00baaaca', DEFAULT, 'https://images.unsplash.com/photo-1511285560929-80b456fea0bc?w=800', 'service_image', NULL, NULL, NULL, NULL, NULL, 'f', NULL);
UPDATE public.media SET service_id = 'e45210c4-5037-5acd-828e-6a2c7da9a3db' WHERE id = '4e766a8e-5792-5d3b-b863-8a797ac52b82';
UPDATE public.media SET service_id = 'e45210c4-5037-5acd-828e-6a2c7da9a3db' WHERE id = 'e0367f80-6b3d-533f-a0c3-26ff8ed12577';
UPDATE public.media SET service_id = 'e45210c4-5037-5acd-828e-6a2c7da9a3db' WHERE id = '75ca8e4b-e100-52f5-b945-91be00baaaca';
-- Using 5 curated images for service: Herreklipp
INSERT INTO public.media (id,created_at,file_path,media_type,chat_message_id,service_id,owner_id,application_id,review_id,is_preview_image,booking_note_id) VALUES ('89d15c92-4080-5884-9a7f-6114fd02135a', DEFAULT, 'https://images.unsplash.com/photo-1571115764595-644a1f56a55c?w=800', 'service_image', NULL, NULL, NULL, NULL, NULL, 't', NULL), ('ba210db0-7998-593d-a9a9-d625a1ea3d91', DEFAULT, 'https://images.unsplash.com/photo-1522673607200-164d1b6ce2d2?w=800', 'service_image', NULL, NULL, NULL, NULL, NULL, 'f', NULL), ('dc4c2d8b-10ed-5509-ab14-6ec94a3a457c', DEFAULT, 'https://images.unsplash.com/photo-1594736797933-d0f71d2d7222?w=800', 'service_image', NULL, NULL, NULL, NULL, NULL, 'f', NULL), ('832b0961-b624-50bb-bc8b-04eb88a77d8a', DEFAULT, 'https://images.unsplash.com/photo-1469371670807-013ccf25f16a?w=800', 'service_image', NULL, NULL, NULL, NULL, NULL, 'f', NULL), ('85f38beb-e06a-5137-9971-a7eee7c21e8d', DEFAULT, 'https://images.unsplash.com/photo-1594736797933-d0f71d2d7222?w=800', 'service_image', NULL, NULL, NULL, NULL, NULL, 'f', NULL);
UPDATE public.media SET service_id = '6a4cd26c-3e74-5e66-8c9d-0a43c0d89298' WHERE id = '89d15c92-4080-5884-9a7f-6114fd02135a';
UPDATE public.media SET service_id = '6a4cd26c-3e74-5e66-8c9d-0a43c0d89298' WHERE id = 'ba210db0-7998-593d-a9a9-d625a1ea3d91';
UPDATE public.media SET service_id = '6a4cd26c-3e74-5e66-8c9d-0a43c0d89298' WHERE id = 'dc4c2d8b-10ed-5509-ab14-6ec94a3a457c';
UPDATE public.media SET service_id = '6a4cd26c-3e74-5e66-8c9d-0a43c0d89298' WHERE id = '832b0961-b624-50bb-bc8b-04eb88a77d8a';
UPDATE public.media SET service_id = '6a4cd26c-3e74-5e66-8c9d-0a43c0d89298' WHERE id = '85f38beb-e06a-5137-9971-a7eee7c21e8d';
-- Using 5 curated images for service: Klassiske vippeextensions
INSERT INTO public.media (id,created_at,file_path,media_type,chat_message_id,service_id,owner_id,application_id,review_id,is_preview_image,booking_note_id) VALUES ('1549fd76-0d76-5da7-ba7c-436a6a9c08d8', DEFAULT, 'https://images.unsplash.com/photo-1522337360788-8b13dee7a37e?w=800', 'service_image', NULL, NULL, NULL, NULL, NULL, 't', NULL), ('1754ae00-b516-59cd-b7fe-55885e3e96d3', DEFAULT, 'https://images.unsplash.com/photo-1562322140-8baeececf3df?w=800', 'service_image', NULL, NULL, NULL, NULL, NULL, 'f', NULL), ('639565f2-67e3-57d3-b891-3df5a1749a0b', DEFAULT, 'https://images.unsplash.com/photo-1605497788044-5a32c7078486?w=800', 'service_image', NULL, NULL, NULL, NULL, NULL, 'f', NULL), ('834441d2-8474-530b-9170-52cb33afff78', DEFAULT, 'https://images.unsplash.com/photo-1559599101-f09722fb4948?w=800', 'service_image', NULL, NULL, NULL, NULL, NULL, 'f', NULL), ('b63833be-9711-501e-b084-341507f18bf3', DEFAULT, 'https://images.unsplash.com/photo-1521590832167-7bcbfaa6381f?w=800', 'service_image', NULL, NULL, NULL, NULL, NULL, 'f', NULL);
UPDATE public.media SET service_id = '624647d9-add1-5d7f-8000-30a3a9f0fb30' WHERE id = '1549fd76-0d76-5da7-ba7c-436a6a9c08d8';
UPDATE public.media SET service_id = '624647d9-add1-5d7f-8000-30a3a9f0fb30' WHERE id = '1754ae00-b516-59cd-b7fe-55885e3e96d3';
UPDATE public.media SET service_id = '624647d9-add1-5d7f-8000-30a3a9f0fb30' WHERE id = '639565f2-67e3-57d3-b891-3df5a1749a0b';
UPDATE public.media SET service_id = '624647d9-add1-5d7f-8000-30a3a9f0fb30' WHERE id = '834441d2-8474-530b-9170-52cb33afff78';
UPDATE public.media SET service_id = '624647d9-add1-5d7f-8000-30a3a9f0fb30' WHERE id = 'b63833be-9711-501e-b084-341507f18bf3';
-- Using 3 curated images for service: Herreklipp 2
INSERT INTO public.media (id,created_at,file_path,media_type,chat_message_id,service_id,owner_id,application_id,review_id,is_preview_image,booking_note_id) VALUES ('82d19f5b-90fc-587d-b2a4-fc43c8a049d4', DEFAULT, 'https://images.unsplash.com/photo-1522337360788-8b13dee7a37e?w=800', 'service_image', NULL, NULL, NULL, NULL, NULL, 't', NULL), ('dacf3702-ef5c-531f-943c-3c3e85976089', DEFAULT, 'https://images.unsplash.com/photo-1522337360788-8b13dee7a37e?w=800', 'service_image', NULL, NULL, NULL, NULL, NULL, 'f', NULL), ('047cd6a6-7569-5fc8-9c8e-94cfc57e2560', DEFAULT, 'https://images.unsplash.com/photo-1522337360788-8b13dee7a37e?w=800', 'service_image', NULL, NULL, NULL, NULL, NULL, 'f', NULL);
UPDATE public.media SET service_id = 'afd953ad-7147-5563-9533-021001caf7a2' WHERE id = '82d19f5b-90fc-587d-b2a4-fc43c8a049d4';
UPDATE public.media SET service_id = 'afd953ad-7147-5563-9533-021001caf7a2' WHERE id = 'dacf3702-ef5c-531f-943c-3c3e85976089';
UPDATE public.media SET service_id = 'afd953ad-7147-5563-9533-021001caf7a2' WHERE id = '047cd6a6-7569-5fc8-9c8e-94cfc57e2560';
-- Using 3 curated images for service: Brudefrisyre 2
INSERT INTO public.media (id,created_at,file_path,media_type,chat_message_id,service_id,owner_id,application_id,review_id,is_preview_image,booking_note_id) VALUES ('68eac837-812e-5b90-ab7b-7621d9be9dd1', DEFAULT, 'https://images.unsplash.com/photo-1521590832167-7bcbfaa6381f?w=800', 'service_image', NULL, NULL, NULL, NULL, NULL, 't', NULL), ('71690ec3-dfa5-52ad-a8fd-90d1c27529ed', DEFAULT, 'https://images.unsplash.com/photo-1605497788044-5a32c7078486?w=800', 'service_image', NULL, NULL, NULL, NULL, NULL, 'f', NULL), ('d00e7651-54f8-5135-b46c-f528a3c51efb', DEFAULT, 'https://images.unsplash.com/photo-1605497788044-5a32c7078486?w=800', 'service_image', NULL, NULL, NULL, NULL, NULL, 'f', NULL);
UPDATE public.media SET service_id = '14178b43-5f90-51e4-b62a-dd642da598f8' WHERE id = '68eac837-812e-5b90-ab7b-7621d9be9dd1';
UPDATE public.media SET service_id = '14178b43-5f90-51e4-b62a-dd642da598f8' WHERE id = '71690ec3-dfa5-52ad-a8fd-90d1c27529ed';
UPDATE public.media SET service_id = '14178b43-5f90-51e4-b62a-dd642da598f8' WHERE id = 'd00e7651-54f8-5135-b46c-f528a3c51efb';
-- Using 3 curated images for service: Foto makeup 2
INSERT INTO public.media (id,created_at,file_path,media_type,chat_message_id,service_id,owner_id,application_id,review_id,is_preview_image,booking_note_id) VALUES ('33d73994-7c98-52ac-9076-7cf8262bf9f0', DEFAULT, 'https://images.unsplash.com/photo-1559599101-f09722fb4948?w=800', 'service_image', NULL, NULL, NULL, NULL, NULL, 't', NULL), ('516aaba4-60aa-553e-8dec-62306a0f3947', DEFAULT, 'https://images.unsplash.com/photo-1522337360788-8b13dee7a37e?w=800', 'service_image', NULL, NULL, NULL, NULL, NULL, 'f', NULL), ('aade0491-fe56-51ae-a8b4-0f59a64bf8d4', DEFAULT, 'https://images.unsplash.com/photo-1562322140-8baeececf3df?w=800', 'service_image', NULL, NULL, NULL, NULL, NULL, 'f', NULL);
UPDATE public.media SET service_id = '1d2359fd-6f1f-5243-864d-5695b37743eb' WHERE id = '33d73994-7c98-52ac-9076-7cf8262bf9f0';
UPDATE public.media SET service_id = '1d2359fd-6f1f-5243-864d-5695b37743eb' WHERE id = '516aaba4-60aa-553e-8dec-62306a0f3947';
UPDATE public.media SET service_id = '1d2359fd-6f1f-5243-864d-5695b37743eb' WHERE id = 'aade0491-fe56-51ae-a8b4-0f59a64bf8d4';
-- Using 4 curated images for service: Franske negler 2
INSERT INTO public.media (id,created_at,file_path,media_type,chat_message_id,service_id,owner_id,application_id,review_id,is_preview_image,booking_note_id) VALUES ('95b7bc15-81b0-554d-a5c1-a52bde8e1a46', DEFAULT, 'https://images.unsplash.com/photo-1562322140-8baeececf3df?w=800', 'service_image', NULL, NULL, NULL, NULL, NULL, 't', NULL), ('f3f8f977-fee9-512c-9c40-fc3a04d6bd7f', DEFAULT, 'https://images.unsplash.com/photo-1605497788044-5a32c7078486?w=800', 'service_image', NULL, NULL, NULL, NULL, NULL, 'f', NULL), ('3f87735d-a733-5738-93a2-1a91d6f59374', DEFAULT, 'https://images.unsplash.com/photo-1559599101-f09722fb4948?w=800', 'service_image', NULL, NULL, NULL, NULL, NULL, 'f', NULL), ('50d92044-ab96-5355-922b-099a5ce20f35', DEFAULT, 'https://images.unsplash.com/photo-1522337360788-8b13dee7a37e?w=800', 'service_image', NULL, NULL, NULL, NULL, NULL, 'f', NULL);
UPDATE public.media SET service_id = '2a5d49d3-142c-57e5-9270-678f4722bb75' WHERE id = '95b7bc15-81b0-554d-a5c1-a52bde8e1a46';
UPDATE public.media SET service_id = '2a5d49d3-142c-57e5-9270-678f4722bb75' WHERE id = 'f3f8f977-fee9-512c-9c40-fc3a04d6bd7f';
UPDATE public.media SET service_id = '2a5d49d3-142c-57e5-9270-678f4722bb75' WHERE id = '3f87735d-a733-5738-93a2-1a91d6f59374';
UPDATE public.media SET service_id = '2a5d49d3-142c-57e5-9270-678f4722bb75' WHERE id = '50d92044-ab96-5355-922b-099a5ce20f35';
-- Using 4 curated images for service: Kontur makeup 2
INSERT INTO public.media (id,created_at,file_path,media_type,chat_message_id,service_id,owner_id,application_id,review_id,is_preview_image,booking_note_id) VALUES ('c5f2784a-d9b0-5677-a05a-3b12bd405a27', DEFAULT, 'https://images.unsplash.com/photo-1605497788044-5a32c7078486?w=800', 'service_image', NULL, NULL, NULL, NULL, NULL, 't', NULL), ('0603e387-3eb9-5591-bfca-efd46f65ab9f', DEFAULT, 'https://images.unsplash.com/photo-1605497788044-5a32c7078486?w=800', 'service_image', NULL, NULL, NULL, NULL, NULL, 'f', NULL), ('3748e41b-71c4-5799-a427-8e13a3510bb5', DEFAULT, 'https://images.unsplash.com/photo-1559599101-f09722fb4948?w=800', 'service_image', NULL, NULL, NULL, NULL, NULL, 'f', NULL), ('feefea14-6593-5d2b-9670-7f2901c59af9', DEFAULT, 'https://images.unsplash.com/photo-1605497788044-5a32c7078486?w=800', 'service_image', NULL, NULL, NULL, NULL, NULL, 'f', NULL);
UPDATE public.media SET service_id = 'b50cd102-29cf-5eae-88fc-400d1de89af3' WHERE id = 'c5f2784a-d9b0-5677-a05a-3b12bd405a27';
UPDATE public.media SET service_id = 'b50cd102-29cf-5eae-88fc-400d1de89af3' WHERE id = '0603e387-3eb9-5591-bfca-efd46f65ab9f';
UPDATE public.media SET service_id = 'b50cd102-29cf-5eae-88fc-400d1de89af3' WHERE id = '3748e41b-71c4-5799-a427-8e13a3510bb5';
UPDATE public.media SET service_id = 'b50cd102-29cf-5eae-88fc-400d1de89af3' WHERE id = 'feefea14-6593-5d2b-9670-7f2901c59af9';
-- Using 3 curated images for service: Foto makeup 2
INSERT INTO public.media (id,created_at,file_path,media_type,chat_message_id,service_id,owner_id,application_id,review_id,is_preview_image,booking_note_id) VALUES ('ad7c9a3e-a191-5358-88af-121b6d4dd331', DEFAULT, 'https://images.unsplash.com/photo-1605497788044-5a32c7078486?w=800', 'service_image', NULL, NULL, NULL, NULL, NULL, 't', NULL), ('0ca9a937-a2d1-5fac-ad39-31b8eb12bdd4', DEFAULT, 'https://images.unsplash.com/photo-1521590832167-7bcbfaa6381f?w=800', 'service_image', NULL, NULL, NULL, NULL, NULL, 'f', NULL), ('faa59697-d61e-56af-8e2c-20535c3b9849', DEFAULT, 'https://images.unsplash.com/photo-1559599101-f09722fb4948?w=800', 'service_image', NULL, NULL, NULL, NULL, NULL, 'f', NULL);
UPDATE public.media SET service_id = 'dc966564-92f1-506b-ba19-7d7bb1f740ab' WHERE id = 'ad7c9a3e-a191-5358-88af-121b6d4dd331';
UPDATE public.media SET service_id = 'dc966564-92f1-506b-ba19-7d7bb1f740ab' WHERE id = '0ca9a937-a2d1-5fac-ad39-31b8eb12bdd4';
UPDATE public.media SET service_id = 'dc966564-92f1-506b-ba19-7d7bb1f740ab' WHERE id = 'faa59697-d61e-56af-8e2c-20535c3b9849';
-- Using 5 curated images for service: Volum vippeextensions 2
INSERT INTO public.media (id,created_at,file_path,media_type,chat_message_id,service_id,owner_id,application_id,review_id,is_preview_image,booking_note_id) VALUES ('b767b8f5-5c3f-55e8-bfa1-7878807add66', DEFAULT, 'https://images.unsplash.com/photo-1562322140-8baeececf3df?w=800', 'service_image', NULL, NULL, NULL, NULL, NULL, 't', NULL), ('7b6e31db-cbe3-5707-9dc8-d59d744b3320', DEFAULT, 'https://images.unsplash.com/photo-1522337360788-8b13dee7a37e?w=800', 'service_image', NULL, NULL, NULL, NULL, NULL, 'f', NULL), ('901e5a2b-a898-5a77-b1c5-d2c159e7ff02', DEFAULT, 'https://images.unsplash.com/photo-1605497788044-5a32c7078486?w=800', 'service_image', NULL, NULL, NULL, NULL, NULL, 'f', NULL), ('58360937-f1e9-5ac9-bd18-ee51a8bc8ef1', DEFAULT, 'https://images.unsplash.com/photo-1521590832167-7bcbfaa6381f?w=800', 'service_image', NULL, NULL, NULL, NULL, NULL, 'f', NULL), ('c59718bd-c0da-594f-ad53-b8aeed9bdfe0', DEFAULT, 'https://images.unsplash.com/photo-1605497788044-5a32c7078486?w=800', 'service_image', NULL, NULL, NULL, NULL, NULL, 'f', NULL);
UPDATE public.media SET service_id = '17e51b1a-6cc8-5fb8-a298-f35c9601008c' WHERE id = 'b767b8f5-5c3f-55e8-bfa1-7878807add66';
UPDATE public.media SET service_id = '17e51b1a-6cc8-5fb8-a298-f35c9601008c' WHERE id = '7b6e31db-cbe3-5707-9dc8-d59d744b3320';
UPDATE public.media SET service_id = '17e51b1a-6cc8-5fb8-a298-f35c9601008c' WHERE id = '901e5a2b-a898-5a77-b1c5-d2c159e7ff02';
UPDATE public.media SET service_id = '17e51b1a-6cc8-5fb8-a298-f35c9601008c' WHERE id = '58360937-f1e9-5ac9-bd18-ee51a8bc8ef1';
UPDATE public.media SET service_id = '17e51b1a-6cc8-5fb8-a298-f35c9601008c' WHERE id = 'c59718bd-c0da-594f-ad53-b8aeed9bdfe0';
-- Using 3 curated images for service: Festmakeup 2
INSERT INTO public.media (id,created_at,file_path,media_type,chat_message_id,service_id,owner_id,application_id,review_id,is_preview_image,booking_note_id) VALUES ('7a811e17-5e95-58b0-8365-3be08e5e6a3a', DEFAULT, 'https://images.unsplash.com/photo-1595476108010-b4d1f102b1b1?w=800', 'service_image', NULL, NULL, NULL, NULL, NULL, 't', NULL), ('7fb5540f-721b-5810-a31a-d8a13fa9bb03', DEFAULT, 'https://images.unsplash.com/photo-1563401289-e8010d13da76?w=800', 'service_image', NULL, NULL, NULL, NULL, NULL, 'f', NULL), ('93f0ceba-2fd6-534c-967f-f78a2fb741f1', DEFAULT, 'https://images.unsplash.com/photo-1607779097040-26e80aa78e66?w=800', 'service_image', NULL, NULL, NULL, NULL, NULL, 'f', NULL);
UPDATE public.media SET service_id = '22bf4307-d5a9-538a-bcf4-909f5a7e33dc' WHERE id = '7a811e17-5e95-58b0-8365-3be08e5e6a3a';
UPDATE public.media SET service_id = '22bf4307-d5a9-538a-bcf4-909f5a7e33dc' WHERE id = '7fb5540f-721b-5810-a31a-d8a13fa9bb03';
UPDATE public.media SET service_id = '22bf4307-d5a9-538a-bcf4-909f5a7e33dc' WHERE id = '93f0ceba-2fd6-534c-967f-f78a2fb741f1';
-- Using 4 curated images for service: Herreklipp 2
INSERT INTO public.media (id,created_at,file_path,media_type,chat_message_id,service_id,owner_id,application_id,review_id,is_preview_image,booking_note_id) VALUES ('1cb3f8ac-72b9-5df4-b0be-720b2ea0bc83', DEFAULT, 'https://images.unsplash.com/photo-1607779097040-26e80aa78e66?w=800', 'service_image', NULL, NULL, NULL, NULL, NULL, 't', NULL), ('5d41584c-0d8d-5034-9822-4896718cdaea', DEFAULT, 'https://images.unsplash.com/photo-1607779097040-26e80aa78e66?w=800', 'service_image', NULL, NULL, NULL, NULL, NULL, 'f', NULL), ('bef5fcee-1597-5bff-beb9-e6570a112297', DEFAULT, 'https://images.unsplash.com/photo-1610992015732-2449b76344bc?w=800', 'service_image', NULL, NULL, NULL, NULL, NULL, 'f', NULL), ('2d05bf61-24ef-52bc-84eb-7c8136bce39c', DEFAULT, 'https://images.unsplash.com/photo-1563401289-e8010d13da76?w=800', 'service_image', NULL, NULL, NULL, NULL, NULL, 'f', NULL);
UPDATE public.media SET service_id = 'cce76ede-998c-52d2-903b-cbf19c7747a8' WHERE id = '1cb3f8ac-72b9-5df4-b0be-720b2ea0bc83';
UPDATE public.media SET service_id = 'cce76ede-998c-52d2-903b-cbf19c7747a8' WHERE id = '5d41584c-0d8d-5034-9822-4896718cdaea';
UPDATE public.media SET service_id = 'cce76ede-998c-52d2-903b-cbf19c7747a8' WHERE id = 'bef5fcee-1597-5bff-beb9-e6570a112297';
UPDATE public.media SET service_id = 'cce76ede-998c-52d2-903b-cbf19c7747a8' WHERE id = '2d05bf61-24ef-52bc-84eb-7c8136bce39c';
-- Using 4 curated images for service: Negleforlengelse 2
INSERT INTO public.media (id,created_at,file_path,media_type,chat_message_id,service_id,owner_id,application_id,review_id,is_preview_image,booking_note_id) VALUES ('a308fbcd-2830-5864-ac0c-33d945bd903e', DEFAULT, 'https://images.unsplash.com/photo-1607779097040-26e80aa78e66?w=800', 'service_image', NULL, NULL, NULL, NULL, NULL, 't', NULL), ('9ebc59c6-5ffb-521f-88c9-161cf237d699', DEFAULT, 'https://images.unsplash.com/photo-1604654894610-df63bc536371?w=800', 'service_image', NULL, NULL, NULL, NULL, NULL, 'f', NULL), ('b7f9743c-9536-5df0-9456-3778015eac6d', DEFAULT, 'https://images.unsplash.com/photo-1563401289-e8010d13da76?w=800', 'service_image', NULL, NULL, NULL, NULL, NULL, 'f', NULL), ('c850d84e-2cea-5aa5-8ea6-5fd1b0c16311', DEFAULT, 'https://images.unsplash.com/photo-1607779097040-26e80aa78e66?w=800', 'service_image', NULL, NULL, NULL, NULL, NULL, 'f', NULL);
UPDATE public.media SET service_id = 'a880eacd-2ef3-5f96-a387-1e4129739d58' WHERE id = 'a308fbcd-2830-5864-ac0c-33d945bd903e';
UPDATE public.media SET service_id = 'a880eacd-2ef3-5f96-a387-1e4129739d58' WHERE id = '9ebc59c6-5ffb-521f-88c9-161cf237d699';
UPDATE public.media SET service_id = 'a880eacd-2ef3-5f96-a387-1e4129739d58' WHERE id = 'b7f9743c-9536-5df0-9456-3778015eac6d';
UPDATE public.media SET service_id = 'a880eacd-2ef3-5f96-a387-1e4129739d58' WHERE id = 'c850d84e-2cea-5aa5-8ea6-5fd1b0c16311';
-- Using 3 curated images for service: Brynslaminering 2
INSERT INTO public.media (id,created_at,file_path,media_type,chat_message_id,service_id,owner_id,application_id,review_id,is_preview_image,booking_note_id) VALUES ('e754587a-7d61-5f8e-934e-52b25e1703f0', DEFAULT, 'https://images.unsplash.com/photo-1607779097040-26e80aa78e66?w=800', 'service_image', NULL, NULL, NULL, NULL, NULL, 't', NULL), ('51e4fc9e-212e-506a-8d8d-2ee021ffb948', DEFAULT, 'https://images.unsplash.com/photo-1563401289-e8010d13da76?w=800', 'service_image', NULL, NULL, NULL, NULL, NULL, 'f', NULL), ('1707cca2-57ad-582a-8c22-e116776fafa1', DEFAULT, 'https://images.unsplash.com/photo-1610992015732-2449b76344bc?w=800', 'service_image', NULL, NULL, NULL, NULL, NULL, 'f', NULL);
UPDATE public.media SET service_id = 'cc8895a3-c3b1-570a-9715-0e5f7037db58' WHERE id = 'e754587a-7d61-5f8e-934e-52b25e1703f0';
UPDATE public.media SET service_id = 'cc8895a3-c3b1-570a-9715-0e5f7037db58' WHERE id = '51e4fc9e-212e-506a-8d8d-2ee021ffb948';
UPDATE public.media SET service_id = 'cc8895a3-c3b1-570a-9715-0e5f7037db58' WHERE id = '1707cca2-57ad-582a-8c22-e116776fafa1';
-- Using 5 curated images for service: Highlights 2
INSERT INTO public.media (id,created_at,file_path,media_type,chat_message_id,service_id,owner_id,application_id,review_id,is_preview_image,booking_note_id) VALUES ('7164d1bd-f39b-5d9a-8dd6-06d70d866a82', DEFAULT, 'https://images.unsplash.com/photo-1595476108010-b4d1f102b1b1?w=800', 'service_image', NULL, NULL, NULL, NULL, NULL, 't', NULL), ('8478a71d-ef97-52e2-a397-f7e9e9dfe3bc', DEFAULT, 'https://images.unsplash.com/photo-1610992015732-2449b76344bc?w=800', 'service_image', NULL, NULL, NULL, NULL, NULL, 'f', NULL), ('9c84ac0d-4fcb-5543-b37e-cb630d5d37bd', DEFAULT, 'https://images.unsplash.com/photo-1610992015732-2449b76344bc?w=800', 'service_image', NULL, NULL, NULL, NULL, NULL, 'f', NULL), ('66cc2da9-0aba-57b4-8869-da93aab9078b', DEFAULT, 'https://images.unsplash.com/photo-1610992015732-2449b76344bc?w=800', 'service_image', NULL, NULL, NULL, NULL, NULL, 'f', NULL), ('7e6f0f77-9258-58f9-a80d-77d8b21910fa', DEFAULT, 'https://images.unsplash.com/photo-1610992015732-2449b76344bc?w=800', 'service_image', NULL, NULL, NULL, NULL, NULL, 'f', NULL);
UPDATE public.media SET service_id = 'db7cae9b-8f33-58bd-9446-2b7e4f35612c' WHERE id = '7164d1bd-f39b-5d9a-8dd6-06d70d866a82';
UPDATE public.media SET service_id = 'db7cae9b-8f33-58bd-9446-2b7e4f35612c' WHERE id = '8478a71d-ef97-52e2-a397-f7e9e9dfe3bc';
UPDATE public.media SET service_id = 'db7cae9b-8f33-58bd-9446-2b7e4f35612c' WHERE id = '9c84ac0d-4fcb-5543-b37e-cb630d5d37bd';
UPDATE public.media SET service_id = 'db7cae9b-8f33-58bd-9446-2b7e4f35612c' WHERE id = '66cc2da9-0aba-57b4-8869-da93aab9078b';
UPDATE public.media SET service_id = 'db7cae9b-8f33-58bd-9446-2b7e4f35612c' WHERE id = '7e6f0f77-9258-58f9-a80d-77d8b21910fa';
-- Using 3 curated images for service: Gellack manikyr 2
INSERT INTO public.media (id,created_at,file_path,media_type,chat_message_id,service_id,owner_id,application_id,review_id,is_preview_image,booking_note_id) VALUES ('89dfde93-4eb0-5e95-8172-a852803bf56f', DEFAULT, 'https://images.unsplash.com/photo-1595476108010-b4d1f102b1b1?w=800', 'service_image', NULL, NULL, NULL, NULL, NULL, 't', NULL), ('b4d88b4e-0925-5f86-96f6-2374b2fe0197', DEFAULT, 'https://images.unsplash.com/photo-1610992015732-2449b76344bc?w=800', 'service_image', NULL, NULL, NULL, NULL, NULL, 'f', NULL), ('cbced664-5c66-58af-a010-c7e811c8360d', DEFAULT, 'https://images.unsplash.com/photo-1595476108010-b4d1f102b1b1?w=800', 'service_image', NULL, NULL, NULL, NULL, NULL, 'f', NULL);
UPDATE public.media SET service_id = 'bfada96a-f22b-520d-a8a5-2a69720d77cb' WHERE id = '89dfde93-4eb0-5e95-8172-a852803bf56f';
UPDATE public.media SET service_id = 'bfada96a-f22b-520d-a8a5-2a69720d77cb' WHERE id = 'b4d88b4e-0925-5f86-96f6-2374b2fe0197';
UPDATE public.media SET service_id = 'bfada96a-f22b-520d-a8a5-2a69720d77cb' WHERE id = 'cbced664-5c66-58af-a010-c7e811c8360d';
-- Using 5 curated images for service: Brudefrisyre 2
INSERT INTO public.media (id,created_at,file_path,media_type,chat_message_id,service_id,owner_id,application_id,review_id,is_preview_image,booking_note_id) VALUES ('e34ec168-96c7-58fd-aad5-ae69f7ceb31d', DEFAULT, 'https://images.unsplash.com/photo-1604654894610-df63bc536371?w=800', 'service_image', NULL, NULL, NULL, NULL, NULL, 't', NULL), ('56f5e3f3-5a03-5cff-be54-c57d60090523', DEFAULT, 'https://images.unsplash.com/photo-1563401289-e8010d13da76?w=800', 'service_image', NULL, NULL, NULL, NULL, NULL, 'f', NULL), ('70f8be8b-11c9-5a4a-a1f3-8c85a9b65295', DEFAULT, 'https://images.unsplash.com/photo-1607779097040-26e80aa78e66?w=800', 'service_image', NULL, NULL, NULL, NULL, NULL, 'f', NULL), ('d447d614-fd28-559f-946e-301c5cc0767d', DEFAULT, 'https://images.unsplash.com/photo-1604654894610-df63bc536371?w=800', 'service_image', NULL, NULL, NULL, NULL, NULL, 'f', NULL), ('da94e260-ce89-5edc-b95d-d6b4535e5565', DEFAULT, 'https://images.unsplash.com/photo-1610992015732-2449b76344bc?w=800', 'service_image', NULL, NULL, NULL, NULL, NULL, 'f', NULL);
UPDATE public.media SET service_id = 'b7cfbb6f-5f3b-51a2-8f67-556f8e8bb547' WHERE id = 'e34ec168-96c7-58fd-aad5-ae69f7ceb31d';
UPDATE public.media SET service_id = 'b7cfbb6f-5f3b-51a2-8f67-556f8e8bb547' WHERE id = '56f5e3f3-5a03-5cff-be54-c57d60090523';
UPDATE public.media SET service_id = 'b7cfbb6f-5f3b-51a2-8f67-556f8e8bb547' WHERE id = '70f8be8b-11c9-5a4a-a1f3-8c85a9b65295';
UPDATE public.media SET service_id = 'b7cfbb6f-5f3b-51a2-8f67-556f8e8bb547' WHERE id = 'd447d614-fd28-559f-946e-301c5cc0767d';
UPDATE public.media SET service_id = 'b7cfbb6f-5f3b-51a2-8f67-556f8e8bb547' WHERE id = 'da94e260-ce89-5edc-b95d-d6b4535e5565';
-- Using 3 curated images for service: Kontur makeup 2
INSERT INTO public.media (id,created_at,file_path,media_type,chat_message_id,service_id,owner_id,application_id,review_id,is_preview_image,booking_note_id) VALUES ('aefc3f87-88a9-5aa7-a690-147663cc6f66', DEFAULT, 'https://images.unsplash.com/photo-1596462502278-27bfdc403348?w=800', 'service_image', NULL, NULL, NULL, NULL, NULL, 't', NULL), ('ef47c812-1e90-53ea-a974-389402864d3f', DEFAULT, 'https://images.unsplash.com/photo-1522338140262-f46f5913618c?w=800', 'service_image', NULL, NULL, NULL, NULL, NULL, 'f', NULL), ('24819597-2a2e-57b1-90c1-f90b8c10d01e', DEFAULT, 'https://images.unsplash.com/photo-1512496015851-a90fb38ba796?w=800', 'service_image', NULL, NULL, NULL, NULL, NULL, 'f', NULL);
UPDATE public.media SET service_id = 'ecbea8f6-b213-57b5-811c-b7261694ffa4' WHERE id = 'aefc3f87-88a9-5aa7-a690-147663cc6f66';
UPDATE public.media SET service_id = 'ecbea8f6-b213-57b5-811c-b7261694ffa4' WHERE id = 'ef47c812-1e90-53ea-a974-389402864d3f';
UPDATE public.media SET service_id = 'ecbea8f6-b213-57b5-811c-b7261694ffa4' WHERE id = '24819597-2a2e-57b1-90c1-f90b8c10d01e';
-- Using 4 curated images for service: Brude makeup 2
INSERT INTO public.media (id,created_at,file_path,media_type,chat_message_id,service_id,owner_id,application_id,review_id,is_preview_image,booking_note_id) VALUES ('4fd92da5-57f0-57e2-92d3-112833be5ffd', DEFAULT, 'https://images.unsplash.com/photo-1512496015851-a90fb38ba796?w=800', 'service_image', NULL, NULL, NULL, NULL, NULL, 't', NULL), ('e37c2719-bc2c-5cd4-ba41-297260c2b2a5', DEFAULT, 'https://images.unsplash.com/photo-1512496015851-a90fb38ba796?w=800', 'service_image', NULL, NULL, NULL, NULL, NULL, 'f', NULL), ('4d885f51-0619-55e2-85a4-e05c67041374', DEFAULT, 'https://images.unsplash.com/photo-1596462502278-27bfdc403348?w=800', 'service_image', NULL, NULL, NULL, NULL, NULL, 'f', NULL), ('4db44e77-9b54-5890-a390-f1f63a9408ca', DEFAULT, 'https://images.unsplash.com/photo-1583001931096-959e9a1a6223?w=800', 'service_image', NULL, NULL, NULL, NULL, NULL, 'f', NULL);
UPDATE public.media SET service_id = 'e120ba0e-3be9-5f1c-bd06-ba190e8d0b70' WHERE id = '4fd92da5-57f0-57e2-92d3-112833be5ffd';
UPDATE public.media SET service_id = 'e120ba0e-3be9-5f1c-bd06-ba190e8d0b70' WHERE id = 'e37c2719-bc2c-5cd4-ba41-297260c2b2a5';
UPDATE public.media SET service_id = 'e120ba0e-3be9-5f1c-bd06-ba190e8d0b70' WHERE id = '4d885f51-0619-55e2-85a4-e05c67041374';
UPDATE public.media SET service_id = 'e120ba0e-3be9-5f1c-bd06-ba190e8d0b70' WHERE id = '4db44e77-9b54-5890-a390-f1f63a9408ca';
-- Using 3 curated images for service: Dameklipp 2
INSERT INTO public.media (id,created_at,file_path,media_type,chat_message_id,service_id,owner_id,application_id,review_id,is_preview_image,booking_note_id) VALUES ('73a63871-4637-50f7-a8cf-a17686c7dc5b', DEFAULT, 'https://images.unsplash.com/photo-1512496015851-a90fb38ba796?w=800', 'service_image', NULL, NULL, NULL, NULL, NULL, 't', NULL), ('bd127772-a4de-5b6a-93d8-8fb1c0b93210', DEFAULT, 'https://images.unsplash.com/photo-1522338140262-f46f5913618c?w=800', 'service_image', NULL, NULL, NULL, NULL, NULL, 'f', NULL), ('ba622eeb-0858-5882-99a0-b62b53c8cb6e', DEFAULT, 'https://images.unsplash.com/photo-1487412947147-5cebf100ffc2?w=800', 'service_image', NULL, NULL, NULL, NULL, NULL, 'f', NULL);
UPDATE public.media SET service_id = '01386236-4a58-58c4-bc9b-b62296d5b0c8' WHERE id = '73a63871-4637-50f7-a8cf-a17686c7dc5b';
UPDATE public.media SET service_id = '01386236-4a58-58c4-bc9b-b62296d5b0c8' WHERE id = 'bd127772-a4de-5b6a-93d8-8fb1c0b93210';
UPDATE public.media SET service_id = '01386236-4a58-58c4-bc9b-b62296d5b0c8' WHERE id = 'ba622eeb-0858-5882-99a0-b62b53c8cb6e';
-- Using 3 curated images for service: Franske negler 2
INSERT INTO public.media (id,created_at,file_path,media_type,chat_message_id,service_id,owner_id,application_id,review_id,is_preview_image,booking_note_id) VALUES ('38d62570-55e1-5395-a25c-8df93ae10237', DEFAULT, 'https://images.unsplash.com/photo-1487412947147-5cebf100ffc2?w=800', 'service_image', NULL, NULL, NULL, NULL, NULL, 't', NULL), ('b6bfab67-d74d-5c7e-9c8e-4cb96b65dcf8', DEFAULT, 'https://images.unsplash.com/photo-1512496015851-a90fb38ba796?w=800', 'service_image', NULL, NULL, NULL, NULL, NULL, 'f', NULL), ('fa9c9937-5a1c-55c3-beb1-47e83e867683', DEFAULT, 'https://images.unsplash.com/photo-1596462502278-27bfdc403348?w=800', 'service_image', NULL, NULL, NULL, NULL, NULL, 'f', NULL);
UPDATE public.media SET service_id = '588ce9a6-824d-5ecc-ac30-0e0629217186' WHERE id = '38d62570-55e1-5395-a25c-8df93ae10237';
UPDATE public.media SET service_id = '588ce9a6-824d-5ecc-ac30-0e0629217186' WHERE id = 'b6bfab67-d74d-5c7e-9c8e-4cb96b65dcf8';
UPDATE public.media SET service_id = '588ce9a6-824d-5ecc-ac30-0e0629217186' WHERE id = 'fa9c9937-5a1c-55c3-beb1-47e83e867683';
-- Using 4 curated images for service: Brudefrisyre 2
INSERT INTO public.media (id,created_at,file_path,media_type,chat_message_id,service_id,owner_id,application_id,review_id,is_preview_image,booking_note_id) VALUES ('e0a60338-6512-576d-8fd8-d1b2ddc38843', DEFAULT, 'https://images.unsplash.com/photo-1583001931096-959e9a1a6223?w=800', 'service_image', NULL, NULL, NULL, NULL, NULL, 't', NULL), ('f94c3b02-aab1-5b06-a504-eb189c659e07', DEFAULT, 'https://images.unsplash.com/photo-1487412947147-5cebf100ffc2?w=800', 'service_image', NULL, NULL, NULL, NULL, NULL, 'f', NULL), ('d3def2a1-d87e-596e-9c6f-6a3ad10d2cb0', DEFAULT, 'https://images.unsplash.com/photo-1487412947147-5cebf100ffc2?w=800', 'service_image', NULL, NULL, NULL, NULL, NULL, 'f', NULL), ('9919dcf4-5c9f-5eac-bb50-42e422e0f725', DEFAULT, 'https://images.unsplash.com/photo-1522338140262-f46f5913618c?w=800', 'service_image', NULL, NULL, NULL, NULL, NULL, 'f', NULL);
UPDATE public.media SET service_id = '0416504c-bc7d-5f0c-ac2f-94736d68799c' WHERE id = 'e0a60338-6512-576d-8fd8-d1b2ddc38843';
UPDATE public.media SET service_id = '0416504c-bc7d-5f0c-ac2f-94736d68799c' WHERE id = 'f94c3b02-aab1-5b06-a504-eb189c659e07';
UPDATE public.media SET service_id = '0416504c-bc7d-5f0c-ac2f-94736d68799c' WHERE id = 'd3def2a1-d87e-596e-9c6f-6a3ad10d2cb0';
UPDATE public.media SET service_id = '0416504c-bc7d-5f0c-ac2f-94736d68799c' WHERE id = '9919dcf4-5c9f-5eac-bb50-42e422e0f725';
-- Using 5 curated images for service: Highlights 2
INSERT INTO public.media (id,created_at,file_path,media_type,chat_message_id,service_id,owner_id,application_id,review_id,is_preview_image,booking_note_id) VALUES ('b4cc9532-f0b2-5372-ba47-faae3bd1c6ca', DEFAULT, 'https://images.unsplash.com/photo-1512496015851-a90fb38ba796?w=800', 'service_image', NULL, NULL, NULL, NULL, NULL, 't', NULL), ('6c74c571-0163-56b4-bdfb-4e7f5ce9822a', DEFAULT, 'https://images.unsplash.com/photo-1512496015851-a90fb38ba796?w=800', 'service_image', NULL, NULL, NULL, NULL, NULL, 'f', NULL), ('2ea76bd9-bc83-5921-a5e1-a29e34468e7d', DEFAULT, 'https://images.unsplash.com/photo-1512496015851-a90fb38ba796?w=800', 'service_image', NULL, NULL, NULL, NULL, NULL, 'f', NULL), ('80b23d62-850f-5c1d-97d8-2a399e7606ae', DEFAULT, 'https://images.unsplash.com/photo-1522338140262-f46f5913618c?w=800', 'service_image', NULL, NULL, NULL, NULL, NULL, 'f', NULL), ('c47440c4-7067-5d9f-b282-a98ff4d6deba', DEFAULT, 'https://images.unsplash.com/photo-1596462502278-27bfdc403348?w=800', 'service_image', NULL, NULL, NULL, NULL, NULL, 'f', NULL);
UPDATE public.media SET service_id = 'ae095deb-f4d1-5a82-93a8-6df231b7cb4c' WHERE id = 'b4cc9532-f0b2-5372-ba47-faae3bd1c6ca';
UPDATE public.media SET service_id = 'ae095deb-f4d1-5a82-93a8-6df231b7cb4c' WHERE id = '6c74c571-0163-56b4-bdfb-4e7f5ce9822a';
UPDATE public.media SET service_id = 'ae095deb-f4d1-5a82-93a8-6df231b7cb4c' WHERE id = '2ea76bd9-bc83-5921-a5e1-a29e34468e7d';
UPDATE public.media SET service_id = 'ae095deb-f4d1-5a82-93a8-6df231b7cb4c' WHERE id = '80b23d62-850f-5c1d-97d8-2a399e7606ae';
UPDATE public.media SET service_id = 'ae095deb-f4d1-5a82-93a8-6df231b7cb4c' WHERE id = 'c47440c4-7067-5d9f-b282-a98ff4d6deba';
-- Using 3 curated images for service: Brynslaminering 2
INSERT INTO public.media (id,created_at,file_path,media_type,chat_message_id,service_id,owner_id,application_id,review_id,is_preview_image,booking_note_id) VALUES ('25f20481-353b-55ae-a8b0-311855682685', DEFAULT, 'https://images.unsplash.com/photo-1577565177023-d0f29c354b69?w=800', 'service_image', NULL, NULL, NULL, NULL, NULL, 't', NULL), ('6aff8bbd-bb3c-5d39-915e-52b22ac416ee', DEFAULT, 'https://images.unsplash.com/photo-1577565177023-d0f29c354b69?w=800', 'service_image', NULL, NULL, NULL, NULL, NULL, 'f', NULL), ('a1562f33-8599-5ad7-a81f-ea34efd325ee', DEFAULT, 'https://images.unsplash.com/photo-1614807536394-cd67bd4a634b?w=800', 'service_image', NULL, NULL, NULL, NULL, NULL, 'f', NULL);
UPDATE public.media SET service_id = 'b341b4e7-48c7-52a0-b31a-cfc76698083a' WHERE id = '25f20481-353b-55ae-a8b0-311855682685';
UPDATE public.media SET service_id = 'b341b4e7-48c7-52a0-b31a-cfc76698083a' WHERE id = '6aff8bbd-bb3c-5d39-915e-52b22ac416ee';
UPDATE public.media SET service_id = 'b341b4e7-48c7-52a0-b31a-cfc76698083a' WHERE id = 'a1562f33-8599-5ad7-a81f-ea34efd325ee';
INSERT INTO public.stylist_availability_rules (id,stylist_id,day_of_week,start_time,end_time) VALUES ('c60ae184-7fe3-5d8b-8ef9-7bcaca5af2ce', '5fef9e7c-116a-5504-a6ae-d16f4442d448', 'monday', '09:00', '17:00'), ('bd03682d-a54d-55cd-92d5-6357aee53472', '5fef9e7c-116a-5504-a6ae-d16f4442d448', 'tuesday', '09:00', '17:00'), ('d2cfbf3c-2f8c-560c-a17e-356a42049008', '5fef9e7c-116a-5504-a6ae-d16f4442d448', 'wednesday', '09:00', '17:00'), ('9c56a790-eceb-51eb-9fc9-ea7ba06b935a', '5fef9e7c-116a-5504-a6ae-d16f4442d448', 'thursday', '09:00', '17:00'), ('81bd8e0b-643c-55b2-9801-08d3b93feaf8', '5fef9e7c-116a-5504-a6ae-d16f4442d448', 'friday', '09:00', '17:00'), ('6a493aeb-bf62-5516-aae2-6ba6fdb14d34', '5fef9e7c-116a-5504-a6ae-d16f4442d448', 'saturday', '10:00', '15:00'), ('6f9c27f6-3cdc-5bb3-b8fc-540914e5733f', '5ac46069-d153-5b50-a0be-8a017d379243', 'tuesday', '12:00', '20:00'), ('514e9d0e-e8d9-590c-af83-812a0830e348', '5ac46069-d153-5b50-a0be-8a017d379243', 'wednesday', '12:00', '20:00'), ('ab465bc3-0e73-5320-b4bc-618880b146ef', '5ac46069-d153-5b50-a0be-8a017d379243', 'thursday', '12:00', '20:00'), ('dbef8424-421f-5745-9227-b88cc3edd63e', '5ac46069-d153-5b50-a0be-8a017d379243', 'friday', '10:00', '18:00'), ('76d8701f-a7ee-58bf-8399-82431d8b601e', '5ac46069-d153-5b50-a0be-8a017d379243', 'saturday', '09:00', '17:00'), ('44708471-0051-5838-b931-bb32352ec128', '5f2c632c-1003-5d3e-94f5-6085899aa359', 'monday', '10:00', '18:00'), ('83452a8c-2732-5e00-b522-1f6be455d4fc', '5f2c632c-1003-5d3e-94f5-6085899aa359', 'wednesday', '10:00', '18:00'), ('1e157e11-c2cf-5d44-b0fe-143bf785a869', '5f2c632c-1003-5d3e-94f5-6085899aa359', 'friday', '10:00', '18:00'), ('5cc90530-d6cb-540a-85f9-cd6f9f8c8764', '5f2c632c-1003-5d3e-94f5-6085899aa359', 'saturday', '09:00', '16:00');
INSERT INTO public.stylist_unavailability (id,stylist_id,start_time,end_time,reason) VALUES ('4cc8e567-6b18-58ad-87d4-61b6c5618de6', '5fef9e7c-116a-5504-a6ae-d16f4442d448', '2025-08-30T11:00:00.000Z', '2025-08-30T12:00:00.000Z', 'Lunsj'), ('a3945372-607b-568a-b0e2-2d7a029f73f8', '5ac46069-d153-5b50-a0be-8a017d379243', '2025-08-30T13:00:00.000Z', '2025-08-30T15:00:00.000Z', 'Tannlegetime');
INSERT INTO public.stylist_recurring_unavailability (id,stylist_id,title,start_time,end_time,series_start_date,series_end_date,rrule) VALUES ('4405c156-48d1-5d11-8ace-ad70785e617a', '5fef9e7c-116a-5504-a6ae-d16f4442d448', 'Lunsj pause', '12:00:00', '13:00:00', '2025-08-01T18:37:08.733Z', NULL, 'FREQ=WEEKLY;BYDAY=MO,TU,WE,TH,FR'), ('61e7c679-d738-56c9-ab18-18219dada9ca', '5ac46069-d153-5b50-a0be-8a017d379243', 'Ukentlig teammøte', '09:00:00', '10:00:00', '2025-08-01T18:37:08.733Z', NULL, 'FREQ=WEEKLY;BYDAY=TU'), ('7a28491e-d5b5-5b31-9eef-07d765427f80', '5f2c632c-1003-5d3e-94f5-6085899aa359', 'Månedlig planlegging', '14:00:00', '16:00:00', '2025-08-01T18:37:08.733Z', NULL, 'FREQ=MONTHLY;BYMONTHDAY=1');
INSERT INTO public.applications (id,created_at,user_id,birth_date,price_range_currency,price_range_from,price_range_to,professional_experience,status,address_nickname,city,country,email,entry_instructions,full_name,phone_number,postal_code,street_address) VALUES ('69da0a33-0eea-56e6-95d9-09f8e040951f', DEFAULT, NULL, '1990-05-15T00:00:00.000Z', 'NOK', 300, 800, '5 års erfaring som frisør hos Cutters. Spesialiserer meg på herreklipp og skjeggpleie.', 'applied', 'Neque ac cum causa de, res comprobab id fugiendisser sensummum expetua ab.', 'Trondheim', 'Norge', 'lars.eriksen@example.com', 'Sunt et sit voluperno qui voluptas iudicet ine.', 'Lars Eriksen', '+4795678901', '7013', 'Kirkegata 24'), ('0cccb40e-27a8-53e0-825a-92dbec25a608', DEFAULT, NULL, '1995-08-22T00:00:00.000Z', 'NOK', 500, 2500, 'Utdannet makeupartist fra Norges Makeup Akademi. 3 års erfaring med brude- og festmakeup.', 'pending_info', 'Est si percipi novi voluptat sit quietem.', 'Stavanger', 'Norge', 'anna.svendsen@example.com', 'Id vitae aut volunt in poetis si, naturove quod suscipi ut sin expetenim.', 'Anna Svendsen', '+4796789012', '4006', 'Dronningens gate 15'), ('be682399-6e1d-5674-be93-9d36ad201f4f', DEFAULT, NULL, '1988-11-30T00:00:00.000Z', 'NOK', 400, 1200, 'Sertifisert negletekniker med 7 års erfaring. Ekspert på gel og akryl.', 'approved', 'Vi ipsa expetetiam theatro in facil necest nostrum, erundum malumquam imos talibusque pleriquis honesta.', 'Oslo', 'Norge', 'ingrid.olsen@example.com', 'Es non alia inquit es autem ibus antur, expetiuntur futur praetertimo vacari praecepicul vero soliditia invituptat.', 'Ingrid Olsen', '+4797890123', '0123', 'Håkons gate 5');
INSERT INTO public.application_categories (application_id,category_id) VALUES ('69da0a33-0eea-56e6-95d9-09f8e040951f', '774d6a93-1a7a-59f0-b70f-9b0cccb98376'), ('0cccb40e-27a8-53e0-825a-92dbec25a608', 'a1b8b547-cac9-5eef-87c4-eb2759d940ae'), ('0cccb40e-27a8-53e0-825a-92dbec25a608', '48d376e0-21ce-5ed7-b7bc-26086c834c23'), ('be682399-6e1d-5674-be93-9d36ad201f4f', '40613055-bb54-561d-9553-1fee5ba0e651');
INSERT INTO public.discounts (id,created_at,updated_at,code,description,discount_percentage,discount_amount,currency,max_uses,current_uses,max_uses_per_user,is_active,valid_from,expires_at,minimum_order_amount) VALUES ('4baed22a-1c43-5e30-9f18-1ca31b7d709c', DEFAULT, DEFAULT, 'VELKOMMEN20', '20% rabatt for nye kunder', 20, NULL, 'NOK', 100, 12, 1, 't', '2024-01-01T00:00:00.000Z', '2024-12-31T00:00:00.000Z', 50000), ('ac808bcf-8db9-5c85-92a7-d9843d3fdbf4', DEFAULT, DEFAULT, 'SOMMER100', '100 kr rabatt på alle tjenester', NULL, 10000, 'NOK', 50, 5, 2, 't', '2024-06-01T00:00:00.000Z', '2024-08-31T00:00:00.000Z', 80000);
-- Creating bookings for testing...
INSERT INTO public.addresses (id,created_at,updated_at,user_id,nickname,street_address,city,postal_code,country,entry_instructions,is_primary,location) VALUES ('2d6f9bc6-83fd-5644-a61e-15eaa11b8495', DEFAULT, DEFAULT, '71c8f57c-aae5-5ac8-8fc0-a1ff399b17b8', 'Sommerhus', 'Strandveien 123', 'Oslo', '0250', 'Norge', 'Ring på døren, kode 1234', 'f', 'POINT(10.6831 59.8897)');
INSERT INTO public.bookings (id,created_at,updated_at,customer_id,stylist_id,start_time,end_time,message_to_stylist,status,address_id,stripe_payment_intent_id,total_duration_minutes,total_price,cancellation_reason,cancelled_at,discount_applied,discount_id) VALUES ('c0e1033f-5c17-52d3-8ec8-639717723180', DEFAULT, DEFAULT, '71c8f57c-aae5-5ac8-8fc0-a1ff399b17b8', '5fef9e7c-116a-5504-a6ae-d16f4442d448', '2025-08-30T18:37:08.735Z', '2025-08-30T20:07:08.735Z', 'Håper du kan hjelpe meg med en fin balayage som passer til hudfarge!', 'confirmed', NULL, 'pi_test_upcoming_confirmed_001', 90, 1600, 'Aut or peccandi sed constituit et mediocrisque.', '2020-01-09T12:48:15.000Z', 400, NULL), ('19f4b02d-74c2-570e-b2ad-1c256ba2d948', DEFAULT, DEFAULT, '71c8f57c-aae5-5ac8-8fc0-a1ff399b17b8', '5ac46069-d153-5b50-a0be-8a017d379243', '2025-08-26T18:37:08.735Z', '2025-08-26T19:37:08.735Z', 'Første gang jeg skal ha festmakeup, er litt nervøs!', 'pending', NULL, 'pi_test_upcoming_pending_002', 60, 1200, 'Per nobis migrarertun quidem non genii expetendas quodsi.', '2020-11-07T23:05:20.000Z', 0, NULL), ('167546cc-eb80-5257-826e-c308d9230d34', DEFAULT, DEFAULT, '71c8f57c-aae5-5ac8-8fc0-a1ff399b17b8', '5f2c632c-1003-5d3e-94f5-6085899aa359', '2025-07-24T18:37:08.735Z', '2025-07-24T20:37:08.735Z', 'Trenger klassiske vipper for bryllupet til min søster', 'completed', NULL, 'pi_test_completed_003', 120, 2500, 'Consis virtutibus paene transferre maximamic entium tendisputat dicent.', '2020-04-12T03:43:03.000Z', 0, NULL), ('c78af2d8-74ad-55ca-b6ee-c3e04971e3b1', DEFAULT, DEFAULT, '71c8f57c-aae5-5ac8-8fc0-a1ff399b17b8', '5fef9e7c-116a-5504-a6ae-d16f4442d448', '2025-08-16T18:37:08.735Z', '2025-08-16T19:22:08.735Z', 'Bare et enkelt klipp, takk!', 'cancelled', NULL, 'pi_test_cancelled_004', 45, 800, 'Måtte reise på jobb uventet', '2025-08-15T18:37:08.735Z', 0, NULL), ('7c0f36cb-52ba-5b93-bdbd-14954cc91be0', DEFAULT, DEFAULT, '815c84a1-9088-5e6f-b1ab-0853285c0e5d', '5ac46069-d153-5b50-a0be-8a017d379243', '2025-09-06T18:37:08.735Z', '2025-09-06T21:37:08.735Z', 'Dette er til bryllupet mitt! Ønsker både makeup og hår til forloveden min. Vi møtes hjemme hos oss.', 'confirmed', NULL, 'pi_test_wedding_005', 180, 2900, 'Est ac posse nec concedere tentiae in tur, torquem nisi ipsius et intellegit brutus causa.', '2020-08-20T07:17:56.000Z', 100, NULL), ('6c98d217-a6dd-53cd-8ab5-c00f53f01401', DEFAULT, DEFAULT, '815c84a1-9088-5e6f-b1ab-0853285c0e5d', '5f2c632c-1003-5d3e-94f5-6085899aa359', '2025-07-09T18:37:08.735Z', '2025-07-09T19:52:08.735Z', 'Både brynslaminering og forming, takk!', 'completed', NULL, 'pi_test_multiple_services_006', 75, 1400, 'Sibus putatomit dici entur honesse, omneminquit si tentus inmorbos non modo negantia.', '2020-05-13T04:54:12.000Z', 0, NULL), ('742dfc0a-06b9-50f4-b9ad-fd3f05e329b6', DEFAULT, DEFAULT, '815c84a1-9088-5e6f-b1ab-0853285c0e5d', '5ac46069-d153-5b50-a0be-8a017d379243', '2025-08-14T18:37:08.735Z', '2025-08-14T20:37:08.735Z', 'Gleder meg til timen!', 'completed', NULL, 'pi_test_generated_7', 120, 1640, 'Honestiae hominclusae triarius sint prospermagnum ne sublatum, aequum est essariae ut ipsa stabillam.', '2020-07-07T06:13:13.000Z', 0, NULL), ('bf43b54c-a4bc-5d33-aa98-7eec9416e9b6', DEFAULT, DEFAULT, '815c84a1-9088-5e6f-b1ab-0853285c0e5d', '5ac46069-d153-5b50-a0be-8a017d379243', '2025-09-01T18:37:08.735Z', '2025-09-01T20:07:08.735Z', 'Trenger en quick fix før fest', 'confirmed', NULL, 'pi_test_generated_8', 90, 800, 'Omnino sit vocet ipse natur quidem invenis.', '2020-11-07T22:18:58.000Z', 0, NULL), ('a809dcd7-58b5-5e49-b6de-c05da3b71dab', DEFAULT, DEFAULT, '71c8f57c-aae5-5ac8-8fc0-a1ff399b17b8', '5ac46069-d153-5b50-a0be-8a017d379243', '2025-08-02T18:37:08.735Z', '2025-08-02T20:07:08.735Z', 'Kan vi gjøre dette litt raskere denne gangen?', 'pending', NULL, 'pi_test_generated_9', 90, 1504, 'Qui accusatib maxime voluptatib sit rerum ero, il natur inquit et iis.', '2020-11-15T10:28:32.000Z', 0, NULL), ('18b9845f-a0b5-5cc0-826a-03b39be45e5a', DEFAULT, DEFAULT, '815c84a1-9088-5e6f-b1ab-0853285c0e5d', '5ac46069-d153-5b50-a0be-8a017d379243', '2025-09-03T18:37:08.735Z', '2025-09-03T19:37:08.735Z', 'Samme som sist, det var perfekt', 'cancelled', NULL, 'pi_test_generated_10', 60, 2219, 'Endret planer', '2025-09-02T18:37:08.735Z', 0, NULL), ('12388924-818e-57b5-8cbf-008d26ba5731', DEFAULT, DEFAULT, '815c84a1-9088-5e6f-b1ab-0853285c0e5d', '5ac46069-d153-5b50-a0be-8a017d379243', '2025-08-29T18:37:08.735Z', '2025-08-29T19:37:08.735Z', 'Første gang hos dere, er spent!', 'confirmed', NULL, 'pi_test_generated_11', 60, 1523, 'Illa igimad evole es est.', '2020-09-05T08:35:35.000Z', 0, NULL), ('5d142947-2c8b-5f01-a3e6-a597b5983d50', DEFAULT, DEFAULT, '815c84a1-9088-5e6f-b1ab-0853285c0e5d', '5ac46069-d153-5b50-a0be-8a017d379243', '2025-09-01T18:37:08.735Z', '2025-09-01T20:37:08.735Z', 'Håper dere kan hjelpe meg med en fin look', 'pending', NULL, 'pi_test_generated_12', 120, 1125, 'Dubitiae nis iudicur cum dissidua magna, quidem eo scribim rerum non inter.', '2020-06-26T17:21:09.000Z', 0, NULL), ('180afba5-b19e-58a3-84f9-afa14961b0f0', DEFAULT, DEFAULT, '71c8f57c-aae5-5ac8-8fc0-a1ff399b17b8', '5ac46069-d153-5b50-a0be-8a017d379243', '2025-06-30T18:37:08.735Z', '2025-06-30T20:37:08.735Z', 'Trenger en quick fix før fest', 'confirmed', NULL, 'pi_test_generated_13', 120, 2205, 'Nis philosophi inum fit reperalien aegritum nam eo.', '2020-01-25T00:47:57.000Z', 0, NULL), ('c359410f-7413-58ed-b664-cf59e8151ea2', DEFAULT, DEFAULT, '71c8f57c-aae5-5ac8-8fc0-a1ff399b17b8', '5f2c632c-1003-5d3e-94f5-6085899aa359', '2025-08-20T18:37:08.735Z', '2025-08-20T20:07:08.735Z', 'Håper dere kan hjelpe meg med en fin look', 'completed', NULL, 'pi_test_generated_14', 90, 2092, 'Ipsi maximum putat cum atque quibus, ut neque controvere atque imi vitamur.', '2020-03-03T15:03:06.000Z', 0, NULL), ('598e93f1-c14d-56ef-85a3-0437066d6dfb', DEFAULT, DEFAULT, '815c84a1-9088-5e6f-b1ab-0853285c0e5d', '5fef9e7c-116a-5504-a6ae-d16f4442d448', '2025-09-13T18:37:08.735Z', '2025-09-13T20:37:08.735Z', 'Kan vi gjøre dette litt raskere denne gangen?', 'confirmed', NULL, 'pi_test_generated_15', 120, 1638, 'Primum quid legim voluptas vellem adquiescertam eo nihilia.', '2020-05-21T16:20:11.000Z', 0, NULL), ('02535940-f27a-5e0d-b17b-5cb03729c85b', DEFAULT, DEFAULT, '815c84a1-9088-5e6f-b1ab-0853285c0e5d', '5fef9e7c-116a-5504-a6ae-d16f4442d448', '2025-07-08T18:37:08.735Z', '2025-07-08T19:37:08.735Z', 'Kan vi gjøre dette litt raskere denne gangen?', 'confirmed', NULL, 'pi_test_generated_16', 60, 1187, 'Ine etura statuam consum tem eadem voluptate.', '2020-12-24T11:26:05.000Z', 0, NULL), ('f60535d6-1ccc-5d73-bcaa-18569587486d', DEFAULT, DEFAULT, '815c84a1-9088-5e6f-b1ab-0853285c0e5d', '5f2c632c-1003-5d3e-94f5-6085899aa359', '2025-08-16T18:37:08.735Z', '2025-08-16T20:37:08.735Z', 'Trenger en quick fix før fest', 'confirmed', NULL, 'pi_test_generated_17', 120, 1447, 'Vero facergo arte abhorrent aliqua, intellegis aeque quaedamotio quibus ere.', '2020-10-18T09:49:22.000Z', 0, NULL), ('05831bf0-1881-5c08-acd9-6cff74d1c135', DEFAULT, DEFAULT, '71c8f57c-aae5-5ac8-8fc0-a1ff399b17b8', '5fef9e7c-116a-5504-a6ae-d16f4442d448', '2025-08-12T18:37:08.735Z', '2025-08-12T20:07:08.735Z', 'Håper dere kan hjelpe meg med en fin look', 'confirmed', NULL, 'pi_test_generated_18', 90, 1431, 'Quibus ut ullius quis non facet est supere.', '2020-11-11T10:10:52.000Z', 0, NULL), ('02653efd-cd00-57cc-a7ea-e3e91097b494', DEFAULT, DEFAULT, '71c8f57c-aae5-5ac8-8fc0-a1ff399b17b8', '5fef9e7c-116a-5504-a6ae-d16f4442d448', '2025-07-29T18:37:08.735Z', '2025-07-29T20:07:08.735Z', 'Vil gjerne prøve noe nytt', 'confirmed', NULL, 'pi_test_generated_19', 90, 1963, 'Quos venias es omni docet ipsi, modo dixitatque et voluptas quem at.', '2020-01-21T00:29:14.000Z', 0, NULL), ('a16b6848-d93e-52fd-8dee-885a237958e5', DEFAULT, DEFAULT, '71c8f57c-aae5-5ac8-8fc0-a1ff399b17b8', '5fef9e7c-116a-5504-a6ae-d16f4442d448', '2025-08-16T18:37:08.735Z', '2025-08-16T20:07:08.735Z', 'Første gang hos dere, er spent!', 'completed', NULL, 'pi_test_generated_20', 90, 2243, 'Opem vivenimus excruciantur diogent suum ine litter consueverga, sunt crudeloquen exis qua reliquid num voluptatib diligitur.', '2020-03-03T15:01:42.000Z', 0, NULL), ('b549475f-23ea-51db-a00b-61d128d30f71', DEFAULT, DEFAULT, '815c84a1-9088-5e6f-b1ab-0853285c0e5d', '5fef9e7c-116a-5504-a6ae-d16f4442d448', '2025-08-10T18:37:08.735Z', '2025-08-10T19:37:08.735Z', 'Gleder meg til timen!', 'completed', NULL, 'pi_test_generated_21', 60, 1267, 'Medeam haec eam quod ocritum carit mirare quae, il qui versa gratiam viti quidem es.', '2020-10-26T22:12:35.000Z', 0, NULL), ('6285f3b3-a529-5ce9-bafe-2a84cd98e61a', DEFAULT, DEFAULT, '71c8f57c-aae5-5ac8-8fc0-a1ff399b17b8', '5ac46069-d153-5b50-a0be-8a017d379243', '2025-07-09T18:37:08.735Z', '2025-07-09T19:37:08.735Z', 'Vanlig trim og styling, takk', 'cancelled', NULL, 'pi_test_generated_22', 60, 1700, 'Endret planer', '2025-07-08T18:37:08.735Z', 0, NULL), ('ce02ccc1-e039-5bde-80d1-40721f1e3eb3', DEFAULT, DEFAULT, '71c8f57c-aae5-5ac8-8fc0-a1ff399b17b8', '5ac46069-d153-5b50-a0be-8a017d379243', '2025-07-31T18:37:08.735Z', '2025-07-31T20:07:08.735Z', 'Første gang hos dere, er spent!', 'pending', NULL, 'pi_test_generated_23', 90, 1401, 'Privendi tantum omni res se, eum nullo ignavigit fuga manus tantalibus.', '2020-09-05T08:50:15.000Z', 0, NULL), ('b50a92d7-de0a-59a4-a473-2cb0cfc17371', DEFAULT, DEFAULT, '815c84a1-9088-5e6f-b1ab-0853285c0e5d', '5fef9e7c-116a-5504-a6ae-d16f4442d448', '2025-07-09T18:37:08.735Z', '2025-07-09T20:07:08.735Z', 'Håper dere kan hjelpe meg med en fin look', 'pending', NULL, 'pi_test_generated_24', 90, 1857, 'Successerit atio ore terem possunt ea.', '2020-05-25T04:32:15.000Z', 0, NULL), ('5bf8ffd5-5ad2-5596-a46d-d086bc198ac0', DEFAULT, DEFAULT, '815c84a1-9088-5e6f-b1ab-0853285c0e5d', '5f2c632c-1003-5d3e-94f5-6085899aa359', '2025-06-25T18:37:08.735Z', '2025-06-25T20:37:08.735Z', 'Samme som sist, det var perfekt', 'completed', NULL, 'pi_test_generated_25', 120, 1498, 'Vidia sit defen distinere de brevisque albam.', '2020-04-12T15:12:17.000Z', 0, NULL), ('2eb5ac24-09cf-525e-aa97-0d5064f0bc3c', DEFAULT, DEFAULT, '71c8f57c-aae5-5ac8-8fc0-a1ff399b17b8', '5ac46069-d153-5b50-a0be-8a017d379243', '2025-09-12T18:37:08.735Z', '2025-09-12T20:37:08.735Z', 'Første gang hos dere, er spent!', 'cancelled', NULL, 'pi_test_generated_26', 120, 1712, 'Endret planer', '2025-09-11T18:37:08.735Z', 0, NULL);
UPDATE public.bookings SET discount_id = '4baed22a-1c43-5e30-9f18-1ca31b7d709c' WHERE id = 'c0e1033f-5c17-52d3-8ec8-639717723180';
UPDATE public.bookings SET address_id = '2d6f9bc6-83fd-5644-a61e-15eaa11b8495' WHERE id = '19f4b02d-74c2-570e-b2ad-1c256ba2d948';
UPDATE public.bookings SET discount_id = 'ac808bcf-8db9-5c85-92a7-d9843d3fdbf4' WHERE id = '7c0f36cb-52ba-5b93-bdbd-14954cc91be0';
UPDATE public.bookings SET address_id = '2d6f9bc6-83fd-5644-a61e-15eaa11b8495' WHERE id = 'bf43b54c-a4bc-5d33-aa98-7eec9416e9b6';
UPDATE public.bookings SET address_id = '2d6f9bc6-83fd-5644-a61e-15eaa11b8495' WHERE id = 'a809dcd7-58b5-5e49-b6de-c05da3b71dab';
UPDATE public.bookings SET address_id = '2d6f9bc6-83fd-5644-a61e-15eaa11b8495' WHERE id = '18b9845f-a0b5-5cc0-826a-03b39be45e5a';
UPDATE public.bookings SET address_id = '2d6f9bc6-83fd-5644-a61e-15eaa11b8495' WHERE id = '180afba5-b19e-58a3-84f9-afa14961b0f0';
UPDATE public.bookings SET address_id = '2d6f9bc6-83fd-5644-a61e-15eaa11b8495' WHERE id = '05831bf0-1881-5c08-acd9-6cff74d1c135';
UPDATE public.bookings SET address_id = '2d6f9bc6-83fd-5644-a61e-15eaa11b8495' WHERE id = 'b549475f-23ea-51db-a00b-61d128d30f71';
UPDATE public.bookings SET address_id = '2d6f9bc6-83fd-5644-a61e-15eaa11b8495' WHERE id = '6285f3b3-a529-5ce9-bafe-2a84cd98e61a';
UPDATE public.bookings SET address_id = '2d6f9bc6-83fd-5644-a61e-15eaa11b8495' WHERE id = 'ce02ccc1-e039-5bde-80d1-40721f1e3eb3';
UPDATE public.bookings SET address_id = '2d6f9bc6-83fd-5644-a61e-15eaa11b8495' WHERE id = '5bf8ffd5-5ad2-5596-a46d-d086bc198ac0';
-- Linking services to bookings...
INSERT INTO public.booking_services (booking_id,service_id) VALUES ('c0e1033f-5c17-52d3-8ec8-639717723180', '7c724ddb-a436-508b-954f-ea531f015c8e'), ('19f4b02d-74c2-570e-b2ad-1c256ba2d948', '6988ab5f-f1cf-533e-9e10-6250fa03d64e'), ('167546cc-eb80-5257-826e-c308d9230d34', 'e7cf44d6-9f4a-5776-853b-a7a4072a5d45'), ('c78af2d8-74ad-55ca-b6ee-c3e04971e3b1', '76182b33-2b88-55da-9317-c322cfc4cdb2'), ('7c0f36cb-52ba-5b93-bdbd-14954cc91be0', 'b50cd102-29cf-5eae-88fc-400d1de89af3'), ('7c0f36cb-52ba-5b93-bdbd-14954cc91be0', 'dc966564-92f1-506b-ba19-7d7bb1f740ab'), ('6c98d217-a6dd-53cd-8ab5-c00f53f01401', 'e45210c4-5037-5acd-828e-6a2c7da9a3db'), ('6c98d217-a6dd-53cd-8ab5-c00f53f01401', '624647d9-add1-5d7f-8000-30a3a9f0fb30'), ('742dfc0a-06b9-50f4-b9ad-fd3f05e329b6', 'f105e82d-4f15-5b10-b687-21bb390972df'), ('bf43b54c-a4bc-5d33-aa98-7eec9416e9b6', '588ce9a6-824d-5ecc-ac30-0e0629217186'), ('a809dcd7-58b5-5e49-b6de-c05da3b71dab', 'a84c07d7-9cad-533f-b8cf-1e50727560c4'), ('18b9845f-a0b5-5cc0-826a-03b39be45e5a', '14178b43-5f90-51e4-b62a-dd642da598f8'), ('18b9845f-a0b5-5cc0-826a-03b39be45e5a', '753f481f-9fee-53c1-bef0-6fc0bcf78933'), ('12388924-818e-57b5-8cbf-008d26ba5731', '5e167626-1d66-5123-9111-b3d1d294a57b'), ('5d142947-2c8b-5f01-a3e6-a597b5983d50', 'e7cf44d6-9f4a-5776-853b-a7a4072a5d45'), ('5d142947-2c8b-5f01-a3e6-a597b5983d50', 'bdd1b363-ac2b-5678-88e3-3a63f4b658f4'), ('180afba5-b19e-58a3-84f9-afa14961b0f0', 'b7d36b38-fe23-5e84-a721-275f656c2211'), ('c359410f-7413-58ed-b664-cf59e8151ea2', '223d99f1-5c50-536e-b2f1-21ff103a026e'), ('598e93f1-c14d-56ef-85a3-0437066d6dfb', 'cce76ede-998c-52d2-903b-cbf19c7747a8'), ('598e93f1-c14d-56ef-85a3-0437066d6dfb', 'd7664d95-3caa-5e9b-ac21-e5f97a492422'), ('02535940-f27a-5e0d-b17b-5cb03729c85b', 'c970b6e4-e959-5586-9093-3c50e0f7ab60'), ('02535940-f27a-5e0d-b17b-5cb03729c85b', 'b0111ba7-5a98-5907-ba27-3f45196d3977'), ('f60535d6-1ccc-5d73-bcaa-18569587486d', 'dc966564-92f1-506b-ba19-7d7bb1f740ab'), ('05831bf0-1881-5c08-acd9-6cff74d1c135', '87cfc1e8-8252-5821-8c8f-8b6a31cb5156'), ('05831bf0-1881-5c08-acd9-6cff74d1c135', 'a1a04c06-3a8f-58fb-a6ac-fd4aa9f23a92'), ('02653efd-cd00-57cc-a7ea-e3e91097b494', 'f67b1d42-e134-5c10-baf6-9357f4083f61'), ('02653efd-cd00-57cc-a7ea-e3e91097b494', 'e120ba0e-3be9-5f1c-bd06-ba190e8d0b70'), ('a16b6848-d93e-52fd-8dee-885a237958e5', 'b50cd102-29cf-5eae-88fc-400d1de89af3'), ('a16b6848-d93e-52fd-8dee-885a237958e5', 'e0c122d0-a1c6-57e5-8e5a-a275d77d69a9'), ('b549475f-23ea-51db-a00b-61d128d30f71', '624647d9-add1-5d7f-8000-30a3a9f0fb30'), ('6285f3b3-a529-5ce9-bafe-2a84cd98e61a', 'e2a5feea-e90d-5eb7-9c72-fef6ba325faf'), ('6285f3b3-a529-5ce9-bafe-2a84cd98e61a', 'b0111ba7-5a98-5907-ba27-3f45196d3977'), ('ce02ccc1-e039-5bde-80d1-40721f1e3eb3', '0416504c-bc7d-5f0c-ac2f-94736d68799c'), ('ce02ccc1-e039-5bde-80d1-40721f1e3eb3', '5d426f4d-43a7-5476-969b-4ca4336173ad'), ('b50a92d7-de0a-59a4-a473-2cb0cfc17371', '17174d2b-fa53-516c-9c8f-328d1c1d0a8c'), ('5bf8ffd5-5ad2-5596-a46d-d086bc198ac0', '87cfc1e8-8252-5821-8c8f-8b6a31cb5156'), ('2eb5ac24-09cf-525e-aa97-0d5064f0bc3c', '2a66a173-5e57-53c4-a2e0-3d491704e63c');
-- Creating chats for some bookings...
INSERT INTO public.chats (id,created_at,updated_at,booking_id) VALUES ('639b8a78-3db3-577f-ac95-c7f0480b85bc', DEFAULT, DEFAULT, 'c0e1033f-5c17-52d3-8ec8-639717723180'), ('544c32c9-5980-5a71-93f3-055040936dc3', DEFAULT, DEFAULT, '19f4b02d-74c2-570e-b2ad-1c256ba2d948'), ('de362e88-fda9-5494-8d8e-146245bb4f68', DEFAULT, DEFAULT, '7c0f36cb-52ba-5b93-bdbd-14954cc91be0');
-- Adding chat messages...
INSERT INTO public.chat_messages (id,created_at,chat_id,sender_id,content,is_read) VALUES ('c678ec7c-f99c-51fe-942f-0c4d319ee345', '2019-08-25T18:37:08.739Z', '639b8a78-3db3-577f-ac95-c7f0480b85bc', '71c8f57c-aae5-5ac8-8fc0-a1ff399b17b8', 'Dette er en veldig gammel melding som skal slettes av cron job.', 't'), ('4eb4a0d5-c54b-5992-8940-f56c1a772bc2', '2019-08-26T18:37:08.739Z', '639b8a78-3db3-577f-ac95-c7f0480b85bc', '5fef9e7c-116a-5504-a6ae-d16f4442d448', 'Denne meldingen er også over 5 år gammel og skal fjernes.', 't'), ('1e313884-7556-506e-9149-caa06bd7fade', '2019-09-04T18:37:08.739Z', '544c32c9-5980-5a71-93f3-055040936dc3', '71c8f57c-aae5-5ac8-8fc0-a1ff399b17b8', 'Gammel chat fra 2018 som skal slettes automatisk.', 't');
-- Added old chat messages for cron job testing
INSERT INTO public.chat_messages (id,created_at,chat_id,sender_id,content,is_read) VALUES ('af6ed1e7-73f7-5d46-939e-0b91286281af', DEFAULT, '639b8a78-3db3-577f-ac95-c7f0480b85bc', '71c8f57c-aae5-5ac8-8fc0-a1ff399b17b8', 'Hei Maria! Gleder meg til å få balayage neste uke. Har du noen tips til hvordan jeg skal forberede håret?', 't'), ('d05240f7-a094-553a-872c-b691703448c7', DEFAULT, '639b8a78-3db3-577f-ac95-c7f0480b85bc', '5fef9e7c-116a-5504-a6ae-d16f4442d448', 'Hei Kari! Så hyggelig at du kommer til meg. Unngå å vaske håret dagen før, så får vi best resultat 😊', 't'), ('a3c093c4-4f87-5721-b1ea-5d3e5def792a', DEFAULT, '639b8a78-3db3-577f-ac95-c7f0480b85bc', '71c8f57c-aae5-5ac8-8fc0-a1ff399b17b8', 'Tusen takk for tipset! Sees neste uke!', 'f'), ('6d244b7e-9a0f-568e-b87a-f31a6b71070d', DEFAULT, '544c32c9-5980-5a71-93f3-055040936dc3', '71c8f57c-aae5-5ac8-8fc0-a1ff399b17b8', 'Hei Emma! Lurer på om du kan komme til sommerhuset mitt i stedet? Sender adressen i meldingen til stylisten.', 'f'), ('1d8273d2-ae53-5ada-bbc6-97cd1271b9b7', DEFAULT, 'de362e88-fda9-5494-8d8e-146245bb4f68', '815c84a1-9088-5e6f-b1ab-0853285c0e5d', 'Hei Emma! Dette er for bryllupet vårt. Har du gjort bryllupsstyling før?', 't'), ('a4d2eb65-320b-5af3-913d-e2a0b2e925c0', DEFAULT, 'de362e88-fda9-5494-8d8e-146245bb4f68', '5ac46069-d153-5b50-a0be-8a017d379243', 'Gratulerer med bryllupet! Ja, jeg har mye erfaring med bryllup. Dette blir fantastisk! 💍✨', 't');
-- Creating payment records...
INSERT INTO public.payments (id,created_at,updated_at,booking_id,payment_intent_id,total_amount,platform_fee,stylist_payout_amount,currency,stylist_transfer_id,status,succeeded_at,payout_initiated_at,payout_completed_at) VALUES ('d8c64b29-97d8-5131-98cb-b90c83254414', DEFAULT, DEFAULT, '167546cc-eb80-5257-826e-c308d9230d34', 'pi_test_completed_003', 250000, 50000, 200000, 'NOK', 'Provocendi me cum praetere non aliquarum nos inemus.', 'succeeded', '2025-07-25T18:37:08.740Z', '2020-02-14T01:12:39.000Z', '2025-07-26T18:37:08.740Z'), ('cf06fdcb-9ba1-5712-a11b-4d80e17202ae', DEFAULT, DEFAULT, '6c98d217-a6dd-53cd-8ab5-c00f53f01401', 'pi_test_multiple_services_006', 140000, 28000, 112000, 'NOK', 'Ad ata et operque sit primum.', 'succeeded', '2025-07-10T18:37:08.740Z', '2020-09-05T08:53:17.000Z', '2025-07-11T18:37:08.740Z');
-- Creating reviews and ratings...
INSERT INTO public.bookings (id,created_at,updated_at,customer_id,stylist_id,start_time,end_time,message_to_stylist,status,address_id,stripe_payment_intent_id,total_duration_minutes,total_price,cancellation_reason,cancelled_at,discount_applied,discount_id) VALUES ('612e443e-988b-5495-8f76-fd7bc6465b9c', DEFAULT, DEFAULT, '5ac46069-d153-5b50-a0be-8a017d379243', '5fef9e7c-116a-5504-a6ae-d16f4442d448', '2025-08-08T18:37:08.740Z', '2025-08-08T19:37:08.740Z', 'Trenger en oppfriskning av håret mitt!', 'completed', NULL, 'pi_test_stylist_customer_001', 60, 800, 'Romanturbat in sic quicquamvis amicur comparanes si.', '2020-06-06T06:00:40.000Z', DEFAULT, NULL), ('46a480a2-27c9-5af3-8dd9-97b2db92d43f', DEFAULT, DEFAULT, '5f2c632c-1003-5d3e-94f5-6085899aa359', '5ac46069-d153-5b50-a0be-8a017d379243', '2025-08-01T18:37:08.740Z', '2025-08-01T20:07:08.740Z', 'Vil gjerne prøve den nye gel-metoden din!', 'completed', NULL, 'pi_test_stylist_customer_002', 90, 650, 'Tum vertatemus obruamus es commensae summum ingenus.', '2020-10-14T21:09:55.000Z', DEFAULT, NULL), ('44816af4-673d-5df1-b7d7-d7d0c6b12e02', DEFAULT, DEFAULT, '5f2c632c-1003-5d3e-94f5-6085899aa359', '5fef9e7c-116a-5504-a6ae-d16f4442d448', '2025-08-15T18:37:08.740Z', '2025-08-15T20:37:08.740Z', 'Trenger makeup til fest på lørdag!', 'completed', NULL, 'pi_test_stylist_customer_003', 120, 1200, 'Ne sed solum sero acest bene.', '2020-04-16T03:56:51.000Z', DEFAULT, NULL), ('a2b06727-6b2a-5933-8aee-8ddf8f294101', DEFAULT, DEFAULT, '5ac46069-d153-5b50-a0be-8a017d379243', '5f2c632c-1003-5d3e-94f5-6085899aa359', '2025-07-19T18:37:08.740Z', '2025-07-19T20:07:08.740Z', 'Vil prøve lash lift for første gang!', 'completed', NULL, 'pi_test_stylist_customer_004', 90, 800, 'Quidem quod poris amicita saepti cognosci hinc, nec si esse confirmare natur homincompos.', '2020-09-01T21:08:50.000Z', DEFAULT, NULL), ('3c1e3879-62f2-5f34-bce0-f5aaf27d9324', DEFAULT, DEFAULT, '5f2c632c-1003-5d3e-94f5-6085899aa359', '5fef9e7c-116a-5504-a6ae-d16f4442d448', '2025-07-12T18:37:08.740Z', '2025-07-12T21:07:08.740Z', 'Samme som sist takk!', 'completed', NULL, 'pi_test_extra_001', 150, 1500, 'Moles nec inosopho ad causasque, nullo quos ea utillum am expetenim salut.', '2020-05-25T04:32:02.000Z', DEFAULT, NULL), ('2a02830a-2636-5e4f-84c3-6d342f3c73a3', DEFAULT, DEFAULT, '71c8f57c-aae5-5ac8-8fc0-a1ff399b17b8', '5ac46069-d153-5b50-a0be-8a017d379243', '2025-08-02T18:37:08.740Z', '2025-08-02T19:37:08.740Z', 'Noe nytt og spennende!', 'completed', NULL, 'pi_test_extra_002', 60, 650, 'Ut est plurimpenden causamus legeri delecta.', '2020-11-19T22:13:20.000Z', DEFAULT, NULL), ('4a27d247-c2bf-50c1-a2ac-57f93c8063f7', DEFAULT, DEFAULT, '71c8f57c-aae5-5ac8-8fc0-a1ff399b17b8', '5f2c632c-1003-5d3e-94f5-6085899aa359', '2025-07-11T18:37:08.740Z', '2025-07-11T20:07:08.740Z', 'Samme som sist takk!', 'completed', NULL, 'pi_test_extra_003', 90, 1500, 'Pacuvii compararem et ipsos ani, quantum verit sabinit virtutem statua quae per.', '2020-06-06T05:09:59.000Z', DEFAULT, NULL), ('724cc590-91ed-5190-8d6f-17939b16e5ba', DEFAULT, DEFAULT, '5ac46069-d153-5b50-a0be-8a017d379243', '5fef9e7c-116a-5504-a6ae-d16f4442d448', '2025-08-08T18:37:08.740Z', '2025-08-08T21:07:08.740Z', 'Samme som sist takk!', 'completed', NULL, 'pi_test_extra_004', 150, 1200, 'Nesque dolorum sunt sit exquisita, omum ut ari nihil prorsusceptur faciente.', '2020-08-20T08:09:47.000Z', DEFAULT, NULL), ('67ec4adb-6fb5-53a4-9d19-1440fe8cdca7', DEFAULT, DEFAULT, '71c8f57c-aae5-5ac8-8fc0-a1ff399b17b8', '5ac46069-d153-5b50-a0be-8a017d379243', '2025-07-25T18:37:08.740Z', '2025-07-25T19:37:08.740Z', 'Trenger en fresh look!', 'completed', NULL, 'pi_test_extra_006', 60, 500, 'Si appetentes metum et quodsi legis.', '2020-03-19T14:27:29.000Z', DEFAULT, NULL), ('4f5ecdf9-3092-523f-99e9-11e8ad888546', DEFAULT, DEFAULT, '815c84a1-9088-5e6f-b1ab-0853285c0e5d', '5ac46069-d153-5b50-a0be-8a017d379243', '2025-08-12T18:37:08.740Z', '2025-08-12T20:07:08.740Z', 'Samme som sist takk!', 'completed', NULL, 'pi_test_extra_007', 90, 800, 'In extremo nulla ut eum si quisque cupis.', '2020-10-18T21:58:20.000Z', DEFAULT, NULL), ('293a273d-dcae-5860-93ac-b71d70f83626', DEFAULT, DEFAULT, '815c84a1-9088-5e6f-b1ab-0853285c0e5d', '5ac46069-d153-5b50-a0be-8a017d379243', '2025-06-24T18:37:08.740Z', '2025-06-24T20:37:08.740Z', 'Første gang hos deg!', 'completed', NULL, 'pi_test_extra_008', 120, 1500, 'Vivendi imum eos imus tellegat quando.', '2020-12-28T23:41:17.000Z', DEFAULT, NULL), ('497d59ff-347b-5930-8da7-1a2f341df1e8', DEFAULT, DEFAULT, '815c84a1-9088-5e6f-b1ab-0853285c0e5d', '5f2c632c-1003-5d3e-94f5-6085899aa359', '2025-08-08T18:37:08.740Z', '2025-08-08T19:37:08.740Z', 'Trenger en fresh look!', 'completed', NULL, 'pi_test_extra_009', 60, 500, 'Arbitrerum quippe et nec ulla placatomnes quae.', '2020-01-09T12:36:23.000Z', DEFAULT, NULL), ('c90fa8eb-cc23-5101-a427-696268215e26', DEFAULT, DEFAULT, '5f2c632c-1003-5d3e-94f5-6085899aa359', '5fef9e7c-116a-5504-a6ae-d16f4442d448', '2025-07-09T18:37:08.740Z', '2025-07-09T21:07:08.740Z', 'Første gang hos deg!', 'completed', NULL, 'pi_test_extra_010', 150, 800, 'Agam vitae es iis doloritor, honest quae dissentior ne brute.', '2020-08-12T19:39:14.000Z', DEFAULT, NULL), ('d9169c4b-322d-5312-a544-479e3f8b3e48', DEFAULT, DEFAULT, '815c84a1-9088-5e6f-b1ab-0853285c0e5d', '5fef9e7c-116a-5504-a6ae-d16f4442d448', '2025-06-24T18:37:08.740Z', '2025-06-24T20:37:08.740Z', 'Trenger en fresh look!', 'completed', NULL, 'pi_test_extra_011', 120, 1500, 'Et quod probare epicra nobisdemoc.', '2020-05-01T04:51:19.000Z', DEFAULT, NULL), ('e65e9495-0783-5e03-bf06-d753276745aa', DEFAULT, DEFAULT, '815c84a1-9088-5e6f-b1ab-0853285c0e5d', '5f2c632c-1003-5d3e-94f5-6085899aa359', '2025-08-07T18:37:08.740Z', '2025-08-07T20:07:08.740Z', 'Noe nytt og spennende!', 'completed', NULL, 'pi_test_extra_012', 90, 500, 'Tractate afferiora et corporis sed modum.', '2020-12-20T23:43:29.000Z', DEFAULT, NULL), ('88674cf3-deba-50f1-8ce8-9b2d65a7e4bf', DEFAULT, DEFAULT, '5f2c632c-1003-5d3e-94f5-6085899aa359', '5ac46069-d153-5b50-a0be-8a017d379243', '2025-06-29T18:37:08.740Z', '2025-06-29T20:37:08.740Z', 'Samme som sist takk!', 'completed', NULL, 'pi_test_extra_013', 120, 800, 'Autemus quae hones sed ut physicis, mutae conquis autem scientiam est et habeat cum.', '2020-03-03T14:11:50.000Z', DEFAULT, NULL), ('673c29dd-6c68-5ff5-b7d8-d406164b6d89', DEFAULT, DEFAULT, '71c8f57c-aae5-5ac8-8fc0-a1ff399b17b8', '5f2c632c-1003-5d3e-94f5-6085899aa359', '2025-08-09T18:37:08.740Z', '2025-08-09T20:07:08.740Z', 'Første gang hos deg!', 'completed', NULL, 'pi_test_extra_014', 90, 800, 'Autemus aret iam et osam et commemin, non liberendus inerit aliquam noctes isque quem aptius.', '2020-11-23T10:15:58.000Z', DEFAULT, NULL), ('f7919f4f-0c99-597c-983c-1eb5590de3f1', DEFAULT, DEFAULT, '5f2c632c-1003-5d3e-94f5-6085899aa359', '5fef9e7c-116a-5504-a6ae-d16f4442d448', '2025-06-24T18:37:08.740Z', '2025-06-24T20:07:08.740Z', 'Gleder meg!', 'completed', NULL, 'pi_test_extra_015', 90, 1500, 'Si non detractio vult afficit probo salutrum qui.', '2020-07-27T06:22:17.000Z', DEFAULT, NULL), ('ee585ce6-086c-5ef1-bf19-e379dda27f2a', DEFAULT, DEFAULT, '5fef9e7c-116a-5504-a6ae-d16f4442d448', '5f2c632c-1003-5d3e-94f5-6085899aa359', '2025-07-23T18:37:08.740Z', '2025-07-23T21:07:08.740Z', 'Noe nytt og spennende!', 'completed', NULL, 'pi_test_extra_016', 150, 800, 'Sequuntur et iisque corporro sine videravis inducuntiar.', '2020-02-18T13:17:01.000Z', DEFAULT, NULL), ('66ba785f-af4a-57b2-9350-bda587133953', DEFAULT, DEFAULT, '5fef9e7c-116a-5504-a6ae-d16f4442d448', '5f2c632c-1003-5d3e-94f5-6085899aa359', '2025-08-12T18:37:08.740Z', '2025-08-12T19:37:08.740Z', 'Første gang hos deg!', 'completed', NULL, 'pi_test_extra_017', 60, 1200, 'Turbamurrer desertis magnamentur ut possunt is non inquam, ipsos reperierun disceri et ponti sentendit idiscunt.', '2020-06-10T05:32:11.000Z', DEFAULT, NULL), ('a3e312c3-be01-5537-86e3-3c5301b732f0', DEFAULT, DEFAULT, '815c84a1-9088-5e6f-b1ab-0853285c0e5d', '5ac46069-d153-5b50-a0be-8a017d379243', '2025-07-05T18:37:08.741Z', '2025-07-05T20:37:08.741Z', 'Trenger en fresh look!', 'completed', NULL, 'pi_test_extra_022', 120, 1200, 'De ego si fieri vivendum.', '2020-04-04T15:43:08.000Z', DEFAULT, NULL), ('8bf02f04-857f-565d-9557-5ccfda142025', DEFAULT, DEFAULT, '815c84a1-9088-5e6f-b1ab-0853285c0e5d', '5fef9e7c-116a-5504-a6ae-d16f4442d448', '2025-07-12T18:37:08.741Z', '2025-07-12T19:37:08.741Z', 'Gleder meg!', 'completed', NULL, 'pi_test_extra_023', 60, 500, 'Et quem laudarem esse indus.', '2020-06-22T17:26:20.000Z', DEFAULT, NULL);
INSERT INTO public.reviews (id,created_at,booking_id,customer_id,stylist_id,rating,comment) VALUES ('1b3a4894-b0fd-5bc9-9073-1e189f8f3f51', DEFAULT, '167546cc-eb80-5257-826e-c308d9230d34', '71c8f57c-aae5-5ac8-8fc0-a1ff399b17b8', '5f2c632c-1003-5d3e-94f5-6085899aa359', 5, 'Absolutt fantastisk! Emma er så dyktig og profesjonell. Resultatet overgikk mine forventninger. Kommer definitivt tilbake!'), ('11b8c1de-a501-5f44-804b-06d831683517', DEFAULT, '6c98d217-a6dd-53cd-8ab5-c00f53f01401', '815c84a1-9088-5e6f-b1ab-0853285c0e5d', '5f2c632c-1003-5d3e-94f5-6085899aa359', 5, 'Utrolig bra jobb! Sofia har virkelig peiling på det hun driver med. Anbefaler henne til alle!'), ('f9f72bc9-394e-5d52-8879-e0c2b394f2a3', DEFAULT, '742dfc0a-06b9-50f4-b9ad-fd3f05e329b6', '815c84a1-9088-5e6f-b1ab-0853285c0e5d', '5ac46069-d153-5b50-a0be-8a017d379243', 5, 'Kunne ikke vært mer fornøyd! Maria lyttet til ønskene mine og leverte akkurat det jeg ønsket meg.'), ('7379d022-aa2a-510e-bb61-a9168729a731', DEFAULT, 'c359410f-7413-58ed-b664-cf59e8151ea2', '71c8f57c-aae5-5ac8-8fc0-a1ff399b17b8', '5f2c632c-1003-5d3e-94f5-6085899aa359', 4, 'Bra opplevelse hos Sophia. Hun er profesjonell og resultatet ble som forventet. Kommer igjen!'), ('3e719494-33aa-507b-808e-897e0e2dae22', DEFAULT, 'a16b6848-d93e-52fd-8dee-885a237958e5', '71c8f57c-aae5-5ac8-8fc0-a1ff399b17b8', '5fef9e7c-116a-5504-a6ae-d16f4442d448', 5, 'Absolutt fantastisk! Emma er så dyktig og profesjonell. Resultatet overgikk mine forventninger. Kommer definitivt tilbake!'), ('807aa1e1-7cbb-506f-a6c7-0750007a4e56', DEFAULT, 'b549475f-23ea-51db-a00b-61d128d30f71', '815c84a1-9088-5e6f-b1ab-0853285c0e5d', '5fef9e7c-116a-5504-a6ae-d16f4442d448', 5, 'Utrolig bra jobb! Sofia har virkelig peiling på det hun driver med. Anbefaler henne til alle!'), ('9cbd790e-046f-590c-9877-a73a8a6b5151', DEFAULT, '5bf8ffd5-5ad2-5596-a46d-d086bc198ac0', '815c84a1-9088-5e6f-b1ab-0853285c0e5d', '5f2c632c-1003-5d3e-94f5-6085899aa359', 5, 'Kunne ikke vært mer fornøyd! Maria lyttet til ønskene mine og leverte akkurat det jeg ønsket meg.'), ('e6775ca7-ca37-529c-93bc-4fa5982ad84e', DEFAULT, '612e443e-988b-5495-8f76-fd7bc6465b9c', '5ac46069-d153-5b50-a0be-8a017d379243', '5fef9e7c-116a-5504-a6ae-d16f4442d448', 4, 'Fantastisk jobb! Jeg jobber selv i bransjen og kan virkelig sette pris på kvaliteten her.'), ('da51e0e0-5c0f-5367-a48b-14bbc692f675', DEFAULT, '46a480a2-27c9-5af3-8dd9-97b2db92d43f', '5f2c632c-1003-5d3e-94f5-6085899aa359', '5ac46069-d153-5b50-a0be-8a017d379243', 5, 'Så bra service! Kommer til å anbefale henne til venner og familie.'), ('6040c8e6-57a8-5e41-9e35-fc9c049f077b', DEFAULT, '44816af4-673d-5df1-b7d7-d7d0c6b12e02', '5f2c632c-1003-5d3e-94f5-6085899aa359', '5fef9e7c-116a-5504-a6ae-d16f4442d448', 4, 'Utrolig dyktig! Som stylist vet jeg hva som kreves, og dette var toppklasse.'), ('88d6ff0b-e872-5183-8b3e-3299df92467e', DEFAULT, 'a2b06727-6b2a-5933-8aee-8ddf8f294101', '5ac46069-d153-5b50-a0be-8a017d379243', '5f2c632c-1003-5d3e-94f5-6085899aa359', 4, 'Fantastisk jobb! Jeg jobber selv i bransjen og kan virkelig sette pris på kvaliteten her.'), ('384fad82-6ca6-5837-bb83-72d3b4920deb', DEFAULT, '3c1e3879-62f2-5f34-bce0-f5aaf27d9324', '5f2c632c-1003-5d3e-94f5-6085899aa359', '5fef9e7c-116a-5504-a6ae-d16f4442d448', 4, 'Så bra service! Kommer til å anbefale henne til venner og familie.'), ('2582524a-86a9-5c45-81d3-2d2a55068447', DEFAULT, '2a02830a-2636-5e4f-84c3-6d342f3c73a3', '71c8f57c-aae5-5ac8-8fc0-a1ff399b17b8', '5ac46069-d153-5b50-a0be-8a017d379243', 4, 'Som stylist selv kan jeg si at dette var virkelig profesjonelt utført! Imponert over teknikken og resultatet.'), ('b72cf013-a8fb-5e48-b95a-92dad37c9e88', DEFAULT, '4a27d247-c2bf-50c1-a2ac-57f93c8063f7', '71c8f57c-aae5-5ac8-8fc0-a1ff399b17b8', '5f2c632c-1003-5d3e-94f5-6085899aa359', 5, 'Som stylist selv kan jeg si at dette var virkelig profesjonelt utført! Imponert over teknikken og resultatet.'), ('fd39907a-9aca-53dd-926b-056df80e00e0', DEFAULT, '724cc590-91ed-5190-8d6f-17939b16e5ba', '5ac46069-d153-5b50-a0be-8a017d379243', '5fef9e7c-116a-5504-a6ae-d16f4442d448', 5, 'Flott opplevelse! God å finne noen som tar seg tid til å gjøre jobben skikkelig.'), ('d7cc3175-3f9d-5d8c-ac74-24906df7fa0c', DEFAULT, '67ec4adb-6fb5-53a4-9d19-1440fe8cdca7', '71c8f57c-aae5-5ac8-8fc0-a1ff399b17b8', '5ac46069-d153-5b50-a0be-8a017d379243', 5, 'Så profesjonell og hyggelig! Resultatet ble akkurat som jeg ønsket.'), ('1118db83-83a4-5a43-be97-941413e47e17', DEFAULT, '4f5ecdf9-3092-523f-99e9-11e8ad888546', '815c84a1-9088-5e6f-b1ab-0853285c0e5d', '5ac46069-d153-5b50-a0be-8a017d379243', 5, 'Fantastisk resultat! Kunne ikke vært mer fornøyd med opplevelsen.'), ('a890146a-738a-52a7-a041-55cc9fd7a3d4', DEFAULT, '293a273d-dcae-5860-93ac-b71d70f83626', '815c84a1-9088-5e6f-b1ab-0853285c0e5d', '5ac46069-d153-5b50-a0be-8a017d379243', 4, 'Utrolig dyktig! Som stylist vet jeg hva som kreves, og dette var toppklasse.'), ('e9ee2238-b8dd-5de4-9b9a-f0af56ee131f', DEFAULT, '497d59ff-347b-5930-8da7-1a2f341df1e8', '815c84a1-9088-5e6f-b1ab-0853285c0e5d', '5f2c632c-1003-5d3e-94f5-6085899aa359', 5, 'Så bra å finne en kollega som leverer så høy kvalitet! Kommer definitivt tilbake.'), ('6e8a31b5-6635-5c35-b562-8bf0ac0521ba', DEFAULT, 'c90fa8eb-cc23-5101-a427-696268215e26', '5f2c632c-1003-5d3e-94f5-6085899aa359', '5fef9e7c-116a-5504-a6ae-d16f4442d448', 4, 'Perfekt utførelse! Anbefaler henne til alle mine kunder også.'), ('22bfa6bd-b70f-557b-89ec-8f6dcec03002', DEFAULT, 'd9169c4b-322d-5312-a544-479e3f8b3e48', '815c84a1-9088-5e6f-b1ab-0853285c0e5d', '5fef9e7c-116a-5504-a6ae-d16f4442d448', 4, 'Så bra å finne en kollega som leverer så høy kvalitet! Kommer definitivt tilbake.'), ('840576bb-3d34-5f40-8e15-255fab9c38b9', DEFAULT, 'e65e9495-0783-5e03-bf06-d753276745aa', '815c84a1-9088-5e6f-b1ab-0853285c0e5d', '5f2c632c-1003-5d3e-94f5-6085899aa359', 5, 'Så profesjonell og hyggelig! Resultatet ble akkurat som jeg ønsket.'), ('aadb568a-1655-579b-ae5d-0e776b973795', DEFAULT, '88674cf3-deba-50f1-8ce8-9b2d65a7e4bf', '5f2c632c-1003-5d3e-94f5-6085899aa359', '5ac46069-d153-5b50-a0be-8a017d379243', 3, 'Fantastisk resultat! Kunne ikke vært mer fornøyd med opplevelsen.'), ('4754d9d3-0a3f-5d6b-ab75-ca6d4ff209a9', DEFAULT, '673c29dd-6c68-5ff5-b7d8-d406164b6d89', '71c8f57c-aae5-5ac8-8fc0-a1ff399b17b8', '5f2c632c-1003-5d3e-94f5-6085899aa359', 4, 'Perfekt utførelse! Anbefaler henne til alle mine kunder også.'), ('2745d202-e023-5fde-b7e9-50f0295fde9b', DEFAULT, 'f7919f4f-0c99-597c-983c-1eb5590de3f1', '5f2c632c-1003-5d3e-94f5-6085899aa359', '5fef9e7c-116a-5504-a6ae-d16f4442d448', 4, 'Kjempefornøyd! Hun er virkelig flink til det hun driver med.'), ('64df8cf2-0f85-510f-a791-d7803fed043e', DEFAULT, 'ee585ce6-086c-5ef1-bf19-e379dda27f2a', '5fef9e7c-116a-5504-a6ae-d16f4442d448', '5f2c632c-1003-5d3e-94f5-6085899aa359', 5, 'Fantastisk resultat! Kunne ikke vært mer fornøyd med opplevelsen.'), ('294822a0-371f-5231-b13c-f540f7b3260e', DEFAULT, '66ba785f-af4a-57b2-9350-bda587133953', '5fef9e7c-116a-5504-a6ae-d16f4442d448', '5f2c632c-1003-5d3e-94f5-6085899aa359', 4, 'Perfekt utførelse! Anbefaler henne til alle mine kunder også.'), ('7fec7245-8eaf-5266-a401-655e4007953c', DEFAULT, 'a3e312c3-be01-5537-86e3-3c5301b732f0', '815c84a1-9088-5e6f-b1ab-0853285c0e5d', '5ac46069-d153-5b50-a0be-8a017d379243', 5, 'Fantastisk resultat! Kunne ikke vært mer fornøyd med opplevelsen.'), ('9deab23c-9ef7-5f2b-8fda-0125c9728ae2', DEFAULT, '8bf02f04-857f-565d-9557-5ccfda142025', '815c84a1-9088-5e6f-b1ab-0853285c0e5d', '5fef9e7c-116a-5504-a6ae-d16f4442d448', 4, 'Flott opplevelse! God å finne noen som tar seg tid til å gjøre jobben skikkelig.');
-- Created 29 reviews for completed bookings
-- Ensuring every service has reviews...
-- Service "Hårbehandling" needs 3 more reviews
-- Service "Volum vippeextensions" needs 3 more reviews
-- Service "Gellack med design" needs 3 more reviews
-- Service "Balayage farge" needs 3 more reviews
-- Service "Brudemakeup komplett" needs 3 more reviews
-- Service "Føn og styling" needs 3 more reviews
-- Service "Kontur makeup" needs 3 more reviews
-- Service "Bryllupsgjester styling" needs 3 more reviews
-- Service "Volum vippeextensions" needs 3 more reviews
-- Service "Franske negler" needs 3 more reviews
-- Service "Franske negler" needs 3 more reviews
-- Service "Negleforlengelse" needs 3 more reviews
-- Service "Akryl negler" needs 3 more reviews
-- Service "Negleforlengelse" needs 2 more reviews
-- Service "Brynsfarge" needs 3 more reviews
-- Service "Brudefrisyre" needs 3 more reviews
-- Service "Volum vippeextensions" needs 2 more reviews
-- Service "Brudesminke prøve" needs 2 more reviews
-- Service "Føn og styling" needs 3 more reviews
-- Service "Brynslaminering" needs 3 more reviews
-- Service "Foto makeup" needs 3 more reviews
-- Service "Pedikyr" needs 3 more reviews
-- Service "Brynspluking" needs 3 more reviews
-- Service "Negleforlengelse" needs 3 more reviews
-- Service "Brynspluking" needs 2 more reviews
-- Service "Permanent" needs 3 more reviews
-- Service "Brynspluking" needs 3 more reviews
-- Service "Hårbehandling" needs 2 more reviews
-- Service "Dagsmakeup" needs 3 more reviews
-- Service "Brynspluking" needs 3 more reviews
-- Service "Hybrid vipper" needs 3 more reviews
-- Service "Hårbehandling" needs 2 more reviews
-- Service "Herreklipp" needs 3 more reviews
-- Service "Herreklipp 2" needs 3 more reviews
-- Service "Brudefrisyre 2" needs 3 more reviews
-- Service "Foto makeup 2" needs 3 more reviews
-- Service "Franske negler 2" needs 3 more reviews
-- Service "Kontur makeup 2" needs 2 more reviews
-- Service "Foto makeup 2" needs 3 more reviews
-- Service "Volum vippeextensions 2" needs 3 more reviews
-- Service "Festmakeup 2" needs 3 more reviews
-- Service "Herreklipp 2" needs 3 more reviews
-- Service "Negleforlengelse 2" needs 3 more reviews
-- Service "Brynslaminering 2" needs 3 more reviews
-- Service "Highlights 2" needs 3 more reviews
-- Service "Gellack manikyr 2" needs 3 more reviews
-- Service "Brudefrisyre 2" needs 3 more reviews
-- Service "Kontur makeup 2" needs 3 more reviews
-- Service "Dameklipp 2" needs 3 more reviews
-- Service "Franske negler 2" needs 3 more reviews
-- Service "Brudefrisyre 2" needs 3 more reviews
-- Service "Highlights 2" needs 3 more reviews
-- Service "Brynslaminering 2" needs 3 more reviews
INSERT INTO public.bookings (id,created_at,updated_at,customer_id,stylist_id,start_time,end_time,message_to_stylist,status,address_id,stripe_payment_intent_id,total_duration_minutes,total_price,cancellation_reason,cancelled_at,discount_applied,discount_id) VALUES ('f7f59e8d-50a5-5bac-9166-74fde365365e', DEFAULT, DEFAULT, '5ac46069-d153-5b50-a0be-8a017d379243', '5fef9e7c-116a-5504-a6ae-d16f4442d448', '2025-07-01T18:37:08.745Z', '2025-07-01T19:22:08.745Z', 'Hørt mye bra om deg!', 'completed', NULL, 'pi_ensure_reviews_76182b33-2b88-55da-9317-c322cfc4cdb2_0', 45, 1575, 'Semeliae voluptatio quidem a recte potestatem, veniri corporum desercitus consulat cum quid ruant.', '2020-11-23T10:46:02.000Z', DEFAULT, NULL), ('20cc6523-2826-5a08-86f4-b908cd162229', DEFAULT, DEFAULT, '5ac46069-d153-5b50-a0be-8a017d379243', '5fef9e7c-116a-5504-a6ae-d16f4442d448', '2025-08-11T18:37:08.745Z', '2025-08-11T19:22:08.745Z', 'Trenger en oppfriskning!', 'completed', NULL, 'pi_ensure_reviews_76182b33-2b88-55da-9317-c322cfc4cdb2_1', 45, 1575, 'Campum expetiuncta uberrem dici ne, etur iactantalib non rutil sunt cumanim.', '2020-02-10T13:51:36.000Z', DEFAULT, NULL), ('fc029e26-18ee-5656-a49a-e1ac0f7a95a7', DEFAULT, DEFAULT, '5ac46069-d153-5b50-a0be-8a017d379243', '5fef9e7c-116a-5504-a6ae-d16f4442d448', '2025-08-10T18:37:08.745Z', '2025-08-10T19:22:08.745Z', 'Trenger en oppfriskning!', 'completed', NULL, 'pi_ensure_reviews_76182b33-2b88-55da-9317-c322cfc4cdb2_2', 45, 1575, 'Aut optime te grate bona ducunda rerum.', '2020-09-21T08:21:24.000Z', DEFAULT, NULL), ('cbd8ff02-8d4f-51f8-91c7-78b9a57def03', DEFAULT, DEFAULT, '71c8f57c-aae5-5ac8-8fc0-a1ff399b17b8', '5ac46069-d153-5b50-a0be-8a017d379243', '2025-06-27T18:37:08.745Z', '2025-06-27T21:07:08.745Z', 'Hørt mye bra om deg!', 'completed', NULL, 'pi_ensure_reviews_f66c822d-c39b-5997-9fdd-1cc2906b1259_0', 150, 1034, 'Si nec nullo probet qualestiae inimis am, apudo nam quos succum nam ophia et enimus.', '2020-06-02T17:44:53.000Z', DEFAULT, NULL), ('4b8887f8-7f16-5cfb-a6e0-3b8df27efb93', DEFAULT, DEFAULT, '71c8f57c-aae5-5ac8-8fc0-a1ff399b17b8', '5ac46069-d153-5b50-a0be-8a017d379243', '2025-06-20T18:37:08.745Z', '2025-06-20T21:07:08.745Z', 'Trenger en oppfriskning!', 'completed', NULL, 'pi_ensure_reviews_f66c822d-c39b-5997-9fdd-1cc2906b1259_1', 150, 1034, 'Neque torquatus sis si quidem autem est error.', '2020-09-17T08:21:55.000Z', DEFAULT, NULL), ('832ed0c0-93df-5768-bb0f-9e52c787ad4c', DEFAULT, DEFAULT, '815c84a1-9088-5e6f-b1ab-0853285c0e5d', '5ac46069-d153-5b50-a0be-8a017d379243', '2025-06-02T18:37:08.745Z', '2025-06-02T21:07:08.745Z', 'Gleder meg til denne tjenesten!', 'completed', NULL, 'pi_ensure_reviews_f66c822d-c39b-5997-9fdd-1cc2906b1259_2', 150, 1034, 'Etiam ab status est domin.', '2020-10-22T09:38:57.000Z', DEFAULT, NULL), ('94f81093-dd98-5a70-9230-ba01536ad6f1', DEFAULT, DEFAULT, '5ac46069-d153-5b50-a0be-8a017d379243', '5f2c632c-1003-5d3e-94f5-6085899aa359', '2025-06-10T18:37:08.745Z', '2025-06-10T20:07:08.745Z', 'Gleder meg til denne tjenesten!', 'completed', NULL, 'pi_ensure_reviews_7c724ddb-a436-508b-954f-ea531f015c8e_0', 90, 1106, 'In dicassensib idis quaedam sua voluptasse me, solis verearum possit cum ipse iucunt quod.', '2020-01-09T00:55:50.000Z', DEFAULT, NULL), ('6a080678-117b-5ad0-9282-02b82dac9c28', DEFAULT, DEFAULT, '71c8f57c-aae5-5ac8-8fc0-a1ff399b17b8', '5f2c632c-1003-5d3e-94f5-6085899aa359', '2025-08-04T18:37:08.745Z', '2025-08-04T20:07:08.745Z', 'Hørt mye bra om deg!', 'completed', NULL, 'pi_ensure_reviews_7c724ddb-a436-508b-954f-ea531f015c8e_1', 90, 1106, 'Quae anturpius am reprehenim non tria.', '2020-09-01T20:54:58.000Z', DEFAULT, NULL), ('065bf126-facf-58cc-9162-4a6e152134fb', DEFAULT, DEFAULT, '71c8f57c-aae5-5ac8-8fc0-a1ff399b17b8', '5f2c632c-1003-5d3e-94f5-6085899aa359', '2025-07-25T18:37:08.745Z', '2025-07-25T20:07:08.745Z', 'Gleder meg til denne tjenesten!', 'completed', NULL, 'pi_ensure_reviews_7c724ddb-a436-508b-954f-ea531f015c8e_2', 90, 1106, 'Ultima se omnium modo multi finibus aut, quidem quod ignorarbit multa numquam.', '2020-06-26T05:09:23.000Z', DEFAULT, NULL), ('0f9ae927-0606-55ac-a1ca-216698b00936', DEFAULT, DEFAULT, '815c84a1-9088-5e6f-b1ab-0853285c0e5d', '5ac46069-d153-5b50-a0be-8a017d379243', '2025-05-27T18:37:08.745Z', '2025-05-27T21:07:08.745Z', 'Gleder meg til denne tjenesten!', 'completed', NULL, 'pi_ensure_reviews_ee28eb0b-265a-5f31-962b-baeb03171f3b_0', 150, 2494, 'Totam paravis es primoribid nam in.', '2020-06-22T18:07:56.000Z', DEFAULT, NULL), ('c5b90239-6e51-56d4-a465-b51ca62e8a3f', DEFAULT, DEFAULT, '71c8f57c-aae5-5ac8-8fc0-a1ff399b17b8', '5ac46069-d153-5b50-a0be-8a017d379243', '2025-07-20T18:37:08.745Z', '2025-07-20T21:07:08.745Z', 'Hørt mye bra om deg!', 'completed', NULL, 'pi_ensure_reviews_ee28eb0b-265a-5f31-962b-baeb03171f3b_1', 150, 2494, 'Sunt perspicuum delectus cogit constantia.', '2020-07-23T18:10:48.000Z', DEFAULT, NULL), ('8814330b-5977-5915-87e3-b3adf4fb6f9e', DEFAULT, DEFAULT, '71c8f57c-aae5-5ac8-8fc0-a1ff399b17b8', '5ac46069-d153-5b50-a0be-8a017d379243', '2025-06-03T18:37:08.745Z', '2025-06-03T21:07:08.745Z', 'Første gang jeg prøver dette!', 'completed', NULL, 'pi_ensure_reviews_ee28eb0b-265a-5f31-962b-baeb03171f3b_2', 150, 2494, 'Expeccant rer mediocrium sint vel afferent ne morbis, versuum legi functio sed etur tantum.', '2020-05-09T04:57:51.000Z', DEFAULT, NULL), ('deecccfd-34ec-5fb6-9dbf-3324a4506904', DEFAULT, DEFAULT, '5ac46069-d153-5b50-a0be-8a017d379243', '5f2c632c-1003-5d3e-94f5-6085899aa359', '2025-07-27T18:37:08.745Z', '2025-07-27T21:37:08.745Z', 'Første gang jeg prøver dette!', 'completed', NULL, 'pi_ensure_reviews_bdd1b363-ac2b-5678-88e3-3a63f4b658f4_0', 180, 886, 'Aut vero acunt cum formavitaq eo, magnam denique sit modum et eamus.', '2020-08-24T20:04:08.000Z', DEFAULT, NULL), ('c77047c0-d8fe-5a33-b816-a1a9bc5d5596', DEFAULT, DEFAULT, '5ac46069-d153-5b50-a0be-8a017d379243', '5f2c632c-1003-5d3e-94f5-6085899aa359', '2025-07-13T18:37:08.745Z', '2025-07-13T21:37:08.745Z', 'Hørt mye bra om deg!', 'completed', NULL, 'pi_ensure_reviews_bdd1b363-ac2b-5678-88e3-3a63f4b658f4_1', 180, 886, 'As multi legebitaq ipsi ius.', '2020-02-10T01:52:12.000Z', DEFAULT, NULL), ('754d0696-68c2-5b1a-b06e-cfac2685befd', DEFAULT, DEFAULT, '5fef9e7c-116a-5504-a6ae-d16f4442d448', '5f2c632c-1003-5d3e-94f5-6085899aa359', '2025-07-19T18:37:08.745Z', '2025-07-19T21:37:08.745Z', 'Trenger en oppfriskning!', 'completed', NULL, 'pi_ensure_reviews_bdd1b363-ac2b-5678-88e3-3a63f4b658f4_2', 180, 886, 'Eruntatem non maiorum tam saepe eamque atem.', '2020-01-21T12:11:11.000Z', DEFAULT, NULL), ('9da05787-17ce-5100-9e07-e56c1a66263d', DEFAULT, DEFAULT, '71c8f57c-aae5-5ac8-8fc0-a1ff399b17b8', '5ac46069-d153-5b50-a0be-8a017d379243', '2025-06-06T18:37:08.745Z', '2025-06-06T19:07:08.745Z', 'Anbefalt av en venninne!', 'completed', NULL, 'pi_ensure_reviews_e00070ec-a32f-50ad-9dca-90b08b918d33_0', 30, 2659, 'Bonas enim et epicium et nisi mortis, es ita esse numquam libidcirco videritaq etent si.', '2020-04-12T03:11:00.000Z', DEFAULT, NULL), ('c18ecb52-170b-5af2-bc08-f5fdc573bce7', DEFAULT, DEFAULT, '71c8f57c-aae5-5ac8-8fc0-a1ff399b17b8', '5ac46069-d153-5b50-a0be-8a017d379243', '2025-07-16T18:37:08.745Z', '2025-07-16T19:07:08.745Z', 'Anbefalt av en venninne!', 'completed', NULL, 'pi_ensure_reviews_e00070ec-a32f-50ad-9dca-90b08b918d33_1', 30, 2659, 'Adhibuit viven cognitiae effloresse inem cum.', '2020-08-24T07:17:11.000Z', DEFAULT, NULL), ('d5208a7c-48d8-5ee4-99ba-f8c1d23afe4a', DEFAULT, DEFAULT, '5f2c632c-1003-5d3e-94f5-6085899aa359', '5ac46069-d153-5b50-a0be-8a017d379243', '2025-06-20T18:37:08.745Z', '2025-06-20T19:07:08.745Z', 'Gleder meg til denne tjenesten!', 'completed', NULL, 'pi_ensure_reviews_e00070ec-a32f-50ad-9dca-90b08b918d33_2', 30, 2659, 'Etiam in est il aeque.', '2020-01-25T12:13:48.000Z', DEFAULT, NULL), ('0191ca21-3fa2-56db-bd1c-1ac5e972d9c1', DEFAULT, DEFAULT, '71c8f57c-aae5-5ac8-8fc0-a1ff399b17b8', '5f2c632c-1003-5d3e-94f5-6085899aa359', '2025-07-16T18:37:08.745Z', '2025-07-16T19:37:08.745Z', 'Første gang jeg prøver dette!', 'completed', NULL, 'pi_ensure_reviews_14988abd-97c9-5f3a-be9a-59d5637d4463_0', 60, 2374, 'Epicia voluptatem quidem non utrumque sibus vero.', '2020-12-29T00:04:00.000Z', DEFAULT, NULL), ('fca548b5-9611-5729-8e0e-acc9dd5f0ed8', DEFAULT, DEFAULT, '815c84a1-9088-5e6f-b1ab-0853285c0e5d', '5f2c632c-1003-5d3e-94f5-6085899aa359', '2025-05-21T18:37:08.745Z', '2025-05-21T19:37:08.745Z', 'Første gang jeg prøver dette!', 'completed', NULL, 'pi_ensure_reviews_14988abd-97c9-5f3a-be9a-59d5637d4463_1', 60, 2374, 'Docui fortitur locis il non vero plane.', '2020-06-02T05:33:35.000Z', DEFAULT, NULL), ('0c70d227-aedd-5295-9d58-7529f3ebf944', DEFAULT, DEFAULT, '5fef9e7c-116a-5504-a6ae-d16f4442d448', '5f2c632c-1003-5d3e-94f5-6085899aa359', '2025-06-21T18:37:08.745Z', '2025-06-21T19:37:08.745Z', 'Hørt mye bra om deg!', 'completed', NULL, 'pi_ensure_reviews_14988abd-97c9-5f3a-be9a-59d5637d4463_2', 60, 2374, 'Legimi optaria ilique non esse mediocrium bonorum puto, nullo ferathenis vel refercitus omum potes apeiriant multo.', '2020-12-16T23:43:32.000Z', DEFAULT, NULL), ('a9e80b50-afe2-53f3-89bf-d7a17b2e55fe', DEFAULT, DEFAULT, '5ac46069-d153-5b50-a0be-8a017d379243', '5f2c632c-1003-5d3e-94f5-6085899aa359', '2025-05-31T18:37:08.745Z', '2025-05-31T20:07:08.745Z', 'Gleder meg til denne tjenesten!', 'completed', NULL, 'pi_ensure_reviews_5d426f4d-43a7-5476-969b-4ca4336173ad_0', 90, 845, 'Actet primus um solum corporista diceram escentur qui, eos iucunt voluptatem sive deseris recta.', '2020-03-19T03:06:03.000Z', DEFAULT, NULL), ('ad771cce-a6d3-52fd-bdbc-8b32bb4e7bfa', DEFAULT, DEFAULT, '5fef9e7c-116a-5504-a6ae-d16f4442d448', '5f2c632c-1003-5d3e-94f5-6085899aa359', '2025-07-21T18:37:08.745Z', '2025-07-21T20:07:08.745Z', 'Første gang jeg prøver dette!', 'completed', NULL, 'pi_ensure_reviews_5d426f4d-43a7-5476-969b-4ca4336173ad_1', 90, 845, 'Quo defut odum perpessio quae docui, aiebattincto sequi al quietus confirmitat venias.', '2020-07-23T18:22:07.000Z', DEFAULT, NULL), ('2ce94800-3737-5f2f-93b3-360eb00ac821', DEFAULT, DEFAULT, '815c84a1-9088-5e6f-b1ab-0853285c0e5d', '5f2c632c-1003-5d3e-94f5-6085899aa359', '2025-08-12T18:37:08.745Z', '2025-08-12T20:07:08.745Z', 'Gleder meg til denne tjenesten!', 'completed', NULL, 'pi_ensure_reviews_5d426f4d-43a7-5476-969b-4ca4336173ad_2', 90, 845, 'Itiae em tumcum versa consenectus.', '2020-01-05T00:05:47.000Z', DEFAULT, NULL), ('83a31706-f5d9-5713-ba64-a2e6ce47b267', DEFAULT, DEFAULT, '71c8f57c-aae5-5ac8-8fc0-a1ff399b17b8', '5ac46069-d153-5b50-a0be-8a017d379243', '2025-06-15T18:37:08.745Z', '2025-06-15T21:07:08.745Z', 'Gleder meg til denne tjenesten!', 'completed', NULL, 'pi_ensure_reviews_8379c4b0-1c06-5d40-b0fc-56513422c1d8_0', 150, 1993, 'Nullo magisque via deser ine il sitat, rent reicientes quaeque copulistot ferebo.', '2020-05-13T04:07:35.000Z', DEFAULT, NULL), ('1d56ed51-0070-57fd-a3c9-68b435d8e902', DEFAULT, DEFAULT, '5f2c632c-1003-5d3e-94f5-6085899aa359', '5ac46069-d153-5b50-a0be-8a017d379243', '2025-07-31T18:37:08.745Z', '2025-07-31T21:07:08.745Z', 'Første gang jeg prøver dette!', 'completed', NULL, 'pi_ensure_reviews_8379c4b0-1c06-5d40-b0fc-56513422c1d8_1', 150, 1993, 'Bene quaeren tamendum fortitiam expecunias confortitia hoc de, dicta liberet sent desida nec nullo ut detracta.', '2020-12-12T12:04:19.000Z', DEFAULT, NULL), ('92995cb3-1be4-57d8-bd8f-f34433b0cc87', DEFAULT, DEFAULT, '5fef9e7c-116a-5504-a6ae-d16f4442d448', '5ac46069-d153-5b50-a0be-8a017d379243', '2025-07-17T18:37:08.745Z', '2025-07-17T21:07:08.745Z', 'Gleder meg til denne tjenesten!', 'completed', NULL, 'pi_ensure_reviews_8379c4b0-1c06-5d40-b0fc-56513422c1d8_2', 150, 1993, 'Ex graecis et afficit has quibus.', '2020-08-24T07:53:18.000Z', DEFAULT, NULL), ('eed9cca5-bd72-5a8e-be84-ea068debfae3', DEFAULT, DEFAULT, '815c84a1-9088-5e6f-b1ab-0853285c0e5d', '5fef9e7c-116a-5504-a6ae-d16f4442d448', '2025-05-18T18:37:08.745Z', '2025-05-18T19:52:08.745Z', 'Gleder meg til denne tjenesten!', 'completed', NULL, 'pi_ensure_reviews_c970b6e4-e959-5586-9093-3c50e0f7ab60_0', 75, 2592, 'Metrodordam defent posse dicavi sic endum.', '2020-07-03T06:24:27.000Z', DEFAULT, NULL), ('d78735c4-c5a9-5b7d-b842-9e0dbcbacdba', DEFAULT, DEFAULT, '5ac46069-d153-5b50-a0be-8a017d379243', '5fef9e7c-116a-5504-a6ae-d16f4442d448', '2025-07-30T18:37:08.745Z', '2025-07-30T19:52:08.745Z', 'Hørt mye bra om deg!', 'completed', NULL, 'pi_ensure_reviews_c970b6e4-e959-5586-9093-3c50e0f7ab60_1', 75, 2592, 'Tuum dictum torquatosop se atura parentur, numquam quidamicior id nos caecil esse.', '2020-02-10T13:52:19.000Z', DEFAULT, NULL), ('916fa7ed-652a-5b1d-b6a6-821bdb63d654', DEFAULT, DEFAULT, '5f2c632c-1003-5d3e-94f5-6085899aa359', '5fef9e7c-116a-5504-a6ae-d16f4442d448', '2025-08-01T18:37:08.745Z', '2025-08-01T19:52:08.745Z', 'Gleder meg til denne tjenesten!', 'completed', NULL, 'pi_ensure_reviews_c970b6e4-e959-5586-9093-3c50e0f7ab60_2', 75, 2592, 'Efficiens scribenime comparum si tam.', '2020-09-25T20:36:16.000Z', DEFAULT, NULL), ('0153b8c4-6d66-5ccb-bcff-c0be0db1946e', DEFAULT, DEFAULT, '5fef9e7c-116a-5504-a6ae-d16f4442d448', '5ac46069-d153-5b50-a0be-8a017d379243', '2025-08-02T18:37:08.745Z', '2025-08-02T19:37:08.745Z', 'Hørt mye bra om deg!', 'completed', NULL, 'pi_ensure_reviews_f67b1d42-e134-5c10-baf6-9357f4083f61_0', 60, 1218, 'Hari voluptatem non es nihile docui, philosoper facta qua vacariquer ute admiserit quiete rerum.', '2020-03-03T14:16:30.000Z', DEFAULT, NULL), ('3de7397c-06a9-5f73-bfd5-50e264943ecf', DEFAULT, DEFAULT, '5fef9e7c-116a-5504-a6ae-d16f4442d448', '5ac46069-d153-5b50-a0be-8a017d379243', '2025-06-24T18:37:08.745Z', '2025-06-24T19:37:08.745Z', 'Hørt mye bra om deg!', 'completed', NULL, 'pi_ensure_reviews_f67b1d42-e134-5c10-baf6-9357f4083f61_1', 60, 1218, 'Tam putanda ab inere ime, sed publicet doctior aperundum quos sentio si paravocar.', '2020-09-25T20:44:17.000Z', DEFAULT, NULL), ('e805b0cc-6e2c-594e-a98a-9e2fea6f1257', DEFAULT, DEFAULT, '5f2c632c-1003-5d3e-94f5-6085899aa359', '5ac46069-d153-5b50-a0be-8a017d379243', '2025-05-20T18:37:08.745Z', '2025-05-20T19:37:08.745Z', 'Trenger en oppfriskning!', 'completed', NULL, 'pi_ensure_reviews_f67b1d42-e134-5c10-baf6-9357f4083f61_2', 60, 1218, 'Natoribus bello ex occulte unt chaere est placet, oporteris quam vel platone natur aut estias es.', '2020-12-04T11:59:10.000Z', DEFAULT, NULL), ('f4e8d4ba-0a3a-503c-96ab-96c1314d8518', DEFAULT, DEFAULT, '71c8f57c-aae5-5ac8-8fc0-a1ff399b17b8', '5f2c632c-1003-5d3e-94f5-6085899aa359', '2025-07-19T18:37:08.745Z', '2025-07-19T20:37:08.745Z', 'Trenger en oppfriskning!', 'completed', NULL, 'pi_ensure_reviews_1c3cb731-ed59-5c03-891d-dd445c49271e_0', 120, 1940, 'Alia videt ut nam complurimus tractat.', '2020-01-13T01:03:22.000Z', DEFAULT, NULL), ('f9184bcc-80ee-56a0-b9a1-b8dd4bce65d3', DEFAULT, DEFAULT, '5fef9e7c-116a-5504-a6ae-d16f4442d448', '5f2c632c-1003-5d3e-94f5-6085899aa359', '2025-05-29T18:37:08.745Z', '2025-05-29T20:37:08.745Z', 'Trenger en oppfriskning!', 'completed', NULL, 'pi_ensure_reviews_1c3cb731-ed59-5c03-891d-dd445c49271e_1', 120, 1940, 'Hoc anime tum et malum.', '2020-10-06T09:46:15.000Z', DEFAULT, NULL), ('6a31a08e-d677-5874-9b01-9c97cc389256', DEFAULT, DEFAULT, '815c84a1-9088-5e6f-b1ab-0853285c0e5d', '5f2c632c-1003-5d3e-94f5-6085899aa359', '2025-07-09T18:37:08.745Z', '2025-07-09T20:37:08.745Z', 'Hørt mye bra om deg!', 'completed', NULL, 'pi_ensure_reviews_1c3cb731-ed59-5c03-891d-dd445c49271e_2', 120, 1940, 'Magnoper animum se tibi am ipsarum.', '2020-02-06T01:41:31.000Z', DEFAULT, NULL), ('c7267ad0-11d8-5a56-9f5f-8e04661634e1', DEFAULT, DEFAULT, '815c84a1-9088-5e6f-b1ab-0853285c0e5d', '5f2c632c-1003-5d3e-94f5-6085899aa359', '2025-08-04T18:37:08.745Z', '2025-08-04T20:37:08.745Z', 'Trenger en oppfriskning!', 'completed', NULL, 'pi_ensure_reviews_a84c07d7-9cad-533f-b8cf-1e50727560c4_0', 120, 2111, 'Et opho summum amus viris.', '2020-01-17T01:02:44.000Z', DEFAULT, NULL), ('bcd5ab7c-2264-5a8a-9262-81a4ab558a8a', DEFAULT, DEFAULT, '71c8f57c-aae5-5ac8-8fc0-a1ff399b17b8', '5f2c632c-1003-5d3e-94f5-6085899aa359', '2025-06-21T18:37:08.745Z', '2025-06-21T20:37:08.745Z', 'Anbefalt av en venninne!', 'completed', NULL, 'pi_ensure_reviews_a84c07d7-9cad-533f-b8cf-1e50727560c4_1', 120, 2111, 'Si graecum amus sic hausta, aliquam tuum derepico amura insolum est.', '2020-07-11T06:31:14.000Z', DEFAULT, NULL), ('e185fe90-f6d1-50e6-85c5-b3d62e664f51', DEFAULT, DEFAULT, '5ac46069-d153-5b50-a0be-8a017d379243', '5f2c632c-1003-5d3e-94f5-6085899aa359', '2025-07-24T18:37:08.745Z', '2025-07-24T20:37:08.745Z', 'Trenger en oppfriskning!', 'completed', NULL, 'pi_ensure_reviews_a84c07d7-9cad-533f-b8cf-1e50727560c4_2', 120, 2111, 'Sed convicia vero voluptata ut tim nondum fungimura.', '2020-01-17T12:40:42.000Z', DEFAULT, NULL), ('9ca6a3da-e8d3-5a6f-880c-d09b77a8ec20', DEFAULT, DEFAULT, '5ac46069-d153-5b50-a0be-8a017d379243', '5fef9e7c-116a-5504-a6ae-d16f4442d448', '2025-07-03T18:37:08.745Z', '2025-07-03T20:07:08.745Z', 'Hørt mye bra om deg!', 'completed', NULL, 'pi_ensure_reviews_f105e82d-4f15-5b10-b687-21bb390972df_0', 90, 1330, 'Sequam alia meo et quem, am statue est et voce.', '2020-10-06T22:03:58.000Z', DEFAULT, NULL), ('b3c5c797-7b27-5ef7-9996-ff9e9e1797ee', DEFAULT, DEFAULT, '5f2c632c-1003-5d3e-94f5-6085899aa359', '5fef9e7c-116a-5504-a6ae-d16f4442d448', '2025-08-06T18:37:08.745Z', '2025-08-06T20:07:08.745Z', 'Trenger en oppfriskning!', 'completed', NULL, 'pi_ensure_reviews_f105e82d-4f15-5b10-b687-21bb390972df_1', 90, 1330, 'Sunt evolvenir aegritumen uta modus necest certate et, ines firme et utrumque pariat autem.', '2020-03-11T14:03:34.000Z', DEFAULT, NULL), ('2a25d426-320b-5baf-8349-c72f27df402e', DEFAULT, DEFAULT, '5fef9e7c-116a-5504-a6ae-d16f4442d448', '5ac46069-d153-5b50-a0be-8a017d379243', '2025-06-15T18:37:08.745Z', '2025-06-15T19:37:08.745Z', 'Hørt mye bra om deg!', 'completed', NULL, 'pi_ensure_reviews_d7664d95-3caa-5e9b-ac21-e5f97a492422_0', 60, 1436, 'Ad ille nam petere qui iudicarbit vero an.', '2020-08-20T20:05:42.000Z', DEFAULT, NULL), ('8c62efa2-695a-5b16-94b8-dad312d8c9c8', DEFAULT, DEFAULT, '71c8f57c-aae5-5ac8-8fc0-a1ff399b17b8', '5ac46069-d153-5b50-a0be-8a017d379243', '2025-08-04T18:37:08.745Z', '2025-08-04T19:37:08.745Z', 'Hørt mye bra om deg!', 'completed', NULL, 'pi_ensure_reviews_d7664d95-3caa-5e9b-ac21-e5f97a492422_1', 60, 1436, 'Quam multavitur maius libere se clarioremus ne, potuimus postea tota eniuntur qui quid qui inum.', '2020-04-08T03:52:46.000Z', DEFAULT, NULL), ('7d7ba756-c614-52cf-925e-f70d46ef9956', DEFAULT, DEFAULT, '815c84a1-9088-5e6f-b1ab-0853285c0e5d', '5ac46069-d153-5b50-a0be-8a017d379243', '2025-07-19T18:37:08.745Z', '2025-07-19T19:37:08.745Z', 'Første gang jeg prøver dette!', 'completed', NULL, 'pi_ensure_reviews_d7664d95-3caa-5e9b-ac21-e5f97a492422_2', 60, 1436, 'As haec dicturbulen de referration endo et quibus.', '2020-06-10T05:47:13.000Z', DEFAULT, NULL), ('e621bffd-4710-5736-a47b-0070b1281778', DEFAULT, DEFAULT, '71c8f57c-aae5-5ac8-8fc0-a1ff399b17b8', '5ac46069-d153-5b50-a0be-8a017d379243', '2025-07-09T18:37:08.745Z', '2025-07-09T20:07:08.745Z', 'Gleder meg til denne tjenesten!', 'completed', NULL, 'pi_ensure_reviews_a1a04c06-3a8f-58fb-a6ac-fd4aa9f23a92_0', 90, 2749, 'Quisquam sed quia intempore venus ea non esse, voluptat diceros philos ob quod.', '2020-04-24T15:51:17.000Z', DEFAULT, NULL), ('1e03c0a8-6c3c-5278-a33f-e02df619b521', DEFAULT, DEFAULT, '815c84a1-9088-5e6f-b1ab-0853285c0e5d', '5ac46069-d153-5b50-a0be-8a017d379243', '2025-05-26T18:37:08.745Z', '2025-05-26T20:07:08.745Z', 'Første gang jeg prøver dette!', 'completed', NULL, 'pi_ensure_reviews_a1a04c06-3a8f-58fb-a6ac-fd4aa9f23a92_1', 90, 2749, 'Habetur delaptis igit legitiari ut fuisset est neque.', '2020-07-23T06:46:20.000Z', DEFAULT, NULL), ('f02e243c-3c4b-5caf-a3df-addfefbce6c8', DEFAULT, DEFAULT, '815c84a1-9088-5e6f-b1ab-0853285c0e5d', '5ac46069-d153-5b50-a0be-8a017d379243', '2025-07-24T18:37:08.745Z', '2025-07-24T20:07:08.745Z', 'Anbefalt av en venninne!', 'completed', NULL, 'pi_ensure_reviews_a1a04c06-3a8f-58fb-a6ac-fd4aa9f23a92_2', 90, 2749, 'In fieri c et credo optabillar autem, ipsos aperamur profectica alii et quo haeret.', '2020-08-28T07:38:20.000Z', DEFAULT, NULL), ('f0f93274-5c9e-583c-b072-eb3103cebe6d', DEFAULT, DEFAULT, '5fef9e7c-116a-5504-a6ae-d16f4442d448', '5ac46069-d153-5b50-a0be-8a017d379243', '2025-05-17T18:37:08.745Z', '2025-05-17T21:07:08.745Z', 'Gleder meg til denne tjenesten!', 'completed', NULL, 'pi_ensure_reviews_e0c122d0-a1c6-57e5-8e5a-a275d77d69a9_0', 150, 1629, 'Iubere non se gloriae et.', '2020-07-23T18:51:49.000Z', DEFAULT, NULL), ('07810b60-d912-53d9-a3ed-516c51ec4df0', DEFAULT, DEFAULT, '5f2c632c-1003-5d3e-94f5-6085899aa359', '5ac46069-d153-5b50-a0be-8a017d379243', '2025-07-18T18:37:08.745Z', '2025-07-18T21:07:08.745Z', 'Hørt mye bra om deg!', 'completed', NULL, 'pi_ensure_reviews_e0c122d0-a1c6-57e5-8e5a-a275d77d69a9_1', 150, 1629, 'Det haec probandi detraxita quam possit quam, vel caecille ocrito defenimus quae ad facet.', '2020-11-07T10:13:43.000Z', DEFAULT, NULL), ('653c4db2-4388-5de3-80c7-497beb1577c9', DEFAULT, DEFAULT, '815c84a1-9088-5e6f-b1ab-0853285c0e5d', '5f2c632c-1003-5d3e-94f5-6085899aa359', '2025-07-13T18:37:08.745Z', '2025-07-13T20:07:08.745Z', 'Trenger en oppfriskning!', 'completed', NULL, 'pi_ensure_reviews_87cfc1e8-8252-5821-8c8f-8b6a31cb5156_0', 90, 1226, 'Metu extremumque hominduce tribus formidante multo probet natur, ine et qui quod facillimis locum pars.', '2020-10-14T09:19:15.000Z', DEFAULT, NULL), ('593d6500-ae76-53e7-b042-ec686175cd4c', DEFAULT, DEFAULT, '815c84a1-9088-5e6f-b1ab-0853285c0e5d', '5f2c632c-1003-5d3e-94f5-6085899aa359', '2025-06-16T18:37:08.745Z', '2025-06-16T20:07:08.745Z', 'Første gang jeg prøver dette!', 'completed', NULL, 'pi_ensure_reviews_87cfc1e8-8252-5821-8c8f-8b6a31cb5156_1', 90, 1226, 'Iniuria iri ipse laudat intellegam.', '2020-08-16T08:11:21.000Z', DEFAULT, NULL), ('b5379428-29ee-5389-8bf4-85a5e516386f', DEFAULT, DEFAULT, '5fef9e7c-116a-5504-a6ae-d16f4442d448', '5ac46069-d153-5b50-a0be-8a017d379243', '2025-07-27T18:37:08.745Z', '2025-07-27T19:22:08.745Z', 'Hørt mye bra om deg!', 'completed', NULL, 'pi_ensure_reviews_b0111ba7-5a98-5907-ba27-3f45196d3977_0', 45, 1946, 'Modum ut causa inituri oderudin audit aut.', '2020-02-06T13:55:44.000Z', DEFAULT, NULL), ('e93fe92b-99d3-5f88-9b3e-a3078c6677bc', DEFAULT, DEFAULT, '815c84a1-9088-5e6f-b1ab-0853285c0e5d', '5ac46069-d153-5b50-a0be-8a017d379243', '2025-06-11T18:37:08.745Z', '2025-06-11T19:22:08.745Z', 'Anbefalt av en venninne!', 'completed', NULL, 'pi_ensure_reviews_b0111ba7-5a98-5907-ba27-3f45196d3977_1', 45, 1946, 'Esse minimo essit sunt quoniam magissimo desid canesse.', '2020-08-04T07:50:10.000Z', DEFAULT, NULL), ('c3d2790b-8e51-5dfc-9436-7c2e6453e83b', DEFAULT, DEFAULT, '5f2c632c-1003-5d3e-94f5-6085899aa359', '5ac46069-d153-5b50-a0be-8a017d379243', '2025-06-03T18:37:08.745Z', '2025-06-03T19:22:08.745Z', 'Første gang jeg prøver dette!', 'completed', NULL, 'pi_ensure_reviews_b0111ba7-5a98-5907-ba27-3f45196d3977_2', 45, 1946, 'Feram interestia huic corrupis sum intellegi quibus te, talo spe essariustius quippe conflixisci omnesque torem.', '2020-03-23T02:47:49.000Z', DEFAULT, NULL), ('7bf0957a-de39-5082-9120-a7eb95bc41cd', DEFAULT, DEFAULT, '5f2c632c-1003-5d3e-94f5-6085899aa359', '5ac46069-d153-5b50-a0be-8a017d379243', '2025-06-12T18:37:08.745Z', '2025-06-12T19:22:08.745Z', 'Hørt mye bra om deg!', 'completed', NULL, 'pi_ensure_reviews_2a66a173-5e57-53c4-a2e0-3d491704e63c_0', 45, 861, 'Inum rationest in venanim tollitterer sine.', '2020-03-07T02:04:19.000Z', DEFAULT, NULL), ('6b3261f3-3aec-5431-af81-3049e91c8732', DEFAULT, DEFAULT, '5f2c632c-1003-5d3e-94f5-6085899aa359', '5ac46069-d153-5b50-a0be-8a017d379243', '2025-08-10T18:37:08.745Z', '2025-08-10T19:22:08.745Z', 'Trenger en oppfriskning!', 'completed', NULL, 'pi_ensure_reviews_2a66a173-5e57-53c4-a2e0-3d491704e63c_1', 45, 861, 'Dem corrupti doctrinisdem peranim bene aut, frustra aut scripserendas inimi et aut involuptar uti.', '2020-01-05T12:51:14.000Z', DEFAULT, NULL), ('f1b75e9f-d4cc-51e6-bd2f-b5dd2821dafb', DEFAULT, DEFAULT, '5fef9e7c-116a-5504-a6ae-d16f4442d448', '5ac46069-d153-5b50-a0be-8a017d379243', '2025-07-13T18:37:08.745Z', '2025-07-13T19:22:08.745Z', 'Trenger en oppfriskning!', 'completed', NULL, 'pi_ensure_reviews_2a66a173-5e57-53c4-a2e0-3d491704e63c_2', 45, 861, 'Quidem vitamura causa andisciplin itur natur quodsi.', '2020-06-14T05:24:34.000Z', DEFAULT, NULL), ('3194d9e8-65a0-59fb-9646-7b8054a2c718', DEFAULT, DEFAULT, '5fef9e7c-116a-5504-a6ae-d16f4442d448', '5ac46069-d153-5b50-a0be-8a017d379243', '2025-06-21T18:37:08.745Z', '2025-06-21T19:37:08.745Z', 'Første gang jeg prøver dette!', 'completed', NULL, 'pi_ensure_reviews_17174d2b-fa53-516c-9c8f-328d1c1d0a8c_0', 60, 2630, 'Et quid voluptatur is plerique de amicur.', '2020-09-01T08:35:51.000Z', DEFAULT, NULL), ('d6cfae51-b0a6-56f2-a66d-8d62e39ab534', DEFAULT, DEFAULT, '5f2c632c-1003-5d3e-94f5-6085899aa359', '5ac46069-d153-5b50-a0be-8a017d379243', '2025-07-21T18:37:08.745Z', '2025-07-21T19:37:08.745Z', 'Gleder meg til denne tjenesten!', 'completed', NULL, 'pi_ensure_reviews_17174d2b-fa53-516c-9c8f-328d1c1d0a8c_1', 60, 2630, 'Ipso dolem tuum moveaturus satisdem aut, es non amicura est in.', '2020-03-07T02:55:42.000Z', DEFAULT, NULL), ('dafd8f5a-c818-5f9f-808a-d849eb2d9250', DEFAULT, DEFAULT, '815c84a1-9088-5e6f-b1ab-0853285c0e5d', '5ac46069-d153-5b50-a0be-8a017d379243', '2025-05-27T18:37:08.745Z', '2025-05-27T19:37:08.745Z', 'Første gang jeg prøver dette!', 'completed', NULL, 'pi_ensure_reviews_17174d2b-fa53-516c-9c8f-328d1c1d0a8c_2', 60, 2630, 'Quam causa meam es perferatur, voluptasse verbum finit it doceat stultorquate doleris dedit.', '2020-12-04T23:30:31.000Z', DEFAULT, NULL), ('d1ed2573-22be-50f1-8873-043ff68ecb22', DEFAULT, DEFAULT, '5ac46069-d153-5b50-a0be-8a017d379243', '5fef9e7c-116a-5504-a6ae-d16f4442d448', '2025-06-10T18:37:08.745Z', '2025-06-10T19:52:08.745Z', 'Trenger en oppfriskning!', 'completed', NULL, 'pi_ensure_reviews_753f481f-9fee-53c1-bef0-6fc0bcf78933_0', 75, 2404, 'Ideritor aut futura primorum in minus, dis voluptatem videt dixi vitae.', '2020-04-16T15:41:21.000Z', DEFAULT, NULL), ('3f4a098a-b9bc-5f94-b567-67f59fb8415e', DEFAULT, DEFAULT, '71c8f57c-aae5-5ac8-8fc0-a1ff399b17b8', '5fef9e7c-116a-5504-a6ae-d16f4442d448', '2025-08-09T18:37:08.745Z', '2025-08-09T19:52:08.745Z', 'Gleder meg til denne tjenesten!', 'completed', NULL, 'pi_ensure_reviews_753f481f-9fee-53c1-bef0-6fc0bcf78933_1', 75, 2404, 'Continax laus non cursu id dolore enim, nullam utio dolore neque graecistima am quibus.', '2020-04-08T04:02:33.000Z', DEFAULT, NULL), ('fe3eb8dd-080c-54ea-869a-763dec93bdab', DEFAULT, DEFAULT, '815c84a1-9088-5e6f-b1ab-0853285c0e5d', '5fef9e7c-116a-5504-a6ae-d16f4442d448', '2025-06-02T18:37:08.745Z', '2025-06-02T19:52:08.745Z', 'Første gang jeg prøver dette!', 'completed', NULL, 'pi_ensure_reviews_753f481f-9fee-53c1-bef0-6fc0bcf78933_2', 75, 2404, 'Omnino neque nusquam graviterit bent studiosae, malum am autem taneum possimo dolor.', '2020-06-18T05:27:47.000Z', DEFAULT, NULL), ('223410ff-951c-592e-800c-8467d53ec144', DEFAULT, DEFAULT, '5ac46069-d153-5b50-a0be-8a017d379243', '5f2c632c-1003-5d3e-94f5-6085899aa359', '2025-07-25T18:37:08.745Z', '2025-07-25T19:37:08.745Z', 'Anbefalt av en venninne!', 'completed', NULL, 'pi_ensure_reviews_6988ab5f-f1cf-533e-9e10-6250fa03d64e_0', 60, 1512, 'Molest sit modo littera artifexcep si cognostera, si poteris modo corrupte doctum sit autem.', '2020-11-03T11:13:12.000Z', DEFAULT, NULL), ('830e8359-c065-55f7-bbb0-45f7a648d9a5', DEFAULT, DEFAULT, '71c8f57c-aae5-5ac8-8fc0-a1ff399b17b8', '5f2c632c-1003-5d3e-94f5-6085899aa359', '2025-05-22T18:37:08.745Z', '2025-05-22T19:37:08.745Z', 'Gleder meg til denne tjenesten!', 'completed', NULL, 'pi_ensure_reviews_6988ab5f-f1cf-533e-9e10-6250fa03d64e_1', 60, 1512, 'Faciunt quo fugitur dolorante nem.', '2020-10-26T21:34:50.000Z', DEFAULT, NULL), ('b3e59829-b585-5650-8f6f-12125ac2f30d', DEFAULT, DEFAULT, '71c8f57c-aae5-5ac8-8fc0-a1ff399b17b8', '5f2c632c-1003-5d3e-94f5-6085899aa359', '2025-07-04T18:37:08.745Z', '2025-07-04T19:37:08.745Z', 'Gleder meg til denne tjenesten!', 'completed', NULL, 'pi_ensure_reviews_6988ab5f-f1cf-533e-9e10-6250fa03d64e_2', 60, 1512, 'Ut nulla viventuri magnoperit consequam causa, quae a hominione nixam quam maiestate.', '2020-09-13T20:36:25.000Z', DEFAULT, NULL), ('80732cda-ab31-5983-a490-f8e0631c4842', DEFAULT, DEFAULT, '5f2c632c-1003-5d3e-94f5-6085899aa359', '5ac46069-d153-5b50-a0be-8a017d379243', '2025-08-13T18:37:08.745Z', '2025-08-13T21:07:08.745Z', 'Hørt mye bra om deg!', 'completed', NULL, 'pi_ensure_reviews_5e167626-1d66-5123-9111-b3d1d294a57b_0', 150, 1794, 'Il cerem cognitioque idin dissentientis efficiandae.', '2020-01-01T12:53:50.000Z', DEFAULT, NULL), ('54304e32-9704-50c1-9c37-82bd24e2e2ea', DEFAULT, DEFAULT, '71c8f57c-aae5-5ac8-8fc0-a1ff399b17b8', '5ac46069-d153-5b50-a0be-8a017d379243', '2025-08-01T18:37:08.745Z', '2025-08-01T21:07:08.745Z', 'Anbefalt av en venninne!', 'completed', NULL, 'pi_ensure_reviews_5e167626-1d66-5123-9111-b3d1d294a57b_1', 150, 1794, 'Habemusdam angustari dolorum infinxerat etur taneum, bonoris cum civit copulis putanciper haeret doctrina depravatem.', '2020-05-25T16:40:10.000Z', DEFAULT, NULL), ('c53f1961-c738-5eac-9cf5-9d4670cd9dc3', DEFAULT, DEFAULT, '71c8f57c-aae5-5ac8-8fc0-a1ff399b17b8', '5ac46069-d153-5b50-a0be-8a017d379243', '2025-06-10T18:37:08.745Z', '2025-06-10T21:07:08.745Z', 'Trenger en oppfriskning!', 'completed', NULL, 'pi_ensure_reviews_5e167626-1d66-5123-9111-b3d1d294a57b_2', 150, 1794, 'A libidque nis nostram quod perita non, a vita voluptates de plura velinquam.', '2020-06-02T05:40:48.000Z', DEFAULT, NULL), ('456c8596-5f1c-5f3e-8979-8a39c70ce4b5', DEFAULT, DEFAULT, '71c8f57c-aae5-5ac8-8fc0-a1ff399b17b8', '5f2c632c-1003-5d3e-94f5-6085899aa359', '2025-07-25T18:37:08.745Z', '2025-07-25T19:37:08.745Z', 'Første gang jeg prøver dette!', 'completed', NULL, 'pi_ensure_reviews_223d99f1-5c50-536e-b2f1-21ff103a026e_0', 60, 1374, 'A ad discipitum ante hae.', '2020-10-02T09:36:39.000Z', DEFAULT, NULL), ('a02defe4-bfc6-5e87-9442-795c77edab0d', DEFAULT, DEFAULT, '5fef9e7c-116a-5504-a6ae-d16f4442d448', '5f2c632c-1003-5d3e-94f5-6085899aa359', '2025-07-19T18:37:08.745Z', '2025-07-19T19:37:08.745Z', 'Hørt mye bra om deg!', 'completed', NULL, 'pi_ensure_reviews_223d99f1-5c50-536e-b2f1-21ff103a026e_1', 60, 1374, 'Ut esse respirari motum totellere non iudicos medium.', '2020-09-25T08:57:00.000Z', DEFAULT, NULL), ('82cd0871-cfc7-5a49-bfed-ec0d3030359c', DEFAULT, DEFAULT, '815c84a1-9088-5e6f-b1ab-0853285c0e5d', '5f2c632c-1003-5d3e-94f5-6085899aa359', '2025-05-24T18:37:08.745Z', '2025-05-24T21:07:08.745Z', 'Gleder meg til denne tjenesten!', 'completed', NULL, 'pi_ensure_reviews_85540e24-0e5a-5ffc-97e6-90b2875c357c_0', 150, 2077, 'Cernimis et ipsius sit singulista, ari possimulen nobis tractatem epullo est proptera veri.', '2020-06-14T17:55:55.000Z', DEFAULT, NULL), ('2390fb56-e22a-56ca-8c95-41be66ea56f5', DEFAULT, DEFAULT, '5ac46069-d153-5b50-a0be-8a017d379243', '5f2c632c-1003-5d3e-94f5-6085899aa359', '2025-05-21T18:37:08.745Z', '2025-05-21T21:07:08.745Z', 'Første gang jeg prøver dette!', 'completed', NULL, 'pi_ensure_reviews_85540e24-0e5a-5ffc-97e6-90b2875c357c_1', 150, 2077, 'Viven semper ego posuitat temnentes ea quae comprobis.', '2020-09-25T21:04:06.000Z', DEFAULT, NULL), ('24c9fb52-6ea2-5c2d-87f3-eb9a5682de0b', DEFAULT, DEFAULT, '71c8f57c-aae5-5ac8-8fc0-a1ff399b17b8', '5f2c632c-1003-5d3e-94f5-6085899aa359', '2025-07-13T18:37:08.745Z', '2025-07-13T21:07:08.745Z', 'Hørt mye bra om deg!', 'completed', NULL, 'pi_ensure_reviews_85540e24-0e5a-5ffc-97e6-90b2875c357c_2', 150, 2077, 'De sponte locumquam ano sentanta te, esse repelectat disputam cere ratione.', '2020-12-12T11:38:20.000Z', DEFAULT, NULL), ('400df31f-266b-5d87-9570-d8018c87191d', DEFAULT, DEFAULT, '5f2c632c-1003-5d3e-94f5-6085899aa359', '5fef9e7c-116a-5504-a6ae-d16f4442d448', '2025-05-24T18:37:08.745Z', '2025-05-24T19:37:08.745Z', 'Trenger en oppfriskning!', 'completed', NULL, 'pi_ensure_reviews_2a882c6e-7824-5518-b251-1cc3d7bf2bcd_0', 60, 899, 'Tractatem conciliant ipsummam diu earum ex, nullo quod abunt am quo.', '2020-06-18T17:18:55.000Z', DEFAULT, NULL), ('78c7ec59-33a6-5c0c-9ae4-ef4ffda556ac', DEFAULT, DEFAULT, '5ac46069-d153-5b50-a0be-8a017d379243', '5fef9e7c-116a-5504-a6ae-d16f4442d448', '2025-07-13T18:37:08.745Z', '2025-07-13T19:37:08.745Z', 'Anbefalt av en venninne!', 'completed', NULL, 'pi_ensure_reviews_2a882c6e-7824-5518-b251-1cc3d7bf2bcd_1', 60, 899, 'Ut rerum dicanim quam quidem tes, ulatas latindus etiam si graviora sed.', '2020-02-02T13:47:10.000Z', DEFAULT, NULL), ('fb319855-99c2-5e63-9a1c-69d834671969', DEFAULT, DEFAULT, '71c8f57c-aae5-5ac8-8fc0-a1ff399b17b8', '5fef9e7c-116a-5504-a6ae-d16f4442d448', '2025-07-08T18:37:08.745Z', '2025-07-08T19:37:08.745Z', 'Trenger en oppfriskning!', 'completed', NULL, 'pi_ensure_reviews_2a882c6e-7824-5518-b251-1cc3d7bf2bcd_2', 60, 899, 'Nihilla ocritudit videre dissensibus exedicar, modarenim sed eitamicus veri quidem id quas omnis.', '2020-03-07T14:29:44.000Z', DEFAULT, NULL), ('559ef705-7160-5a29-9d51-dda8ec3927f9', DEFAULT, DEFAULT, '5ac46069-d153-5b50-a0be-8a017d379243', '5f2c632c-1003-5d3e-94f5-6085899aa359', '2025-07-04T18:37:08.745Z', '2025-07-04T20:07:08.745Z', 'Anbefalt av en venninne!', 'completed', NULL, 'pi_ensure_reviews_e7cf44d6-9f4a-5776-853b-a7a4072a5d45_0', 90, 805, 'Estia ea vel mihi allicita hoc omnino.', '2020-07-07T18:23:14.000Z', DEFAULT, NULL), ('ac09baed-daac-5409-94b0-113118763fe6', DEFAULT, DEFAULT, '5ac46069-d153-5b50-a0be-8a017d379243', '5f2c632c-1003-5d3e-94f5-6085899aa359', '2025-06-26T18:37:08.745Z', '2025-06-26T20:07:08.745Z', 'Anbefalt av en venninne!', 'completed', NULL, 'pi_ensure_reviews_e7cf44d6-9f4a-5776-853b-a7a4072a5d45_1', 90, 805, 'Hocles dici medium id metu scribeniuncul memorum defendum.', '2020-10-26T09:14:26.000Z', DEFAULT, NULL), ('502d334e-9705-5c6b-8bd9-522ad182b8e3', DEFAULT, DEFAULT, '815c84a1-9088-5e6f-b1ab-0853285c0e5d', '5fef9e7c-116a-5504-a6ae-d16f4442d448', '2025-07-26T18:37:08.745Z', '2025-07-26T19:22:08.745Z', 'Anbefalt av en venninne!', 'completed', NULL, 'pi_ensure_reviews_b7d36b38-fe23-5e84-a721-275f656c2211_0', 45, 975, 'Sis motu hosti romane qui, per ob dilignorar ne vivendo quae a.', '2020-03-11T14:48:05.000Z', DEFAULT, NULL), ('eb4d3a88-2925-5383-aa1d-7ea00f2ef135', DEFAULT, DEFAULT, '5ac46069-d153-5b50-a0be-8a017d379243', '5fef9e7c-116a-5504-a6ae-d16f4442d448', '2025-07-05T18:37:08.745Z', '2025-07-05T19:22:08.745Z', 'Anbefalt av en venninne!', 'completed', NULL, 'pi_ensure_reviews_b7d36b38-fe23-5e84-a721-275f656c2211_1', 45, 975, 'Tum sibus eret et praeterudin est es insit.', '2020-11-15T22:27:29.000Z', DEFAULT, NULL), ('6015551e-7f95-514c-a47c-8fb5d94476ac', DEFAULT, DEFAULT, '5f2c632c-1003-5d3e-94f5-6085899aa359', '5fef9e7c-116a-5504-a6ae-d16f4442d448', '2025-06-10T18:37:08.745Z', '2025-06-10T19:22:08.745Z', 'Hørt mye bra om deg!', 'completed', NULL, 'pi_ensure_reviews_b7d36b38-fe23-5e84-a721-275f656c2211_2', 45, 975, 'Quos theophrasti crudel es dolorator.', '2020-08-20T19:45:26.000Z', DEFAULT, NULL), ('c6e583ab-0494-5711-a18e-4b80438e96df', DEFAULT, DEFAULT, '71c8f57c-aae5-5ac8-8fc0-a1ff399b17b8', '5f2c632c-1003-5d3e-94f5-6085899aa359', '2025-06-13T18:37:08.745Z', '2025-06-13T19:37:08.745Z', 'Første gang jeg prøver dette!', 'completed', NULL, 'pi_ensure_reviews_e2a5feea-e90d-5eb7-9c72-fef6ba325faf_0', 60, 1845, 'Graeci aperate prospexit statim constituentis.', '2020-02-14T01:15:34.000Z', DEFAULT, NULL), ('a7467a3f-6049-57f0-a2e2-7c3025393f32', DEFAULT, DEFAULT, '5ac46069-d153-5b50-a0be-8a017d379243', '5f2c632c-1003-5d3e-94f5-6085899aa359', '2025-06-28T18:37:08.745Z', '2025-06-28T19:37:08.745Z', 'Anbefalt av en venninne!', 'completed', NULL, 'pi_ensure_reviews_e2a5feea-e90d-5eb7-9c72-fef6ba325faf_1', 60, 1845, 'Et aliqua ire ad quae desidit fuit quasi.', '2020-07-03T06:29:28.000Z', DEFAULT, NULL), ('182befa8-1653-550c-9c63-6a66b75b408b', DEFAULT, DEFAULT, '815c84a1-9088-5e6f-b1ab-0853285c0e5d', '5f2c632c-1003-5d3e-94f5-6085899aa359', '2025-07-10T18:37:08.745Z', '2025-07-10T19:37:08.745Z', 'Trenger en oppfriskning!', 'completed', NULL, 'pi_ensure_reviews_e2a5feea-e90d-5eb7-9c72-fef6ba325faf_2', 60, 1845, 'Aliena afferatur ne modo optimi, mediocritum magnum fortitio vulgo pedita pertineantur ipsa decoristim.', '2020-08-20T07:16:32.000Z', DEFAULT, NULL), ('d82cb8b6-fe7c-5c3b-a31b-fb4a2ca0c19e', DEFAULT, DEFAULT, '5f2c632c-1003-5d3e-94f5-6085899aa359', '5fef9e7c-116a-5504-a6ae-d16f4442d448', '2025-06-27T18:37:08.745Z', '2025-06-27T20:37:08.745Z', 'Første gang jeg prøver dette!', 'completed', NULL, 'pi_ensure_reviews_aa0cf64c-2fee-545b-8b01-85b1642cc444_0', 120, 1066, 'Inest sequentium ant odioque bene miseriuntque didis non, suapte voluptate solum voluptatum autem ut vel.', '2020-11-07T11:08:50.000Z', DEFAULT, NULL), ('32be9a54-ed8a-5d8a-a3e8-179009027ba6', DEFAULT, DEFAULT, '815c84a1-9088-5e6f-b1ab-0853285c0e5d', '5fef9e7c-116a-5504-a6ae-d16f4442d448', '2025-07-25T18:37:08.745Z', '2025-07-25T20:37:08.745Z', 'Første gang jeg prøver dette!', 'completed', NULL, 'pi_ensure_reviews_aa0cf64c-2fee-545b-8b01-85b1642cc444_1', 120, 1066, 'Qui quot pluribus aut ophiae erignavi, autem facererab levistotum ut qui et.', '2020-01-05T12:03:27.000Z', DEFAULT, NULL), ('e671edcd-2f49-576b-885e-a1232c2acb1d', DEFAULT, DEFAULT, '815c84a1-9088-5e6f-b1ab-0853285c0e5d', '5fef9e7c-116a-5504-a6ae-d16f4442d448', '2025-07-29T18:37:08.745Z', '2025-07-29T20:37:08.745Z', 'Gleder meg til denne tjenesten!', 'completed', NULL, 'pi_ensure_reviews_aa0cf64c-2fee-545b-8b01-85b1642cc444_2', 120, 1066, 'Omni entanta iudicium et elis bonore iucunde, latinferen cum confidem liberandi facet epicos infinirac.', '2020-05-25T04:52:18.000Z', DEFAULT, NULL), ('628246ee-c060-50d4-8d31-61ef547f175b', DEFAULT, DEFAULT, '5f2c632c-1003-5d3e-94f5-6085899aa359', '5fef9e7c-116a-5504-a6ae-d16f4442d448', '2025-06-23T18:37:08.745Z', '2025-06-23T19:22:08.745Z', 'Trenger en oppfriskning!', 'completed', NULL, 'pi_ensure_reviews_e45210c4-5037-5acd-828e-6a2c7da9a3db_0', 45, 2576, 'Legant et vitium idieque ipso aut, consequit inquam sent ine nasci cumque sapiena.', '2020-07-03T18:31:40.000Z', DEFAULT, NULL), ('61b8394e-e691-594e-a97f-43dea6f5ac9b', DEFAULT, DEFAULT, '5f2c632c-1003-5d3e-94f5-6085899aa359', '5fef9e7c-116a-5504-a6ae-d16f4442d448', '2025-08-11T18:37:08.745Z', '2025-08-11T19:22:08.745Z', 'Anbefalt av en venninne!', 'completed', NULL, 'pi_ensure_reviews_e45210c4-5037-5acd-828e-6a2c7da9a3db_1', 45, 2576, 'In sapiendam anim nihilla epicosop etiam dolorum sponte.', '2020-04-28T03:27:21.000Z', DEFAULT, NULL), ('aea34256-92ac-592b-9228-2eb1ac6ab439', DEFAULT, DEFAULT, '71c8f57c-aae5-5ac8-8fc0-a1ff399b17b8', '5fef9e7c-116a-5504-a6ae-d16f4442d448', '2025-06-01T18:37:08.746Z', '2025-06-01T19:37:08.746Z', 'Anbefalt av en venninne!', 'completed', NULL, 'pi_ensure_reviews_6a4cd26c-3e74-5e66-8c9d-0a43c0d89298_0', 60, 2276, 'Ennius qui epicur probito accomplexion tria estum scribi, occultari alii dicebitur poteste cum estia cum expressas.', '2020-10-26T09:10:14.000Z', DEFAULT, NULL), ('dad8ca31-283f-530b-9637-3f31fd2bfdf5', DEFAULT, DEFAULT, '71c8f57c-aae5-5ac8-8fc0-a1ff399b17b8', '5fef9e7c-116a-5504-a6ae-d16f4442d448', '2025-05-19T18:37:08.746Z', '2025-05-19T19:37:08.746Z', 'Anbefalt av en venninne!', 'completed', NULL, 'pi_ensure_reviews_6a4cd26c-3e74-5e66-8c9d-0a43c0d89298_1', 60, 2276, 'Maximi videnimus parte ore affert quae falso, an minorumque de osophorreat fugiendam.', '2020-08-08T07:13:04.000Z', DEFAULT, NULL), ('0aa14575-8b1a-581d-b9ff-bc7cc3f73d5e', DEFAULT, DEFAULT, '5f2c632c-1003-5d3e-94f5-6085899aa359', '5fef9e7c-116a-5504-a6ae-d16f4442d448', '2025-07-04T18:37:08.746Z', '2025-07-04T19:37:08.746Z', 'Gleder meg til denne tjenesten!', 'completed', NULL, 'pi_ensure_reviews_6a4cd26c-3e74-5e66-8c9d-0a43c0d89298_2', 60, 2276, 'In eros eo ille quaeque, munercitat are firmittenet natur sensibi refermissum est.', '2020-04-08T03:24:20.000Z', DEFAULT, NULL), ('3ab59b88-c838-50b3-b970-49b3a79c1bae', DEFAULT, DEFAULT, '5f2c632c-1003-5d3e-94f5-6085899aa359', '5fef9e7c-116a-5504-a6ae-d16f4442d448', '2025-08-01T18:37:08.746Z', '2025-08-01T19:07:08.746Z', 'Første gang jeg prøver dette!', 'completed', NULL, 'pi_ensure_reviews_afd953ad-7147-5563-9533-021001caf7a2_0', 30, 1843, 'Adam quantus lat rerum et sunt dicta iudicur.', '2020-07-11T19:08:17.000Z', DEFAULT, NULL), ('5afc0b02-9153-5e01-957b-193699f5b01a', DEFAULT, DEFAULT, '5ac46069-d153-5b50-a0be-8a017d379243', '5fef9e7c-116a-5504-a6ae-d16f4442d448', '2025-06-06T18:37:08.746Z', '2025-06-06T19:07:08.746Z', 'Trenger en oppfriskning!', 'completed', NULL, 'pi_ensure_reviews_afd953ad-7147-5563-9533-021001caf7a2_1', 30, 1843, 'Aut ipsa legitur a satis, autem a impetuisti quae t pars censet.', '2020-08-12T20:04:38.000Z', DEFAULT, NULL), ('8c07d701-f0d1-53e2-b376-666f992fb57d', DEFAULT, DEFAULT, '815c84a1-9088-5e6f-b1ab-0853285c0e5d', '5fef9e7c-116a-5504-a6ae-d16f4442d448', '2025-06-02T18:37:08.746Z', '2025-06-02T19:07:08.746Z', 'Anbefalt av en venninne!', 'completed', NULL, 'pi_ensure_reviews_afd953ad-7147-5563-9533-021001caf7a2_2', 30, 1843, 'Contentia fuisset nobis acestum vel sine fugiaturi posse.', '2020-02-02T01:45:32.000Z', DEFAULT, NULL), ('2291dc45-a621-54c9-8805-290086ee6476', DEFAULT, DEFAULT, '815c84a1-9088-5e6f-b1ab-0853285c0e5d', '5f2c632c-1003-5d3e-94f5-6085899aa359', '2025-06-14T18:37:08.746Z', '2025-06-14T20:37:08.746Z', 'Første gang jeg prøver dette!', 'completed', NULL, 'pi_ensure_reviews_14178b43-5f90-51e4-b62a-dd642da598f8_0', 120, 2976, 'Opin interis sapientiam inam in, inflammatur rem deorum rem quam etiam ut ere.', '2020-07-27T06:10:17.000Z', DEFAULT, NULL), ('77275129-3fbe-5360-a268-318d24a33428', DEFAULT, DEFAULT, '5fef9e7c-116a-5504-a6ae-d16f4442d448', '5f2c632c-1003-5d3e-94f5-6085899aa359', '2025-08-01T18:37:08.746Z', '2025-08-01T20:37:08.746Z', 'Gleder meg til denne tjenesten!', 'completed', NULL, 'pi_ensure_reviews_14178b43-5f90-51e4-b62a-dd642da598f8_1', 120, 2976, 'Il cognominsat volueris nisi comparvam satis si corrupte.', '2020-02-14T13:19:24.000Z', DEFAULT, NULL), ('1e3eb039-3d33-5347-bfa1-6c37add72a03', DEFAULT, DEFAULT, '5ac46069-d153-5b50-a0be-8a017d379243', '5f2c632c-1003-5d3e-94f5-6085899aa359', '2025-07-05T18:37:08.746Z', '2025-07-05T20:37:08.746Z', 'Første gang jeg prøver dette!', 'completed', NULL, 'pi_ensure_reviews_14178b43-5f90-51e4-b62a-dd642da598f8_2', 120, 2976, 'Sequi quidem tibus conscientia homin tamenim fruuntur partem, et salut mundus et omnisi posse sunt.', '2020-09-05T20:24:02.000Z', DEFAULT, NULL), ('7cb508f8-f368-5775-817a-60a0a42a1c50', DEFAULT, DEFAULT, '815c84a1-9088-5e6f-b1ab-0853285c0e5d', '5ac46069-d153-5b50-a0be-8a017d379243', '2025-06-29T18:37:08.746Z', '2025-06-29T19:52:08.746Z', 'Første gang jeg prøver dette!', 'completed', NULL, 'pi_ensure_reviews_1d2359fd-6f1f-5243-864d-5695b37743eb_0', 75, 1731, 'Quoniam est a non et, tum estatorum ant affeci ne philosophis animo.', '2020-10-10T21:24:53.000Z', DEFAULT, NULL), ('a2e15df7-8aff-565d-a508-124d188aceb2', DEFAULT, DEFAULT, '71c8f57c-aae5-5ac8-8fc0-a1ff399b17b8', '5ac46069-d153-5b50-a0be-8a017d379243', '2025-06-18T18:37:08.746Z', '2025-06-18T19:52:08.746Z', 'Første gang jeg prøver dette!', 'completed', NULL, 'pi_ensure_reviews_1d2359fd-6f1f-5243-864d-5695b37743eb_1', 75, 1731, 'Nis igit sed videmantep esse saepe iditate et.', '2020-09-05T08:47:56.000Z', DEFAULT, NULL), ('49a2eba3-d676-54fa-ab8d-59b3c5219d5f', DEFAULT, DEFAULT, '5f2c632c-1003-5d3e-94f5-6085899aa359', '5ac46069-d153-5b50-a0be-8a017d379243', '2025-06-25T18:37:08.746Z', '2025-06-25T19:52:08.746Z', 'Gleder meg til denne tjenesten!', 'completed', NULL, 'pi_ensure_reviews_1d2359fd-6f1f-5243-864d-5695b37743eb_2', 75, 1731, 'Lucil aret in dolorem aeque qui tradit recorum, porro libert qua censes dixi.', '2020-03-03T02:14:45.000Z', DEFAULT, NULL), ('629da396-5642-5df3-a54b-a6ab06f64d24', DEFAULT, DEFAULT, '5fef9e7c-116a-5504-a6ae-d16f4442d448', '5f2c632c-1003-5d3e-94f5-6085899aa359', '2025-07-25T18:37:08.746Z', '2025-07-25T19:52:08.746Z', 'Hørt mye bra om deg!', 'completed', NULL, 'pi_ensure_reviews_2a5d49d3-142c-57e5-9270-678f4722bb75_0', 75, 1227, 'Aut voluperar epicitas veniungimur suum.', '2020-04-12T15:56:47.000Z', DEFAULT, NULL), ('cfbf456c-fffa-5d83-9d7b-02b663365d0d', DEFAULT, DEFAULT, '5ac46069-d153-5b50-a0be-8a017d379243', '5f2c632c-1003-5d3e-94f5-6085899aa359', '2025-06-15T18:37:08.746Z', '2025-06-15T19:52:08.746Z', 'Trenger en oppfriskning!', 'completed', NULL, 'pi_ensure_reviews_2a5d49d3-142c-57e5-9270-678f4722bb75_1', 75, 1227, 'Quae id enimagat et eque latur sed ignavi, esse discorruptis arte tum opere.', '2020-07-27T18:30:54.000Z', DEFAULT, NULL), ('5d480a3d-bafa-5f11-aa7a-c44516797b05', DEFAULT, DEFAULT, '71c8f57c-aae5-5ac8-8fc0-a1ff399b17b8', '5f2c632c-1003-5d3e-94f5-6085899aa359', '2025-06-12T18:37:08.746Z', '2025-06-12T19:52:08.746Z', 'Første gang jeg prøver dette!', 'completed', NULL, 'pi_ensure_reviews_2a5d49d3-142c-57e5-9270-678f4722bb75_2', 75, 1227, 'Quem naturus sine familita atibus et extremum sunt.', '2020-10-22T09:35:06.000Z', DEFAULT, NULL), ('ae1e162f-83ec-5de2-83c5-26cd0c727790', DEFAULT, DEFAULT, '71c8f57c-aae5-5ac8-8fc0-a1ff399b17b8', '5ac46069-d153-5b50-a0be-8a017d379243', '2025-05-27T18:37:08.746Z', '2025-05-27T19:52:08.746Z', 'Hørt mye bra om deg!', 'completed', NULL, 'pi_ensure_reviews_b50cd102-29cf-5eae-88fc-400d1de89af3_0', 75, 2449, 'Atomnisi praeclaranum quae confidem quo id voluptatem et.', '2020-08-28T19:53:50.000Z', DEFAULT, NULL), ('167bb8c1-0239-5bc2-ab68-47a099019ef9', DEFAULT, DEFAULT, '5f2c632c-1003-5d3e-94f5-6085899aa359', '5ac46069-d153-5b50-a0be-8a017d379243', '2025-06-29T18:37:08.746Z', '2025-06-29T19:52:08.746Z', 'Trenger en oppfriskning!', 'completed', NULL, 'pi_ensure_reviews_b50cd102-29cf-5eae-88fc-400d1de89af3_1', 75, 2449, 'Futur molest fortunt et causam careriet.', '2020-07-19T19:10:10.000Z', DEFAULT, NULL), ('38ac3bca-a359-55b2-a590-2c3e8974e76b', DEFAULT, DEFAULT, '71c8f57c-aae5-5ac8-8fc0-a1ff399b17b8', '5fef9e7c-116a-5504-a6ae-d16f4442d448', '2025-05-25T18:37:08.746Z', '2025-05-25T19:22:08.746Z', 'Første gang jeg prøver dette!', 'completed', NULL, 'pi_ensure_reviews_dc966564-92f1-506b-ba19-7d7bb1f740ab_0', 45, 1185, 'Liberitas plura vel dissentiunt officit, modo ere libere histores crudeli voluptas quod.', '2020-02-26T13:15:31.000Z', DEFAULT, NULL), ('4886593c-3dcc-5e25-851d-68921cb7fdc4', DEFAULT, DEFAULT, '5ac46069-d153-5b50-a0be-8a017d379243', '5fef9e7c-116a-5504-a6ae-d16f4442d448', '2025-08-12T18:37:08.746Z', '2025-08-12T19:22:08.746Z', 'Gleder meg til denne tjenesten!', 'completed', NULL, 'pi_ensure_reviews_dc966564-92f1-506b-ba19-7d7bb1f740ab_1', 45, 1185, 'Desidita autem aequum sed delecorum es non es.', '2020-10-02T10:07:24.000Z', DEFAULT, NULL), ('d7cdbfde-1ec1-58fd-8925-c5e65184bee3', DEFAULT, DEFAULT, '815c84a1-9088-5e6f-b1ab-0853285c0e5d', '5fef9e7c-116a-5504-a6ae-d16f4442d448', '2025-06-04T18:37:08.746Z', '2025-06-04T19:22:08.746Z', 'Gleder meg til denne tjenesten!', 'completed', NULL, 'pi_ensure_reviews_dc966564-92f1-506b-ba19-7d7bb1f740ab_2', 45, 1185, 'Idinquit eidoli aperaliq modo nec meliustitud, ernumerier contempernar prospercur o labor are torumque linat.', '2020-11-23T10:38:55.000Z', DEFAULT, NULL), ('671c52b5-fac6-5050-9fb6-7e0f85b67fe9', DEFAULT, DEFAULT, '5fef9e7c-116a-5504-a6ae-d16f4442d448', '5f2c632c-1003-5d3e-94f5-6085899aa359', '2025-05-31T18:37:08.746Z', '2025-05-31T21:37:08.746Z', 'Anbefalt av en venninne!', 'completed', NULL, 'pi_ensure_reviews_17e51b1a-6cc8-5fb8-a298-f35c9601008c_0', 180, 867, 'Quam possit ferre ex quae ullam iudicur in.', '2020-11-03T23:01:11.000Z', DEFAULT, NULL), ('5e0c9dda-4472-5d85-ab0b-f4b21b1629ce', DEFAULT, DEFAULT, '5fef9e7c-116a-5504-a6ae-d16f4442d448', '5f2c632c-1003-5d3e-94f5-6085899aa359', '2025-08-02T18:37:08.746Z', '2025-08-02T21:37:08.746Z', 'Gleder meg til denne tjenesten!', 'completed', NULL, 'pi_ensure_reviews_17e51b1a-6cc8-5fb8-a298-f35c9601008c_1', 180, 867, 'Non salut audiri hunc modiscunt quidem.', '2020-11-23T22:40:26.000Z', DEFAULT, NULL), ('268eeb82-5479-5ab4-86e5-db5fc182d265', DEFAULT, DEFAULT, '71c8f57c-aae5-5ac8-8fc0-a1ff399b17b8', '5f2c632c-1003-5d3e-94f5-6085899aa359', '2025-05-23T18:37:08.746Z', '2025-05-23T21:37:08.746Z', 'Trenger en oppfriskning!', 'completed', NULL, 'pi_ensure_reviews_17e51b1a-6cc8-5fb8-a298-f35c9601008c_2', 180, 867, 'At quam invitae negens necesse arbitrantur tam, status patrioque se possim non et efacut recoria.', '2020-06-18T17:25:48.000Z', DEFAULT, NULL), ('8ea25957-2a1b-54e9-8a40-494f66ba2093', DEFAULT, DEFAULT, '71c8f57c-aae5-5ac8-8fc0-a1ff399b17b8', '5fef9e7c-116a-5504-a6ae-d16f4442d448', '2025-06-15T18:37:08.746Z', '2025-06-15T19:37:08.746Z', 'Første gang jeg prøver dette!', 'completed', NULL, 'pi_ensure_reviews_22bf4307-d5a9-538a-bcf4-909f5a7e33dc_0', 60, 1728, 'Nis pacem plurim videt collegit, modo sua esse debem proptereantur nullo allicebam.', '2020-07-27T18:44:19.000Z', DEFAULT, NULL), ('be0fe5d2-22eb-5d85-9963-b0cb3d98b3a2', DEFAULT, DEFAULT, '5ac46069-d153-5b50-a0be-8a017d379243', '5fef9e7c-116a-5504-a6ae-d16f4442d448', '2025-05-20T18:37:08.746Z', '2025-05-20T19:37:08.746Z', 'Første gang jeg prøver dette!', 'completed', NULL, 'pi_ensure_reviews_22bf4307-d5a9-538a-bcf4-909f5a7e33dc_1', 60, 1728, 'Satis constituentiam grate sensibus qui, videat iudicos evola sed quam se.', '2020-01-01T00:28:47.000Z', DEFAULT, NULL), ('9036874d-3e4a-5f3f-8567-eb23942b502a', DEFAULT, DEFAULT, '5f2c632c-1003-5d3e-94f5-6085899aa359', '5fef9e7c-116a-5504-a6ae-d16f4442d448', '2025-07-14T18:37:08.746Z', '2025-07-14T19:37:08.746Z', 'Trenger en oppfriskning!', 'completed', NULL, 'pi_ensure_reviews_22bf4307-d5a9-538a-bcf4-909f5a7e33dc_2', 60, 1728, 'Sapientiamus animo eo torquentur qui indus quorum nihilla, non propter qui rutil tota bonum sed mucius.', '2020-10-22T09:52:07.000Z', DEFAULT, NULL), ('985b7ce9-d3ec-5495-98d7-2d95d527e9a2', DEFAULT, DEFAULT, '815c84a1-9088-5e6f-b1ab-0853285c0e5d', '5fef9e7c-116a-5504-a6ae-d16f4442d448', '2025-07-18T18:37:08.746Z', '2025-07-18T19:37:08.746Z', 'Gleder meg til denne tjenesten!', 'completed', NULL, 'pi_ensure_reviews_cce76ede-998c-52d2-903b-cbf19c7747a8_0', 60, 1532, 'Etiam acut est et quo am, liberante tum quod duxitiae vidiae sed ut.', '2020-12-13T00:03:17.000Z', DEFAULT, NULL), ('1f95150b-8c10-5071-a75b-95843ec1fec0', DEFAULT, DEFAULT, '5ac46069-d153-5b50-a0be-8a017d379243', '5fef9e7c-116a-5504-a6ae-d16f4442d448', '2025-07-20T18:37:08.746Z', '2025-07-20T19:37:08.746Z', 'Trenger en oppfriskning!', 'completed', NULL, 'pi_ensure_reviews_cce76ede-998c-52d2-903b-cbf19c7747a8_1', 60, 1532, 'Fallara significar iudicium numquam nihilludus, a escenses splendorum actet futurnumquam et equos quaerentibi.', '2020-04-04T04:06:13.000Z', DEFAULT, NULL), ('4310a90b-b230-575f-8ae3-f5f0ee53ef61', DEFAULT, DEFAULT, '815c84a1-9088-5e6f-b1ab-0853285c0e5d', '5fef9e7c-116a-5504-a6ae-d16f4442d448', '2025-06-06T18:37:08.746Z', '2025-06-06T19:37:08.746Z', 'Anbefalt av en venninne!', 'completed', NULL, 'pi_ensure_reviews_cce76ede-998c-52d2-903b-cbf19c7747a8_2', 60, 1532, 'Familla ime motum nostram hoc quae ferri.', '2020-07-03T18:42:51.000Z', DEFAULT, NULL), ('95e1a472-70f5-566e-9a37-565b89047231', DEFAULT, DEFAULT, '5f2c632c-1003-5d3e-94f5-6085899aa359', '5ac46069-d153-5b50-a0be-8a017d379243', '2025-06-24T18:37:08.746Z', '2025-06-24T20:07:08.746Z', 'Anbefalt av en venninne!', 'completed', NULL, 'pi_ensure_reviews_a880eacd-2ef3-5f96-a387-1e4129739d58_0', 90, 1524, 'Sin de magnitudin voluptas es maluisse sunt.', '2020-01-25T00:39:27.000Z', DEFAULT, NULL), ('8ffd0322-9772-54d9-9e42-a2de4fb73e47', DEFAULT, DEFAULT, '5fef9e7c-116a-5504-a6ae-d16f4442d448', '5ac46069-d153-5b50-a0be-8a017d379243', '2025-06-25T18:37:08.746Z', '2025-06-25T20:07:08.746Z', 'Trenger en oppfriskning!', 'completed', NULL, 'pi_ensure_reviews_a880eacd-2ef3-5f96-a387-1e4129739d58_1', 90, 1524, 'Ad tum effectus propter malis et.', '2020-07-03T18:52:11.000Z', DEFAULT, NULL), ('7f54acc6-2b4b-599e-8726-dc583d90ae46', DEFAULT, DEFAULT, '71c8f57c-aae5-5ac8-8fc0-a1ff399b17b8', '5ac46069-d153-5b50-a0be-8a017d379243', '2025-05-29T18:37:08.746Z', '2025-05-29T20:07:08.746Z', 'Trenger en oppfriskning!', 'completed', NULL, 'pi_ensure_reviews_a880eacd-2ef3-5f96-a387-1e4129739d58_2', 90, 1524, 'Quo familitat re hominam e.', '2020-02-14T01:10:12.000Z', DEFAULT, NULL), ('33ffa9c3-ca36-5b78-b12d-214fe1a8dad7', DEFAULT, DEFAULT, '71c8f57c-aae5-5ac8-8fc0-a1ff399b17b8', '5ac46069-d153-5b50-a0be-8a017d379243', '2025-06-25T18:37:08.746Z', '2025-06-25T19:52:08.746Z', 'Anbefalt av en venninne!', 'completed', NULL, 'pi_ensure_reviews_cc8895a3-c3b1-570a-9715-0e5f7037db58_0', 75, 2266, 'Placet inem quidem voluptas labita nec imamicis expetator, is possit praetullius iderition multa philosophia se quam.', '2020-07-03T18:22:07.000Z', DEFAULT, NULL), ('1bfc2178-cff2-5745-ad80-b4fe1ce50c45', DEFAULT, DEFAULT, '5fef9e7c-116a-5504-a6ae-d16f4442d448', '5ac46069-d153-5b50-a0be-8a017d379243', '2025-08-05T18:37:08.746Z', '2025-08-05T19:52:08.746Z', 'Hørt mye bra om deg!', 'completed', NULL, 'pi_ensure_reviews_cc8895a3-c3b1-570a-9715-0e5f7037db58_1', 75, 2266, 'Omnium praeclaranes principaver haec missummum et hanc.', '2020-03-03T02:18:28.000Z', DEFAULT, NULL), ('7f5c2f52-a4a6-57bf-81b1-39489da80ff7', DEFAULT, DEFAULT, '5fef9e7c-116a-5504-a6ae-d16f4442d448', '5ac46069-d153-5b50-a0be-8a017d379243', '2025-08-08T18:37:08.746Z', '2025-08-08T19:52:08.746Z', 'Trenger en oppfriskning!', 'completed', NULL, 'pi_ensure_reviews_cc8895a3-c3b1-570a-9715-0e5f7037db58_2', 75, 2266, 'Beatam de amur sensibus eorum endiscorpor en graecis.', '2020-01-01T12:48:42.000Z', DEFAULT, NULL), ('6b65a798-70f0-57e7-aaaa-82272d343b62', DEFAULT, DEFAULT, '5fef9e7c-116a-5504-a6ae-d16f4442d448', '5ac46069-d153-5b50-a0be-8a017d379243', '2025-06-28T18:37:08.746Z', '2025-06-28T21:07:08.746Z', 'Hørt mye bra om deg!', 'completed', NULL, 'pi_ensure_reviews_db7cae9b-8f33-58bd-9446-2b7e4f35612c_0', 150, 1517, 'Nobisse quo nostra assumma quo videant summum, adminus ad cognitione etura in.', '2020-09-13T08:30:35.000Z', DEFAULT, NULL), ('a37a9a99-a3cf-5044-97af-487eac94f3e3', DEFAULT, DEFAULT, '5fef9e7c-116a-5504-a6ae-d16f4442d448', '5ac46069-d153-5b50-a0be-8a017d379243', '2025-05-24T18:37:08.746Z', '2025-05-24T21:07:08.746Z', 'Hørt mye bra om deg!', 'completed', NULL, 'pi_ensure_reviews_db7cae9b-8f33-58bd-9446-2b7e4f35612c_1', 150, 1517, 'Verum puerilem alia aut hanc.', '2020-01-13T12:59:10.000Z', DEFAULT, NULL), ('045d156f-4834-56dd-8547-62080662d37e', DEFAULT, DEFAULT, '5f2c632c-1003-5d3e-94f5-6085899aa359', '5ac46069-d153-5b50-a0be-8a017d379243', '2025-07-25T18:37:08.746Z', '2025-07-25T21:07:08.746Z', 'Gleder meg til denne tjenesten!', 'completed', NULL, 'pi_ensure_reviews_db7cae9b-8f33-58bd-9446-2b7e4f35612c_2', 150, 1517, 'Maior quem medium magnumquam os dubit bono.', '2020-04-24T15:38:42.000Z', DEFAULT, NULL), ('fb55fc65-6578-5578-991f-494da8d34db0', DEFAULT, DEFAULT, '5fef9e7c-116a-5504-a6ae-d16f4442d448', '5f2c632c-1003-5d3e-94f5-6085899aa359', '2025-06-17T18:37:08.746Z', '2025-06-17T20:07:08.746Z', 'Første gang jeg prøver dette!', 'completed', NULL, 'pi_ensure_reviews_bfada96a-f22b-520d-a8a5-2a69720d77cb_0', 90, 1616, 'Multo tum artes a quo quidam es.', '2020-07-07T19:06:07.000Z', DEFAULT, NULL), ('ca7cbbfb-56e5-5e88-9e5a-3dd56ea6e170', DEFAULT, DEFAULT, '5ac46069-d153-5b50-a0be-8a017d379243', '5f2c632c-1003-5d3e-94f5-6085899aa359', '2025-07-13T18:37:08.746Z', '2025-07-13T20:07:08.746Z', 'Gleder meg til denne tjenesten!', 'completed', NULL, 'pi_ensure_reviews_bfada96a-f22b-520d-a8a5-2a69720d77cb_1', 90, 1616, 'Sunt latinanes tota ant fugientia, philosoper ut quasi mortali et.', '2020-12-24T11:51:35.000Z', DEFAULT, NULL), ('8d5d5e2c-a9f4-5251-8dbd-ec81770fc3a2', DEFAULT, DEFAULT, '71c8f57c-aae5-5ac8-8fc0-a1ff399b17b8', '5f2c632c-1003-5d3e-94f5-6085899aa359', '2025-05-19T18:37:08.746Z', '2025-05-19T20:07:08.746Z', 'Første gang jeg prøver dette!', 'completed', NULL, 'pi_ensure_reviews_bfada96a-f22b-520d-a8a5-2a69720d77cb_2', 90, 1616, 'Ata bonum suscipavis dicatio habetiam, recte in esse int laetiti extremum animi ferebiti.', '2020-05-05T16:21:40.000Z', DEFAULT, NULL), ('f07d0a38-b3b8-5f88-b80b-972fd5ee4763', DEFAULT, DEFAULT, '5fef9e7c-116a-5504-a6ae-d16f4442d448', '5f2c632c-1003-5d3e-94f5-6085899aa359', '2025-07-15T18:37:08.746Z', '2025-07-15T20:07:08.746Z', 'Gleder meg til denne tjenesten!', 'completed', NULL, 'pi_ensure_reviews_b7cfbb6f-5f3b-51a2-8f67-556f8e8bb547_0', 90, 1476, 'Est pleniora siliis desperpeten habuit si uta, reprehent dolorum natur efacri est sequatur afferre.', '2020-07-11T06:17:29.000Z', DEFAULT, NULL), ('670c5a82-2575-5bbb-bae0-7a4cb31765f7', DEFAULT, DEFAULT, '71c8f57c-aae5-5ac8-8fc0-a1ff399b17b8', '5f2c632c-1003-5d3e-94f5-6085899aa359', '2025-08-02T18:37:08.746Z', '2025-08-02T20:07:08.746Z', 'Anbefalt av en venninne!', 'completed', NULL, 'pi_ensure_reviews_b7cfbb6f-5f3b-51a2-8f67-556f8e8bb547_1', 90, 1476, 'Stoicosamic quae voluptatib detere qui libris putet, mihi are e de nati dente.', '2020-08-24T19:25:06.000Z', DEFAULT, NULL), ('196de7b8-6b30-5b8e-b6ae-610220a6a7e5', DEFAULT, DEFAULT, '815c84a1-9088-5e6f-b1ab-0853285c0e5d', '5f2c632c-1003-5d3e-94f5-6085899aa359', '2025-06-12T18:37:08.746Z', '2025-06-12T20:07:08.746Z', 'Hørt mye bra om deg!', 'completed', NULL, 'pi_ensure_reviews_b7cfbb6f-5f3b-51a2-8f67-556f8e8bb547_2', 90, 1476, 'Esse esque quis pacuvii cum quidem quae, omoriant ab cognitioque ceri dixeret te consequatur si.', '2020-07-03T06:23:52.000Z', DEFAULT, NULL), ('7a127187-e6ea-5b7c-9a39-9a5693629451', DEFAULT, DEFAULT, '71c8f57c-aae5-5ac8-8fc0-a1ff399b17b8', '5fef9e7c-116a-5504-a6ae-d16f4442d448', '2025-05-18T18:37:08.746Z', '2025-05-18T19:37:08.746Z', 'Første gang jeg prøver dette!', 'completed', NULL, 'pi_ensure_reviews_ecbea8f6-b213-57b5-811c-b7261694ffa4_0', 60, 877, 'Saepe potiora et benivolum quid idemur satis, vult refere iucuntur seritatus videtria et.', '2020-12-08T23:46:19.000Z', DEFAULT, NULL), ('451deed9-9699-5bf0-9606-d1dcd7e2f17a', DEFAULT, DEFAULT, '5ac46069-d153-5b50-a0be-8a017d379243', '5fef9e7c-116a-5504-a6ae-d16f4442d448', '2025-07-31T18:37:08.746Z', '2025-07-31T19:37:08.746Z', 'Gleder meg til denne tjenesten!', 'completed', NULL, 'pi_ensure_reviews_ecbea8f6-b213-57b5-811c-b7261694ffa4_1', 60, 877, 'Hic adhibenta ut parvam sin semellatin.', '2020-06-18T05:56:19.000Z', DEFAULT, NULL), ('6e9eebf9-3d1e-5731-98cd-529e47ff94c5', DEFAULT, DEFAULT, '71c8f57c-aae5-5ac8-8fc0-a1ff399b17b8', '5fef9e7c-116a-5504-a6ae-d16f4442d448', '2025-07-11T18:37:08.746Z', '2025-07-11T19:37:08.746Z', 'Gleder meg til denne tjenesten!', 'completed', NULL, 'pi_ensure_reviews_ecbea8f6-b213-57b5-811c-b7261694ffa4_2', 60, 877, 'Quae et rerum male est moveat explentur in.', '2020-06-02T05:20:03.000Z', DEFAULT, NULL), ('a1ee6d81-d228-5731-b0e8-bd4cef8842c9', DEFAULT, DEFAULT, '71c8f57c-aae5-5ac8-8fc0-a1ff399b17b8', '5ac46069-d153-5b50-a0be-8a017d379243', '2025-06-29T18:37:08.746Z', '2025-06-29T19:37:08.746Z', 'Hørt mye bra om deg!', 'completed', NULL, 'pi_ensure_reviews_01386236-4a58-58c4-bc9b-b62296d5b0c8_0', 60, 1827, 'Discorportar domus suo quid aut venere, voluptatem ut qua quibus alterum.', '2020-10-18T21:33:45.000Z', DEFAULT, NULL), ('a223d4b5-a17c-548e-9783-0092cad1dc97', DEFAULT, DEFAULT, '5fef9e7c-116a-5504-a6ae-d16f4442d448', '5ac46069-d153-5b50-a0be-8a017d379243', '2025-05-20T18:37:08.746Z', '2025-05-20T19:37:08.746Z', 'Anbefalt av en venninne!', 'completed', NULL, 'pi_ensure_reviews_01386236-4a58-58c4-bc9b-b62296d5b0c8_1', 60, 1827, 'Ercitat medicural si est eadem.', '2020-01-05T01:01:50.000Z', DEFAULT, NULL), ('bf37f77e-2b17-593b-a9a6-ec1408419e82', DEFAULT, DEFAULT, '5f2c632c-1003-5d3e-94f5-6085899aa359', '5ac46069-d153-5b50-a0be-8a017d379243', '2025-06-08T18:37:08.746Z', '2025-06-08T19:37:08.746Z', 'Hørt mye bra om deg!', 'completed', NULL, 'pi_ensure_reviews_01386236-4a58-58c4-bc9b-b62296d5b0c8_2', 60, 1827, 'Adhaesione est iditur litur ipse.', '2020-10-06T09:21:19.000Z', DEFAULT, NULL), ('950f9bbb-3a39-59a4-be29-d448394b7de9', DEFAULT, DEFAULT, '71c8f57c-aae5-5ac8-8fc0-a1ff399b17b8', '5f2c632c-1003-5d3e-94f5-6085899aa359', '2025-06-03T18:37:08.746Z', '2025-06-03T19:37:08.746Z', 'Trenger en oppfriskning!', 'completed', NULL, 'pi_ensure_reviews_588ce9a6-824d-5ecc-ac30-0e0629217186_0', 60, 892, 'Id scriptum qui videt unt nondum tam in.', '2020-06-14T05:17:06.000Z', DEFAULT, NULL), ('7e73f1d8-2b42-5ede-92b2-0896745b2624', DEFAULT, DEFAULT, '71c8f57c-aae5-5ac8-8fc0-a1ff399b17b8', '5f2c632c-1003-5d3e-94f5-6085899aa359', '2025-05-25T18:37:08.746Z', '2025-05-25T19:37:08.746Z', 'Trenger en oppfriskning!', 'completed', NULL, 'pi_ensure_reviews_588ce9a6-824d-5ecc-ac30-0e0629217186_1', 60, 892, 'Non quidem cum saepe meliores iucunditur exim conteristip, de vexet conspecta uto et beatae efflorest.', '2020-02-26T13:34:38.000Z', DEFAULT, NULL), ('c86c6e48-26c2-5f7e-a9b4-88b19b9d435e', DEFAULT, DEFAULT, '5ac46069-d153-5b50-a0be-8a017d379243', '5f2c632c-1003-5d3e-94f5-6085899aa359', '2025-06-12T18:37:08.746Z', '2025-06-12T19:37:08.746Z', 'Første gang jeg prøver dette!', 'completed', NULL, 'pi_ensure_reviews_588ce9a6-824d-5ecc-ac30-0e0629217186_2', 60, 892, 'Quid tum deditur ant voluptatib ut anda.', '2020-12-28T12:10:39.000Z', DEFAULT, NULL), ('e2dc76d6-927e-51a2-8824-fb4da1fbd487', DEFAULT, DEFAULT, '5ac46069-d153-5b50-a0be-8a017d379243', '5fef9e7c-116a-5504-a6ae-d16f4442d448', '2025-07-19T18:37:08.746Z', '2025-07-19T20:07:08.746Z', 'Anbefalt av en venninne!', 'completed', NULL, 'pi_ensure_reviews_0416504c-bc7d-5f0c-ac2f-94736d68799c_0', 90, 1027, 'Duxit tum solendam capteturei facientia, se viam qui finitur anim inibus.', '2020-02-06T02:03:33.000Z', DEFAULT, NULL), ('9474705e-4bfc-57a1-ad65-bc8899cf85ff', DEFAULT, DEFAULT, '815c84a1-9088-5e6f-b1ab-0853285c0e5d', '5fef9e7c-116a-5504-a6ae-d16f4442d448', '2025-06-03T18:37:08.746Z', '2025-06-03T20:07:08.746Z', 'Anbefalt av en venninne!', 'completed', NULL, 'pi_ensure_reviews_0416504c-bc7d-5f0c-ac2f-94736d68799c_1', 90, 1027, 'Tam manu solidenim qui voluptate cum.', '2020-05-13T04:43:57.000Z', DEFAULT, NULL), ('5ece1b6a-f76e-5eb1-a8ed-09df82e326e0', DEFAULT, DEFAULT, '71c8f57c-aae5-5ac8-8fc0-a1ff399b17b8', '5fef9e7c-116a-5504-a6ae-d16f4442d448', '2025-07-10T18:37:08.746Z', '2025-07-10T20:07:08.746Z', 'Trenger en oppfriskning!', 'completed', NULL, 'pi_ensure_reviews_0416504c-bc7d-5f0c-ac2f-94736d68799c_2', 90, 1027, 'Atis vidia satiabil imi sunt autem.', '2020-06-18T06:01:41.000Z', DEFAULT, NULL), ('caa73d88-0ea3-5247-a72f-4ef0d8d8ff5e', DEFAULT, DEFAULT, '5fef9e7c-116a-5504-a6ae-d16f4442d448', '5f2c632c-1003-5d3e-94f5-6085899aa359', '2025-07-29T18:37:08.746Z', '2025-07-29T21:07:08.746Z', 'Hørt mye bra om deg!', 'completed', NULL, 'pi_ensure_reviews_ae095deb-f4d1-5a82-93a8-6df231b7cb4c_0', 150, 899, 'Dedocriter legunde ad nissimae scribeniet, prompta esse cupidin aut numquam voluptas.', '2020-01-17T12:38:57.000Z', DEFAULT, NULL), ('19a67428-af6a-594c-8021-e8a64a91be8c', DEFAULT, DEFAULT, '5fef9e7c-116a-5504-a6ae-d16f4442d448', '5f2c632c-1003-5d3e-94f5-6085899aa359', '2025-07-12T18:37:08.746Z', '2025-07-12T21:07:08.746Z', 'Trenger en oppfriskning!', 'completed', NULL, 'pi_ensure_reviews_ae095deb-f4d1-5a82-93a8-6df231b7cb4c_1', 150, 899, 'Maiorem providerab gloriat aptis aut voluptatem.', '2020-12-08T12:03:19.000Z', DEFAULT, NULL), ('1fd13681-8263-574e-829e-48dafcabb6b1', DEFAULT, DEFAULT, '5fef9e7c-116a-5504-a6ae-d16f4442d448', '5f2c632c-1003-5d3e-94f5-6085899aa359', '2025-08-07T18:37:08.746Z', '2025-08-07T21:07:08.746Z', 'Trenger en oppfriskning!', 'completed', NULL, 'pi_ensure_reviews_ae095deb-f4d1-5a82-93a8-6df231b7cb4c_2', 150, 899, 'Iudicistim etur a haec est virtutum desere.', '2020-11-19T22:19:24.000Z', DEFAULT, NULL), ('95da78f9-e37f-5f31-a3d0-8a16b81ce8f4', DEFAULT, DEFAULT, '71c8f57c-aae5-5ac8-8fc0-a1ff399b17b8', '5f2c632c-1003-5d3e-94f5-6085899aa359', '2025-05-30T18:37:08.746Z', '2025-05-30T19:37:08.746Z', 'Trenger en oppfriskning!', 'completed', NULL, 'pi_ensure_reviews_b341b4e7-48c7-52a0-b31a-cfc76698083a_0', 60, 2915, 'Inquam derum non cumque quae quidem, reforum erat sed factis patrius ad cere pro.', '2020-04-24T03:45:27.000Z', DEFAULT, NULL), ('e5aacc17-1571-5a32-8ecf-d6f046406d4d', DEFAULT, DEFAULT, '5ac46069-d153-5b50-a0be-8a017d379243', '5f2c632c-1003-5d3e-94f5-6085899aa359', '2025-05-29T18:37:08.746Z', '2025-05-29T19:37:08.746Z', 'Gleder meg til denne tjenesten!', 'completed', NULL, 'pi_ensure_reviews_b341b4e7-48c7-52a0-b31a-cfc76698083a_1', 60, 2915, 'Eorum doctrina futurnumquam plurime suum doctrinisti in, quicquam loco ut meis ellenita iucunturum acutus labores.', '2020-09-21T08:56:06.000Z', DEFAULT, NULL), ('bee9f671-683f-5cf3-993b-369afded8b2c', DEFAULT, DEFAULT, '5ac46069-d153-5b50-a0be-8a017d379243', '5f2c632c-1003-5d3e-94f5-6085899aa359', '2025-05-21T18:37:08.746Z', '2025-05-21T19:37:08.746Z', 'Gleder meg til denne tjenesten!', 'completed', NULL, 'pi_ensure_reviews_b341b4e7-48c7-52a0-b31a-cfc76698083a_2', 60, 2915, 'Ad quibus es omnes aut solem.', '2020-11-15T22:59:31.000Z', DEFAULT, NULL);
INSERT INTO public.booking_services (booking_id,service_id) VALUES ('f7f59e8d-50a5-5bac-9166-74fde365365e', '76182b33-2b88-55da-9317-c322cfc4cdb2'), ('20cc6523-2826-5a08-86f4-b908cd162229', '76182b33-2b88-55da-9317-c322cfc4cdb2'), ('fc029e26-18ee-5656-a49a-e1ac0f7a95a7', '76182b33-2b88-55da-9317-c322cfc4cdb2'), ('cbd8ff02-8d4f-51f8-91c7-78b9a57def03', 'f66c822d-c39b-5997-9fdd-1cc2906b1259'), ('4b8887f8-7f16-5cfb-a6e0-3b8df27efb93', 'f66c822d-c39b-5997-9fdd-1cc2906b1259'), ('832ed0c0-93df-5768-bb0f-9e52c787ad4c', 'f66c822d-c39b-5997-9fdd-1cc2906b1259'), ('94f81093-dd98-5a70-9230-ba01536ad6f1', '7c724ddb-a436-508b-954f-ea531f015c8e'), ('6a080678-117b-5ad0-9282-02b82dac9c28', '7c724ddb-a436-508b-954f-ea531f015c8e'), ('065bf126-facf-58cc-9162-4a6e152134fb', '7c724ddb-a436-508b-954f-ea531f015c8e'), ('0f9ae927-0606-55ac-a1ca-216698b00936', 'ee28eb0b-265a-5f31-962b-baeb03171f3b'), ('c5b90239-6e51-56d4-a465-b51ca62e8a3f', 'ee28eb0b-265a-5f31-962b-baeb03171f3b'), ('8814330b-5977-5915-87e3-b3adf4fb6f9e', 'ee28eb0b-265a-5f31-962b-baeb03171f3b'), ('deecccfd-34ec-5fb6-9dbf-3324a4506904', 'bdd1b363-ac2b-5678-88e3-3a63f4b658f4'), ('c77047c0-d8fe-5a33-b816-a1a9bc5d5596', 'bdd1b363-ac2b-5678-88e3-3a63f4b658f4'), ('754d0696-68c2-5b1a-b06e-cfac2685befd', 'bdd1b363-ac2b-5678-88e3-3a63f4b658f4'), ('9da05787-17ce-5100-9e07-e56c1a66263d', 'e00070ec-a32f-50ad-9dca-90b08b918d33'), ('c18ecb52-170b-5af2-bc08-f5fdc573bce7', 'e00070ec-a32f-50ad-9dca-90b08b918d33'), ('d5208a7c-48d8-5ee4-99ba-f8c1d23afe4a', 'e00070ec-a32f-50ad-9dca-90b08b918d33'), ('0191ca21-3fa2-56db-bd1c-1ac5e972d9c1', '14988abd-97c9-5f3a-be9a-59d5637d4463'), ('fca548b5-9611-5729-8e0e-acc9dd5f0ed8', '14988abd-97c9-5f3a-be9a-59d5637d4463'), ('0c70d227-aedd-5295-9d58-7529f3ebf944', '14988abd-97c9-5f3a-be9a-59d5637d4463'), ('a9e80b50-afe2-53f3-89bf-d7a17b2e55fe', '5d426f4d-43a7-5476-969b-4ca4336173ad'), ('ad771cce-a6d3-52fd-bdbc-8b32bb4e7bfa', '5d426f4d-43a7-5476-969b-4ca4336173ad'), ('2ce94800-3737-5f2f-93b3-360eb00ac821', '5d426f4d-43a7-5476-969b-4ca4336173ad'), ('83a31706-f5d9-5713-ba64-a2e6ce47b267', '8379c4b0-1c06-5d40-b0fc-56513422c1d8'), ('1d56ed51-0070-57fd-a3c9-68b435d8e902', '8379c4b0-1c06-5d40-b0fc-56513422c1d8'), ('92995cb3-1be4-57d8-bd8f-f34433b0cc87', '8379c4b0-1c06-5d40-b0fc-56513422c1d8'), ('eed9cca5-bd72-5a8e-be84-ea068debfae3', 'c970b6e4-e959-5586-9093-3c50e0f7ab60'), ('d78735c4-c5a9-5b7d-b842-9e0dbcbacdba', 'c970b6e4-e959-5586-9093-3c50e0f7ab60'), ('916fa7ed-652a-5b1d-b6a6-821bdb63d654', 'c970b6e4-e959-5586-9093-3c50e0f7ab60'), ('0153b8c4-6d66-5ccb-bcff-c0be0db1946e', 'f67b1d42-e134-5c10-baf6-9357f4083f61'), ('3de7397c-06a9-5f73-bfd5-50e264943ecf', 'f67b1d42-e134-5c10-baf6-9357f4083f61'), ('e805b0cc-6e2c-594e-a98a-9e2fea6f1257', 'f67b1d42-e134-5c10-baf6-9357f4083f61'), ('f4e8d4ba-0a3a-503c-96ab-96c1314d8518', '1c3cb731-ed59-5c03-891d-dd445c49271e'), ('f9184bcc-80ee-56a0-b9a1-b8dd4bce65d3', '1c3cb731-ed59-5c03-891d-dd445c49271e'), ('6a31a08e-d677-5874-9b01-9c97cc389256', '1c3cb731-ed59-5c03-891d-dd445c49271e'), ('c7267ad0-11d8-5a56-9f5f-8e04661634e1', 'a84c07d7-9cad-533f-b8cf-1e50727560c4'), ('bcd5ab7c-2264-5a8a-9262-81a4ab558a8a', 'a84c07d7-9cad-533f-b8cf-1e50727560c4'), ('e185fe90-f6d1-50e6-85c5-b3d62e664f51', 'a84c07d7-9cad-533f-b8cf-1e50727560c4'), ('9ca6a3da-e8d3-5a6f-880c-d09b77a8ec20', 'f105e82d-4f15-5b10-b687-21bb390972df'), ('b3c5c797-7b27-5ef7-9996-ff9e9e1797ee', 'f105e82d-4f15-5b10-b687-21bb390972df'), ('2a25d426-320b-5baf-8349-c72f27df402e', 'd7664d95-3caa-5e9b-ac21-e5f97a492422'), ('8c62efa2-695a-5b16-94b8-dad312d8c9c8', 'd7664d95-3caa-5e9b-ac21-e5f97a492422'), ('7d7ba756-c614-52cf-925e-f70d46ef9956', 'd7664d95-3caa-5e9b-ac21-e5f97a492422'), ('e621bffd-4710-5736-a47b-0070b1281778', 'a1a04c06-3a8f-58fb-a6ac-fd4aa9f23a92'), ('1e03c0a8-6c3c-5278-a33f-e02df619b521', 'a1a04c06-3a8f-58fb-a6ac-fd4aa9f23a92'), ('f02e243c-3c4b-5caf-a3df-addfefbce6c8', 'a1a04c06-3a8f-58fb-a6ac-fd4aa9f23a92'), ('f0f93274-5c9e-583c-b072-eb3103cebe6d', 'e0c122d0-a1c6-57e5-8e5a-a275d77d69a9'), ('07810b60-d912-53d9-a3ed-516c51ec4df0', 'e0c122d0-a1c6-57e5-8e5a-a275d77d69a9'), ('653c4db2-4388-5de3-80c7-497beb1577c9', '87cfc1e8-8252-5821-8c8f-8b6a31cb5156'), ('593d6500-ae76-53e7-b042-ec686175cd4c', '87cfc1e8-8252-5821-8c8f-8b6a31cb5156'), ('b5379428-29ee-5389-8bf4-85a5e516386f', 'b0111ba7-5a98-5907-ba27-3f45196d3977'), ('e93fe92b-99d3-5f88-9b3e-a3078c6677bc', 'b0111ba7-5a98-5907-ba27-3f45196d3977'), ('c3d2790b-8e51-5dfc-9436-7c2e6453e83b', 'b0111ba7-5a98-5907-ba27-3f45196d3977'), ('7bf0957a-de39-5082-9120-a7eb95bc41cd', '2a66a173-5e57-53c4-a2e0-3d491704e63c'), ('6b3261f3-3aec-5431-af81-3049e91c8732', '2a66a173-5e57-53c4-a2e0-3d491704e63c'), ('f1b75e9f-d4cc-51e6-bd2f-b5dd2821dafb', '2a66a173-5e57-53c4-a2e0-3d491704e63c'), ('3194d9e8-65a0-59fb-9646-7b8054a2c718', '17174d2b-fa53-516c-9c8f-328d1c1d0a8c'), ('d6cfae51-b0a6-56f2-a66d-8d62e39ab534', '17174d2b-fa53-516c-9c8f-328d1c1d0a8c'), ('dafd8f5a-c818-5f9f-808a-d849eb2d9250', '17174d2b-fa53-516c-9c8f-328d1c1d0a8c'), ('d1ed2573-22be-50f1-8873-043ff68ecb22', '753f481f-9fee-53c1-bef0-6fc0bcf78933'), ('3f4a098a-b9bc-5f94-b567-67f59fb8415e', '753f481f-9fee-53c1-bef0-6fc0bcf78933'), ('fe3eb8dd-080c-54ea-869a-763dec93bdab', '753f481f-9fee-53c1-bef0-6fc0bcf78933'), ('223410ff-951c-592e-800c-8467d53ec144', '6988ab5f-f1cf-533e-9e10-6250fa03d64e'), ('830e8359-c065-55f7-bbb0-45f7a648d9a5', '6988ab5f-f1cf-533e-9e10-6250fa03d64e'), ('b3e59829-b585-5650-8f6f-12125ac2f30d', '6988ab5f-f1cf-533e-9e10-6250fa03d64e'), ('80732cda-ab31-5983-a490-f8e0631c4842', '5e167626-1d66-5123-9111-b3d1d294a57b'), ('54304e32-9704-50c1-9c37-82bd24e2e2ea', '5e167626-1d66-5123-9111-b3d1d294a57b'), ('c53f1961-c738-5eac-9cf5-9d4670cd9dc3', '5e167626-1d66-5123-9111-b3d1d294a57b'), ('456c8596-5f1c-5f3e-8979-8a39c70ce4b5', '223d99f1-5c50-536e-b2f1-21ff103a026e'), ('a02defe4-bfc6-5e87-9442-795c77edab0d', '223d99f1-5c50-536e-b2f1-21ff103a026e'), ('82cd0871-cfc7-5a49-bfed-ec0d3030359c', '85540e24-0e5a-5ffc-97e6-90b2875c357c'), ('2390fb56-e22a-56ca-8c95-41be66ea56f5', '85540e24-0e5a-5ffc-97e6-90b2875c357c'), ('24c9fb52-6ea2-5c2d-87f3-eb9a5682de0b', '85540e24-0e5a-5ffc-97e6-90b2875c357c'), ('400df31f-266b-5d87-9570-d8018c87191d', '2a882c6e-7824-5518-b251-1cc3d7bf2bcd'), ('78c7ec59-33a6-5c0c-9ae4-ef4ffda556ac', '2a882c6e-7824-5518-b251-1cc3d7bf2bcd'), ('fb319855-99c2-5e63-9a1c-69d834671969', '2a882c6e-7824-5518-b251-1cc3d7bf2bcd'), ('559ef705-7160-5a29-9d51-dda8ec3927f9', 'e7cf44d6-9f4a-5776-853b-a7a4072a5d45'), ('ac09baed-daac-5409-94b0-113118763fe6', 'e7cf44d6-9f4a-5776-853b-a7a4072a5d45'), ('502d334e-9705-5c6b-8bd9-522ad182b8e3', 'b7d36b38-fe23-5e84-a721-275f656c2211'), ('eb4d3a88-2925-5383-aa1d-7ea00f2ef135', 'b7d36b38-fe23-5e84-a721-275f656c2211'), ('6015551e-7f95-514c-a47c-8fb5d94476ac', 'b7d36b38-fe23-5e84-a721-275f656c2211'), ('c6e583ab-0494-5711-a18e-4b80438e96df', 'e2a5feea-e90d-5eb7-9c72-fef6ba325faf'), ('a7467a3f-6049-57f0-a2e2-7c3025393f32', 'e2a5feea-e90d-5eb7-9c72-fef6ba325faf'), ('182befa8-1653-550c-9c63-6a66b75b408b', 'e2a5feea-e90d-5eb7-9c72-fef6ba325faf'), ('d82cb8b6-fe7c-5c3b-a31b-fb4a2ca0c19e', 'aa0cf64c-2fee-545b-8b01-85b1642cc444'), ('32be9a54-ed8a-5d8a-a3e8-179009027ba6', 'aa0cf64c-2fee-545b-8b01-85b1642cc444'), ('e671edcd-2f49-576b-885e-a1232c2acb1d', 'aa0cf64c-2fee-545b-8b01-85b1642cc444'), ('628246ee-c060-50d4-8d31-61ef547f175b', 'e45210c4-5037-5acd-828e-6a2c7da9a3db'), ('61b8394e-e691-594e-a97f-43dea6f5ac9b', 'e45210c4-5037-5acd-828e-6a2c7da9a3db'), ('aea34256-92ac-592b-9228-2eb1ac6ab439', '6a4cd26c-3e74-5e66-8c9d-0a43c0d89298'), ('dad8ca31-283f-530b-9637-3f31fd2bfdf5', '6a4cd26c-3e74-5e66-8c9d-0a43c0d89298'), ('0aa14575-8b1a-581d-b9ff-bc7cc3f73d5e', '6a4cd26c-3e74-5e66-8c9d-0a43c0d89298'), ('3ab59b88-c838-50b3-b970-49b3a79c1bae', 'afd953ad-7147-5563-9533-021001caf7a2'), ('5afc0b02-9153-5e01-957b-193699f5b01a', 'afd953ad-7147-5563-9533-021001caf7a2'), ('8c07d701-f0d1-53e2-b376-666f992fb57d', 'afd953ad-7147-5563-9533-021001caf7a2'), ('2291dc45-a621-54c9-8805-290086ee6476', '14178b43-5f90-51e4-b62a-dd642da598f8'), ('77275129-3fbe-5360-a268-318d24a33428', '14178b43-5f90-51e4-b62a-dd642da598f8'), ('1e3eb039-3d33-5347-bfa1-6c37add72a03', '14178b43-5f90-51e4-b62a-dd642da598f8'), ('7cb508f8-f368-5775-817a-60a0a42a1c50', '1d2359fd-6f1f-5243-864d-5695b37743eb'), ('a2e15df7-8aff-565d-a508-124d188aceb2', '1d2359fd-6f1f-5243-864d-5695b37743eb'), ('49a2eba3-d676-54fa-ab8d-59b3c5219d5f', '1d2359fd-6f1f-5243-864d-5695b37743eb'), ('629da396-5642-5df3-a54b-a6ab06f64d24', '2a5d49d3-142c-57e5-9270-678f4722bb75'), ('cfbf456c-fffa-5d83-9d7b-02b663365d0d', '2a5d49d3-142c-57e5-9270-678f4722bb75'), ('5d480a3d-bafa-5f11-aa7a-c44516797b05', '2a5d49d3-142c-57e5-9270-678f4722bb75'), ('ae1e162f-83ec-5de2-83c5-26cd0c727790', 'b50cd102-29cf-5eae-88fc-400d1de89af3'), ('167bb8c1-0239-5bc2-ab68-47a099019ef9', 'b50cd102-29cf-5eae-88fc-400d1de89af3'), ('38ac3bca-a359-55b2-a590-2c3e8974e76b', 'dc966564-92f1-506b-ba19-7d7bb1f740ab'), ('4886593c-3dcc-5e25-851d-68921cb7fdc4', 'dc966564-92f1-506b-ba19-7d7bb1f740ab'), ('d7cdbfde-1ec1-58fd-8925-c5e65184bee3', 'dc966564-92f1-506b-ba19-7d7bb1f740ab'), ('671c52b5-fac6-5050-9fb6-7e0f85b67fe9', '17e51b1a-6cc8-5fb8-a298-f35c9601008c'), ('5e0c9dda-4472-5d85-ab0b-f4b21b1629ce', '17e51b1a-6cc8-5fb8-a298-f35c9601008c'), ('268eeb82-5479-5ab4-86e5-db5fc182d265', '17e51b1a-6cc8-5fb8-a298-f35c9601008c'), ('8ea25957-2a1b-54e9-8a40-494f66ba2093', '22bf4307-d5a9-538a-bcf4-909f5a7e33dc'), ('be0fe5d2-22eb-5d85-9963-b0cb3d98b3a2', '22bf4307-d5a9-538a-bcf4-909f5a7e33dc'), ('9036874d-3e4a-5f3f-8567-eb23942b502a', '22bf4307-d5a9-538a-bcf4-909f5a7e33dc'), ('985b7ce9-d3ec-5495-98d7-2d95d527e9a2', 'cce76ede-998c-52d2-903b-cbf19c7747a8'), ('1f95150b-8c10-5071-a75b-95843ec1fec0', 'cce76ede-998c-52d2-903b-cbf19c7747a8'), ('4310a90b-b230-575f-8ae3-f5f0ee53ef61', 'cce76ede-998c-52d2-903b-cbf19c7747a8'), ('95e1a472-70f5-566e-9a37-565b89047231', 'a880eacd-2ef3-5f96-a387-1e4129739d58'), ('8ffd0322-9772-54d9-9e42-a2de4fb73e47', 'a880eacd-2ef3-5f96-a387-1e4129739d58'), ('7f54acc6-2b4b-599e-8726-dc583d90ae46', 'a880eacd-2ef3-5f96-a387-1e4129739d58'), ('33ffa9c3-ca36-5b78-b12d-214fe1a8dad7', 'cc8895a3-c3b1-570a-9715-0e5f7037db58'), ('1bfc2178-cff2-5745-ad80-b4fe1ce50c45', 'cc8895a3-c3b1-570a-9715-0e5f7037db58'), ('7f5c2f52-a4a6-57bf-81b1-39489da80ff7', 'cc8895a3-c3b1-570a-9715-0e5f7037db58'), ('6b65a798-70f0-57e7-aaaa-82272d343b62', 'db7cae9b-8f33-58bd-9446-2b7e4f35612c'), ('a37a9a99-a3cf-5044-97af-487eac94f3e3', 'db7cae9b-8f33-58bd-9446-2b7e4f35612c'), ('045d156f-4834-56dd-8547-62080662d37e', 'db7cae9b-8f33-58bd-9446-2b7e4f35612c'), ('fb55fc65-6578-5578-991f-494da8d34db0', 'bfada96a-f22b-520d-a8a5-2a69720d77cb'), ('ca7cbbfb-56e5-5e88-9e5a-3dd56ea6e170', 'bfada96a-f22b-520d-a8a5-2a69720d77cb'), ('8d5d5e2c-a9f4-5251-8dbd-ec81770fc3a2', 'bfada96a-f22b-520d-a8a5-2a69720d77cb'), ('f07d0a38-b3b8-5f88-b80b-972fd5ee4763', 'b7cfbb6f-5f3b-51a2-8f67-556f8e8bb547'), ('670c5a82-2575-5bbb-bae0-7a4cb31765f7', 'b7cfbb6f-5f3b-51a2-8f67-556f8e8bb547'), ('196de7b8-6b30-5b8e-b6ae-610220a6a7e5', 'b7cfbb6f-5f3b-51a2-8f67-556f8e8bb547'), ('7a127187-e6ea-5b7c-9a39-9a5693629451', 'ecbea8f6-b213-57b5-811c-b7261694ffa4'), ('451deed9-9699-5bf0-9606-d1dcd7e2f17a', 'ecbea8f6-b213-57b5-811c-b7261694ffa4'), ('6e9eebf9-3d1e-5731-98cd-529e47ff94c5', 'ecbea8f6-b213-57b5-811c-b7261694ffa4'), ('a1ee6d81-d228-5731-b0e8-bd4cef8842c9', '01386236-4a58-58c4-bc9b-b62296d5b0c8'), ('a223d4b5-a17c-548e-9783-0092cad1dc97', '01386236-4a58-58c4-bc9b-b62296d5b0c8'), ('bf37f77e-2b17-593b-a9a6-ec1408419e82', '01386236-4a58-58c4-bc9b-b62296d5b0c8'), ('950f9bbb-3a39-59a4-be29-d448394b7de9', '588ce9a6-824d-5ecc-ac30-0e0629217186'), ('7e73f1d8-2b42-5ede-92b2-0896745b2624', '588ce9a6-824d-5ecc-ac30-0e0629217186'), ('c86c6e48-26c2-5f7e-a9b4-88b19b9d435e', '588ce9a6-824d-5ecc-ac30-0e0629217186'), ('e2dc76d6-927e-51a2-8824-fb4da1fbd487', '0416504c-bc7d-5f0c-ac2f-94736d68799c'), ('9474705e-4bfc-57a1-ad65-bc8899cf85ff', '0416504c-bc7d-5f0c-ac2f-94736d68799c'), ('5ece1b6a-f76e-5eb1-a8ed-09df82e326e0', '0416504c-bc7d-5f0c-ac2f-94736d68799c'), ('caa73d88-0ea3-5247-a72f-4ef0d8d8ff5e', 'ae095deb-f4d1-5a82-93a8-6df231b7cb4c'), ('19a67428-af6a-594c-8021-e8a64a91be8c', 'ae095deb-f4d1-5a82-93a8-6df231b7cb4c'), ('1fd13681-8263-574e-829e-48dafcabb6b1', 'ae095deb-f4d1-5a82-93a8-6df231b7cb4c'), ('95da78f9-e37f-5f31-a3d0-8a16b81ce8f4', 'b341b4e7-48c7-52a0-b31a-cfc76698083a'), ('e5aacc17-1571-5a32-8ecf-d6f046406d4d', 'b341b4e7-48c7-52a0-b31a-cfc76698083a'), ('bee9f671-683f-5cf3-993b-369afded8b2c', 'b341b4e7-48c7-52a0-b31a-cfc76698083a');
INSERT INTO public.reviews (id,created_at,booking_id,customer_id,stylist_id,rating,comment) VALUES ('bb068051-5504-5076-b1af-e5a852b724c5', DEFAULT, 'f7f59e8d-50a5-5bac-9166-74fde365365e', '5ac46069-d153-5b50-a0be-8a017d379243', '5fef9e7c-116a-5504-a6ae-d16f4442d448', 4, 'Så fornøyd med resultatet. Kommer definitivt tilbake!'), ('a33800e7-9b37-5e06-a0df-2635ff0504e1', DEFAULT, '20cc6523-2826-5a08-86f4-b908cd162229', '5ac46069-d153-5b50-a0be-8a017d379243', '5fef9e7c-116a-5504-a6ae-d16f4442d448', 4, 'Så bra service og kvalitet. Veldig imponert!'), ('6d8cc429-716d-54cc-8245-64722b2d7945', DEFAULT, 'fc029e26-18ee-5656-a49a-e1ac0f7a95a7', '5ac46069-d153-5b50-a0be-8a017d379243', '5fef9e7c-116a-5504-a6ae-d16f4442d448', 5, 'Perfect service from start to finish!'), ('afe27739-49e5-5f97-b071-c0972f9fbeef', DEFAULT, 'cbd8ff02-8d4f-51f8-91c7-78b9a57def03', '71c8f57c-aae5-5ac8-8fc0-a1ff399b17b8', '5ac46069-d153-5b50-a0be-8a017d379243', 4, 'Så fornøyd med resultatet. Kommer definitivt tilbake!'), ('6eec75fe-2825-5879-8b6e-eb352718ec1a', DEFAULT, '4b8887f8-7f16-5cfb-a6e0-3b8df27efb93', '71c8f57c-aae5-5ac8-8fc0-a1ff399b17b8', '5ac46069-d153-5b50-a0be-8a017d379243', 5, 'Amazing results! Will definitely recommend to friends.'), ('19edad09-3869-5fa7-9a29-78969d2a5b8a', DEFAULT, '832ed0c0-93df-5768-bb0f-9e52c787ad4c', '815c84a1-9088-5e6f-b1ab-0853285c0e5d', '5ac46069-d153-5b50-a0be-8a017d379243', 3, 'Utrolig dyktig! Resultatet overgikk mine forventninger.'), ('8408dbe9-e333-5779-a15c-9ab97c1b0644', DEFAULT, '94f81093-dd98-5a70-9230-ba01536ad6f1', '5ac46069-d153-5b50-a0be-8a017d379243', '5f2c632c-1003-5d3e-94f5-6085899aa359', 3, 'Perfekt! Nøyaktig som jeg ønsket meg.'), ('9551e54f-481e-5d1d-962b-dad5dc069616', DEFAULT, '6a080678-117b-5ad0-9282-02b82dac9c28', '71c8f57c-aae5-5ac8-8fc0-a1ff399b17b8', '5f2c632c-1003-5d3e-94f5-6085899aa359', 3, 'Fantastisk opplevelse! Akkurat det jeg trengte.'), ('e8ef37b3-351c-5212-9c4c-fcef4023a79f', DEFAULT, '065bf126-facf-58cc-9162-4a6e152134fb', '71c8f57c-aae5-5ac8-8fc0-a1ff399b17b8', '5f2c632c-1003-5d3e-94f5-6085899aa359', 5, 'Amazing results! Will definitely recommend to friends.'), ('c53a4bc7-963a-54e1-8d2a-27d193f7a5da', DEFAULT, '0f9ae927-0606-55ac-a1ca-216698b00936', '815c84a1-9088-5e6f-b1ab-0853285c0e5d', '5ac46069-d153-5b50-a0be-8a017d379243', 4, 'Fantastisk opplevelse! Akkurat det jeg trengte.'), ('8f273178-ccdc-5e34-aaf5-4cefddfc24e8', DEFAULT, 'c5b90239-6e51-56d4-a465-b51ca62e8a3f', '71c8f57c-aae5-5ac8-8fc0-a1ff399b17b8', '5ac46069-d153-5b50-a0be-8a017d379243', 4, 'Brilliant work! Could not ask for better service.'), ('49ed2700-c9c6-5727-bc1d-dc099199f1a6', DEFAULT, '8814330b-5977-5915-87e3-b3adf4fb6f9e', '71c8f57c-aae5-5ac8-8fc0-a1ff399b17b8', '5ac46069-d153-5b50-a0be-8a017d379243', 4, 'Så bra service og kvalitet. Veldig imponert!'), ('c098e424-6f4b-5f86-8053-155cd0d73d8b', DEFAULT, 'deecccfd-34ec-5fb6-9dbf-3324a4506904', '5ac46069-d153-5b50-a0be-8a017d379243', '5f2c632c-1003-5d3e-94f5-6085899aa359', 4, 'Så bra service og kvalitet. Veldig imponert!'), ('9e6c605c-3805-5259-b249-25b3e5c52c31', DEFAULT, 'c77047c0-d8fe-5a33-b816-a1a9bc5d5596', '5ac46069-d153-5b50-a0be-8a017d379243', '5f2c632c-1003-5d3e-94f5-6085899aa359', 4, 'Kunne ikke vært mer fornøyd. Takk for en super opplevelse!'), ('6b45c1e0-6522-5e4e-9b01-1f0ecfb1d943', DEFAULT, '754d0696-68c2-5b1a-b06e-cfac2685befd', '5fef9e7c-116a-5504-a6ae-d16f4442d448', '5f2c632c-1003-5d3e-94f5-6085899aa359', 5, 'Kunne ikke vært mer fornøyd. Takk for en super opplevelse!'), ('7d6e5799-a7e2-5654-b6cc-83d396404429', DEFAULT, '9da05787-17ce-5100-9e07-e56c1a66263d', '71c8f57c-aae5-5ac8-8fc0-a1ff399b17b8', '5ac46069-d153-5b50-a0be-8a017d379243', 3, 'Kunne ikke vært mer fornøyd. Takk for en super opplevelse!'), ('1bcbd30b-c54e-5217-ac76-a7c037e268ee', DEFAULT, 'c18ecb52-170b-5af2-bc08-f5fdc573bce7', '71c8f57c-aae5-5ac8-8fc0-a1ff399b17b8', '5ac46069-d153-5b50-a0be-8a017d379243', 5, 'So happy with the outcome. Great attention to detail!'), ('3c9bb729-51a7-5734-b415-b5b14a7d3f3a', DEFAULT, 'd5208a7c-48d8-5ee4-99ba-f8c1d23afe4a', '5f2c632c-1003-5d3e-94f5-6085899aa359', '5ac46069-d153-5b50-a0be-8a017d379243', 4, 'So happy with the outcome. Great attention to detail!'), ('285f62c3-fd8d-5cf3-aa4a-9d33a06db928', DEFAULT, '0191ca21-3fa2-56db-bd1c-1ac5e972d9c1', '71c8f57c-aae5-5ac8-8fc0-a1ff399b17b8', '5f2c632c-1003-5d3e-94f5-6085899aa359', 4, 'Kunne ikke vært mer fornøyd. Takk for en super opplevelse!'), ('3d1f6cd8-0516-5c9e-8f8a-1b719e1bb100', DEFAULT, 'fca548b5-9611-5729-8e0e-acc9dd5f0ed8', '815c84a1-9088-5e6f-b1ab-0853285c0e5d', '5f2c632c-1003-5d3e-94f5-6085899aa359', 5, 'Så fornøyd med resultatet. Kommer definitivt tilbake!'), ('af592dbb-a233-532f-ad2e-27109568a082', DEFAULT, '0c70d227-aedd-5295-9d58-7529f3ebf944', '5fef9e7c-116a-5504-a6ae-d16f4442d448', '5f2c632c-1003-5d3e-94f5-6085899aa359', 5, 'Flott jobb! Føler meg som en helt ny person.'), ('d918425a-b8cb-5613-95a3-9ae2712c5226', DEFAULT, 'a9e80b50-afe2-53f3-89bf-d7a17b2e55fe', '5ac46069-d153-5b50-a0be-8a017d379243', '5f2c632c-1003-5d3e-94f5-6085899aa359', 3, 'Wonderful experience! Very skilled and caring.'), ('5ce95d69-7c39-5b8d-9dd6-87957b28cac3', DEFAULT, 'ad771cce-a6d3-52fd-bdbc-8b32bb4e7bfa', '5fef9e7c-116a-5504-a6ae-d16f4442d448', '5f2c632c-1003-5d3e-94f5-6085899aa359', 5, 'Wonderful experience! Very skilled and caring.'), ('87122989-9ae8-57ab-875a-379ddfe0e40c', DEFAULT, '2ce94800-3737-5f2f-93b3-360eb00ac821', '815c84a1-9088-5e6f-b1ab-0853285c0e5d', '5f2c632c-1003-5d3e-94f5-6085899aa359', 4, 'Profesjonell og hyggelig service. Anbefales på det sterkeste!'), ('702c24d9-ea63-5b6f-bccf-979572de64e8', DEFAULT, '83a31706-f5d9-5713-ba64-a2e6ce47b267', '71c8f57c-aae5-5ac8-8fc0-a1ff399b17b8', '5ac46069-d153-5b50-a0be-8a017d379243', 4, 'Flott jobb! Føler meg som en helt ny person.'), ('b6a6c506-659f-507a-955e-02ec8cc77810', DEFAULT, '1d56ed51-0070-57fd-a3c9-68b435d8e902', '5f2c632c-1003-5d3e-94f5-6085899aa359', '5ac46069-d153-5b50-a0be-8a017d379243', 5, 'Perfekt! Nøyaktig som jeg ønsket meg.'), ('db1ff0f6-11ac-5375-863d-87b31c7f3bb6', DEFAULT, '92995cb3-1be4-57d8-bd8f-f34433b0cc87', '5fef9e7c-116a-5504-a6ae-d16f4442d448', '5ac46069-d153-5b50-a0be-8a017d379243', 5, 'Så fornøyd med resultatet. Kommer definitivt tilbake!'), ('e112265d-bd83-5e85-8717-1ffac49f80df', DEFAULT, 'eed9cca5-bd72-5a8e-be84-ea068debfae3', '815c84a1-9088-5e6f-b1ab-0853285c0e5d', '5fef9e7c-116a-5504-a6ae-d16f4442d448', 5, 'Perfect service from start to finish!'), ('1ffa7d99-2fb1-555e-93a7-89df4350fa28', DEFAULT, 'd78735c4-c5a9-5b7d-b842-9e0dbcbacdba', '5ac46069-d153-5b50-a0be-8a017d379243', '5fef9e7c-116a-5504-a6ae-d16f4442d448', 4, 'Utrolig dyktig! Resultatet overgikk mine forventninger.'), ('1a73eaad-454a-5b3f-8d34-074665b37557', DEFAULT, '916fa7ed-652a-5b1d-b6a6-821bdb63d654', '5f2c632c-1003-5d3e-94f5-6085899aa359', '5fef9e7c-116a-5504-a6ae-d16f4442d448', 5, 'Outstanding quality! Exceeded all my expectations.'), ('1c3c6e2b-5f41-57ed-b2a2-1bfa1857aae5', DEFAULT, '0153b8c4-6d66-5ccb-bcff-c0be0db1946e', '5fef9e7c-116a-5504-a6ae-d16f4442d448', '5ac46069-d153-5b50-a0be-8a017d379243', 5, 'Brilliant work! Could not ask for better service.'), ('4c18deb4-0745-5b6e-9062-455bba7bc253', DEFAULT, '3de7397c-06a9-5f73-bfd5-50e264943ecf', '5fef9e7c-116a-5504-a6ae-d16f4442d448', '5ac46069-d153-5b50-a0be-8a017d379243', 5, 'Utrolig dyktig! Resultatet overgikk mine forventninger.'), ('294eba59-1473-5b32-a171-0af9da606a33', DEFAULT, 'e805b0cc-6e2c-594e-a98a-9e2fea6f1257', '5f2c632c-1003-5d3e-94f5-6085899aa359', '5ac46069-d153-5b50-a0be-8a017d379243', 4, 'Flott jobb! Føler meg som en helt ny person.'), ('0b4eb2aa-7469-58a8-b8bf-97971eb2505e', DEFAULT, 'f4e8d4ba-0a3a-503c-96ab-96c1314d8518', '71c8f57c-aae5-5ac8-8fc0-a1ff399b17b8', '5f2c632c-1003-5d3e-94f5-6085899aa359', 5, 'Fantastisk opplevelse! Akkurat det jeg trengte.'), ('a0a3e022-bb7e-50c3-8b0b-0fb8f40e0214', DEFAULT, 'f9184bcc-80ee-56a0-b9a1-b8dd4bce65d3', '5fef9e7c-116a-5504-a6ae-d16f4442d448', '5f2c632c-1003-5d3e-94f5-6085899aa359', 5, 'Fantastisk opplevelse! Akkurat det jeg trengte.'), ('de3ae970-3aec-5061-a142-5a67dfe8d627', DEFAULT, '6a31a08e-d677-5874-9b01-9c97cc389256', '815c84a1-9088-5e6f-b1ab-0853285c0e5d', '5f2c632c-1003-5d3e-94f5-6085899aa359', 3, 'Outstanding quality! Exceeded all my expectations.'), ('371a2445-9da7-5a65-a576-19bab3ba12ab', DEFAULT, 'c7267ad0-11d8-5a56-9f5f-8e04661634e1', '815c84a1-9088-5e6f-b1ab-0853285c0e5d', '5f2c632c-1003-5d3e-94f5-6085899aa359', 4, 'Så bra service og kvalitet. Veldig imponert!'), ('61b27e0c-25c5-5b33-845d-b66fb19f7368', DEFAULT, 'bcd5ab7c-2264-5a8a-9262-81a4ab558a8a', '71c8f57c-aae5-5ac8-8fc0-a1ff399b17b8', '5f2c632c-1003-5d3e-94f5-6085899aa359', 5, 'Perfekt! Nøyaktig som jeg ønsket meg.'), ('6fc4d019-3939-5b14-a892-d8c7b3b43760', DEFAULT, 'e185fe90-f6d1-50e6-85c5-b3d62e664f51', '5ac46069-d153-5b50-a0be-8a017d379243', '5f2c632c-1003-5d3e-94f5-6085899aa359', 5, 'Wonderful experience! Very skilled and caring.'), ('6ae064e4-1a03-5ba3-ac1b-2bb95f46f9d3', DEFAULT, '9ca6a3da-e8d3-5a6f-880c-d09b77a8ec20', '5ac46069-d153-5b50-a0be-8a017d379243', '5fef9e7c-116a-5504-a6ae-d16f4442d448', 5, 'Amazing results! Will definitely recommend to friends.'), ('7759ef51-0efe-5501-935a-3d4bfa76d846', DEFAULT, 'b3c5c797-7b27-5ef7-9996-ff9e9e1797ee', '5f2c632c-1003-5d3e-94f5-6085899aa359', '5fef9e7c-116a-5504-a6ae-d16f4442d448', 4, 'Perfect service from start to finish!'), ('d0065873-a5fa-50ae-9068-13b9474bab38', DEFAULT, '2a25d426-320b-5baf-8349-c72f27df402e', '5fef9e7c-116a-5504-a6ae-d16f4442d448', '5ac46069-d153-5b50-a0be-8a017d379243', 5, 'Amazing results! Will definitely recommend to friends.'), ('adc0e28d-c7d0-5804-8c3d-96e669ce6c67', DEFAULT, '8c62efa2-695a-5b16-94b8-dad312d8c9c8', '71c8f57c-aae5-5ac8-8fc0-a1ff399b17b8', '5ac46069-d153-5b50-a0be-8a017d379243', 5, 'Fantastisk opplevelse! Akkurat det jeg trengte.'), ('3d1bb4b6-da9f-5f3a-b6b3-37ea8aeea9b2', DEFAULT, '7d7ba756-c614-52cf-925e-f70d46ef9956', '815c84a1-9088-5e6f-b1ab-0853285c0e5d', '5ac46069-d153-5b50-a0be-8a017d379243', 4, 'Kunne ikke vært mer fornøyd. Takk for en super opplevelse!'), ('4f25a9bc-6c7b-5334-8558-2de7fea3493e', DEFAULT, 'e621bffd-4710-5736-a47b-0070b1281778', '71c8f57c-aae5-5ac8-8fc0-a1ff399b17b8', '5ac46069-d153-5b50-a0be-8a017d379243', 4, 'So happy with the outcome. Great attention to detail!'), ('651658cd-e52d-5242-a640-d155bcf5b7fb', DEFAULT, '1e03c0a8-6c3c-5278-a33f-e02df619b521', '815c84a1-9088-5e6f-b1ab-0853285c0e5d', '5ac46069-d153-5b50-a0be-8a017d379243', 4, 'Brilliant work! Could not ask for better service.'), ('5f159d0e-cf9d-5594-b946-d914aceda41f', DEFAULT, 'f02e243c-3c4b-5caf-a3df-addfefbce6c8', '815c84a1-9088-5e6f-b1ab-0853285c0e5d', '5ac46069-d153-5b50-a0be-8a017d379243', 4, 'Fantastisk opplevelse! Akkurat det jeg trengte.'), ('f33c7574-c013-507d-9b91-7fd9007cd300', DEFAULT, 'f0f93274-5c9e-583c-b072-eb3103cebe6d', '5fef9e7c-116a-5504-a6ae-d16f4442d448', '5ac46069-d153-5b50-a0be-8a017d379243', 4, 'Fantastisk opplevelse! Akkurat det jeg trengte.'), ('ae01af5e-82a3-52ea-bd78-fabb59bbe8cf', DEFAULT, '07810b60-d912-53d9-a3ed-516c51ec4df0', '5f2c632c-1003-5d3e-94f5-6085899aa359', '5ac46069-d153-5b50-a0be-8a017d379243', 5, 'So happy with the outcome. Great attention to detail!'), ('11187654-426b-54ce-87db-82bdbcd9c467', DEFAULT, '653c4db2-4388-5de3-80c7-497beb1577c9', '815c84a1-9088-5e6f-b1ab-0853285c0e5d', '5f2c632c-1003-5d3e-94f5-6085899aa359', 4, 'Så bra service og kvalitet. Veldig imponert!'), ('173b089e-d977-5806-ac80-a270547fe89c', DEFAULT, '593d6500-ae76-53e7-b042-ec686175cd4c', '815c84a1-9088-5e6f-b1ab-0853285c0e5d', '5f2c632c-1003-5d3e-94f5-6085899aa359', 5, 'Profesjonell og hyggelig service. Anbefales på det sterkeste!'), ('d66491e4-32fe-54ba-91b4-e5f07e84fdf6', DEFAULT, 'b5379428-29ee-5389-8bf4-85a5e516386f', '5fef9e7c-116a-5504-a6ae-d16f4442d448', '5ac46069-d153-5b50-a0be-8a017d379243', 5, 'Brilliant work! Could not ask for better service.'), ('dc63e493-d4fe-5e3e-96e0-cb2352ffc322', DEFAULT, 'e93fe92b-99d3-5f88-9b3e-a3078c6677bc', '815c84a1-9088-5e6f-b1ab-0853285c0e5d', '5ac46069-d153-5b50-a0be-8a017d379243', 4, 'Perfekt! Nøyaktig som jeg ønsket meg.'), ('050988a5-58f0-50a5-90ca-a333fe420235', DEFAULT, 'c3d2790b-8e51-5dfc-9436-7c2e6453e83b', '5f2c632c-1003-5d3e-94f5-6085899aa359', '5ac46069-d153-5b50-a0be-8a017d379243', 5, 'Flott jobb! Føler meg som en helt ny person.'), ('91885347-5f59-591a-bb26-6e621e98f768', DEFAULT, '7bf0957a-de39-5082-9120-a7eb95bc41cd', '5f2c632c-1003-5d3e-94f5-6085899aa359', '5ac46069-d153-5b50-a0be-8a017d379243', 5, 'Flott jobb! Føler meg som en helt ny person.'), ('c0c93203-2742-5a97-b427-651b529ce573', DEFAULT, '6b3261f3-3aec-5431-af81-3049e91c8732', '5f2c632c-1003-5d3e-94f5-6085899aa359', '5ac46069-d153-5b50-a0be-8a017d379243', 5, 'Brilliant work! Could not ask for better service.'), ('d7fec45d-305a-522a-932e-2d57c85e2c60', DEFAULT, 'f1b75e9f-d4cc-51e6-bd2f-b5dd2821dafb', '5fef9e7c-116a-5504-a6ae-d16f4442d448', '5ac46069-d153-5b50-a0be-8a017d379243', 5, 'Outstanding quality! Exceeded all my expectations.'), ('79e6cd85-3f05-5395-b99c-50fd59490641', DEFAULT, '3194d9e8-65a0-59fb-9646-7b8054a2c718', '5fef9e7c-116a-5504-a6ae-d16f4442d448', '5ac46069-d153-5b50-a0be-8a017d379243', 4, 'Wonderful experience! Very skilled and caring.'), ('51aa2fe9-4da2-52ce-b323-4c277dd3a761', DEFAULT, 'd6cfae51-b0a6-56f2-a66d-8d62e39ab534', '5f2c632c-1003-5d3e-94f5-6085899aa359', '5ac46069-d153-5b50-a0be-8a017d379243', 5, 'Wonderful experience! Very skilled and caring.'), ('df5426ae-d3a8-5b34-b87f-c40f947defe6', DEFAULT, 'dafd8f5a-c818-5f9f-808a-d849eb2d9250', '815c84a1-9088-5e6f-b1ab-0853285c0e5d', '5ac46069-d153-5b50-a0be-8a017d379243', 5, 'Perfekt! Nøyaktig som jeg ønsket meg.'), ('5fef6b4f-b317-50e6-88e1-cc2d017c7c8f', DEFAULT, 'd1ed2573-22be-50f1-8873-043ff68ecb22', '5ac46069-d153-5b50-a0be-8a017d379243', '5fef9e7c-116a-5504-a6ae-d16f4442d448', 5, 'Så fornøyd med resultatet. Kommer definitivt tilbake!'), ('e0d3c17f-67d5-5314-811a-642ad6d9f736', DEFAULT, '3f4a098a-b9bc-5f94-b567-67f59fb8415e', '71c8f57c-aae5-5ac8-8fc0-a1ff399b17b8', '5fef9e7c-116a-5504-a6ae-d16f4442d448', 4, 'Flott jobb! Føler meg som en helt ny person.'), ('5f06489b-a685-5a2e-bb82-2c87fffcc758', DEFAULT, 'fe3eb8dd-080c-54ea-869a-763dec93bdab', '815c84a1-9088-5e6f-b1ab-0853285c0e5d', '5fef9e7c-116a-5504-a6ae-d16f4442d448', 5, 'Fantastisk opplevelse! Akkurat det jeg trengte.'), ('cea9e462-a0b0-58dc-b14f-7a90774a35f2', DEFAULT, '223410ff-951c-592e-800c-8467d53ec144', '5ac46069-d153-5b50-a0be-8a017d379243', '5f2c632c-1003-5d3e-94f5-6085899aa359', 4, 'Brilliant work! Could not ask for better service.'), ('e0f07b6b-e452-5b60-b3cd-e7bc0243d531', DEFAULT, '830e8359-c065-55f7-bbb0-45f7a648d9a5', '71c8f57c-aae5-5ac8-8fc0-a1ff399b17b8', '5f2c632c-1003-5d3e-94f5-6085899aa359', 3, 'Excellent work! Professional and friendly.'), ('10a721e2-149c-58a2-87cb-3ad6dd7f5d93', DEFAULT, 'b3e59829-b585-5650-8f6f-12125ac2f30d', '71c8f57c-aae5-5ac8-8fc0-a1ff399b17b8', '5f2c632c-1003-5d3e-94f5-6085899aa359', 3, 'Amazing results! Will definitely recommend to friends.'), ('ca823f60-7fef-52ab-9013-705376f11e36', DEFAULT, '80732cda-ab31-5983-a490-f8e0631c4842', '5f2c632c-1003-5d3e-94f5-6085899aa359', '5ac46069-d153-5b50-a0be-8a017d379243', 4, 'Wonderful experience! Very skilled and caring.'), ('97abaa63-c295-55eb-b67f-dec311440a8b', DEFAULT, '54304e32-9704-50c1-9c37-82bd24e2e2ea', '71c8f57c-aae5-5ac8-8fc0-a1ff399b17b8', '5ac46069-d153-5b50-a0be-8a017d379243', 3, 'Outstanding quality! Exceeded all my expectations.'), ('344ec3d7-20fa-5996-8380-591bbf00e1a3', DEFAULT, 'c53f1961-c738-5eac-9cf5-9d4670cd9dc3', '71c8f57c-aae5-5ac8-8fc0-a1ff399b17b8', '5ac46069-d153-5b50-a0be-8a017d379243', 4, 'Perfekt! Nøyaktig som jeg ønsket meg.'), ('fa57879c-132a-5c46-97f7-2800d80b5599', DEFAULT, '456c8596-5f1c-5f3e-8979-8a39c70ce4b5', '71c8f57c-aae5-5ac8-8fc0-a1ff399b17b8', '5f2c632c-1003-5d3e-94f5-6085899aa359', 4, 'Perfekt! Nøyaktig som jeg ønsket meg.'), ('a16cb383-6fa2-5be7-ab01-683bd6cc54bb', DEFAULT, 'a02defe4-bfc6-5e87-9442-795c77edab0d', '5fef9e7c-116a-5504-a6ae-d16f4442d448', '5f2c632c-1003-5d3e-94f5-6085899aa359', 5, 'Profesjonell og hyggelig service. Anbefales på det sterkeste!'), ('a497b7fb-bd24-51ea-bb8f-4cb84008f10d', DEFAULT, '82cd0871-cfc7-5a49-bfed-ec0d3030359c', '815c84a1-9088-5e6f-b1ab-0853285c0e5d', '5f2c632c-1003-5d3e-94f5-6085899aa359', 4, 'Amazing results! Will definitely recommend to friends.'), ('9b1ee03e-628f-5968-9a28-a8a9a06497f0', DEFAULT, '2390fb56-e22a-56ca-8c95-41be66ea56f5', '5ac46069-d153-5b50-a0be-8a017d379243', '5f2c632c-1003-5d3e-94f5-6085899aa359', 4, 'Perfect service from start to finish!'), ('c2a9ca03-600f-5494-86f9-0851369bc098', DEFAULT, '24c9fb52-6ea2-5c2d-87f3-eb9a5682de0b', '71c8f57c-aae5-5ac8-8fc0-a1ff399b17b8', '5f2c632c-1003-5d3e-94f5-6085899aa359', 5, 'Perfekt! Nøyaktig som jeg ønsket meg.'), ('885c14c5-7095-55ad-80f9-1b39dfd5c85d', DEFAULT, '400df31f-266b-5d87-9570-d8018c87191d', '5f2c632c-1003-5d3e-94f5-6085899aa359', '5fef9e7c-116a-5504-a6ae-d16f4442d448', 5, 'Så fornøyd med resultatet. Kommer definitivt tilbake!'), ('c12f0e55-e4d6-54a6-8945-3ef8f145abb6', DEFAULT, '78c7ec59-33a6-5c0c-9ae4-ef4ffda556ac', '5ac46069-d153-5b50-a0be-8a017d379243', '5fef9e7c-116a-5504-a6ae-d16f4442d448', 5, 'Perfect service from start to finish!'), ('a74fb7f9-33f6-539a-b1c8-a7a704ecc520', DEFAULT, 'fb319855-99c2-5e63-9a1c-69d834671969', '71c8f57c-aae5-5ac8-8fc0-a1ff399b17b8', '5fef9e7c-116a-5504-a6ae-d16f4442d448', 5, 'So happy with the outcome. Great attention to detail!'), ('793d627e-0892-54d8-b51a-28590e3af52f', DEFAULT, '559ef705-7160-5a29-9d51-dda8ec3927f9', '5ac46069-d153-5b50-a0be-8a017d379243', '5f2c632c-1003-5d3e-94f5-6085899aa359', 5, 'Perfekt! Nøyaktig som jeg ønsket meg.'), ('8248f880-6fef-5bc3-b85e-b40faf75667f', DEFAULT, 'ac09baed-daac-5409-94b0-113118763fe6', '5ac46069-d153-5b50-a0be-8a017d379243', '5f2c632c-1003-5d3e-94f5-6085899aa359', 5, 'Brilliant work! Could not ask for better service.'), ('324a3a8f-beb5-53a0-8683-a13f95ba0f60', DEFAULT, '502d334e-9705-5c6b-8bd9-522ad182b8e3', '815c84a1-9088-5e6f-b1ab-0853285c0e5d', '5fef9e7c-116a-5504-a6ae-d16f4442d448', 4, 'Outstanding quality! Exceeded all my expectations.'), ('7e4c5b20-e828-5c98-bf4f-c353adf15830', DEFAULT, 'eb4d3a88-2925-5383-aa1d-7ea00f2ef135', '5ac46069-d153-5b50-a0be-8a017d379243', '5fef9e7c-116a-5504-a6ae-d16f4442d448', 4, 'Kunne ikke vært mer fornøyd. Takk for en super opplevelse!'), ('51fbb33e-1db4-599f-bbc6-e0ab0726e173', DEFAULT, '6015551e-7f95-514c-a47c-8fb5d94476ac', '5f2c632c-1003-5d3e-94f5-6085899aa359', '5fef9e7c-116a-5504-a6ae-d16f4442d448', 5, 'Så bra service og kvalitet. Veldig imponert!'), ('2f6e14ac-0b74-5bd4-8c49-1d823e9ad15c', DEFAULT, 'c6e583ab-0494-5711-a18e-4b80438e96df', '71c8f57c-aae5-5ac8-8fc0-a1ff399b17b8', '5f2c632c-1003-5d3e-94f5-6085899aa359', 5, 'Profesjonell og hyggelig service. Anbefales på det sterkeste!'), ('7e68d5f6-ea14-594c-a025-62ebffcf269b', DEFAULT, 'a7467a3f-6049-57f0-a2e2-7c3025393f32', '5ac46069-d153-5b50-a0be-8a017d379243', '5f2c632c-1003-5d3e-94f5-6085899aa359', 3, 'So happy with the outcome. Great attention to detail!'), ('c380cc85-62cb-5add-867b-eace874ff72b', DEFAULT, '182befa8-1653-550c-9c63-6a66b75b408b', '815c84a1-9088-5e6f-b1ab-0853285c0e5d', '5f2c632c-1003-5d3e-94f5-6085899aa359', 4, 'Perfect service from start to finish!'), ('d5b1bb76-b65c-5076-b1a5-e9a7367c6cab', DEFAULT, 'd82cb8b6-fe7c-5c3b-a31b-fb4a2ca0c19e', '5f2c632c-1003-5d3e-94f5-6085899aa359', '5fef9e7c-116a-5504-a6ae-d16f4442d448', 4, 'Utrolig dyktig! Resultatet overgikk mine forventninger.'), ('03623ec7-1504-5fca-ac18-e0680ce7c2f6', DEFAULT, '32be9a54-ed8a-5d8a-a3e8-179009027ba6', '815c84a1-9088-5e6f-b1ab-0853285c0e5d', '5fef9e7c-116a-5504-a6ae-d16f4442d448', 5, 'Perfekt! Nøyaktig som jeg ønsket meg.'), ('676b675c-07f8-5e1e-9fbd-2c52c55ed74e', DEFAULT, 'e671edcd-2f49-576b-885e-a1232c2acb1d', '815c84a1-9088-5e6f-b1ab-0853285c0e5d', '5fef9e7c-116a-5504-a6ae-d16f4442d448', 4, 'Flott jobb! Føler meg som en helt ny person.'), ('deb6811a-7a1c-5c59-b122-12bc5375d5ce', DEFAULT, '628246ee-c060-50d4-8d31-61ef547f175b', '5f2c632c-1003-5d3e-94f5-6085899aa359', '5fef9e7c-116a-5504-a6ae-d16f4442d448', 5, 'Så fornøyd med resultatet. Kommer definitivt tilbake!'), ('df59fe7a-5a83-5413-af11-f6b154156013', DEFAULT, '61b8394e-e691-594e-a97f-43dea6f5ac9b', '5f2c632c-1003-5d3e-94f5-6085899aa359', '5fef9e7c-116a-5504-a6ae-d16f4442d448', 4, 'Så fornøyd med resultatet. Kommer definitivt tilbake!'), ('548cf7ad-97ec-5c65-b357-039489bc3e07', DEFAULT, 'aea34256-92ac-592b-9228-2eb1ac6ab439', '71c8f57c-aae5-5ac8-8fc0-a1ff399b17b8', '5fef9e7c-116a-5504-a6ae-d16f4442d448', 5, 'Wonderful experience! Very skilled and caring.'), ('f06fdafc-b7df-596a-8c6d-924ee9d0c059', DEFAULT, 'dad8ca31-283f-530b-9637-3f31fd2bfdf5', '71c8f57c-aae5-5ac8-8fc0-a1ff399b17b8', '5fef9e7c-116a-5504-a6ae-d16f4442d448', 5, 'Wonderful experience! Very skilled and caring.'), ('a3740105-cabf-50fc-b40e-25476345003a', DEFAULT, '0aa14575-8b1a-581d-b9ff-bc7cc3f73d5e', '5f2c632c-1003-5d3e-94f5-6085899aa359', '5fef9e7c-116a-5504-a6ae-d16f4442d448', 3, 'Perfect service from start to finish!'), ('92b019c4-e5c9-5200-875f-1a904f390daf', DEFAULT, '3ab59b88-c838-50b3-b970-49b3a79c1bae', '5f2c632c-1003-5d3e-94f5-6085899aa359', '5fef9e7c-116a-5504-a6ae-d16f4442d448', 5, 'Wonderful experience! Very skilled and caring.'), ('b145fac3-cf44-5666-b6f2-1491985107dd', DEFAULT, '5afc0b02-9153-5e01-957b-193699f5b01a', '5ac46069-d153-5b50-a0be-8a017d379243', '5fef9e7c-116a-5504-a6ae-d16f4442d448', 5, 'Utrolig dyktig! Resultatet overgikk mine forventninger.'), ('40d332c8-df66-5793-910d-fff66c37fb7f', DEFAULT, '8c07d701-f0d1-53e2-b376-666f992fb57d', '815c84a1-9088-5e6f-b1ab-0853285c0e5d', '5fef9e7c-116a-5504-a6ae-d16f4442d448', 5, 'Wonderful experience! Very skilled and caring.'), ('d1db9b6d-7516-50c2-9bd7-0c12de682ec7', DEFAULT, '2291dc45-a621-54c9-8805-290086ee6476', '815c84a1-9088-5e6f-b1ab-0853285c0e5d', '5f2c632c-1003-5d3e-94f5-6085899aa359', 5, 'Wonderful experience! Very skilled and caring.'), ('c947d633-cd83-555e-8ad0-c88779067fd5', DEFAULT, '77275129-3fbe-5360-a268-318d24a33428', '5fef9e7c-116a-5504-a6ae-d16f4442d448', '5f2c632c-1003-5d3e-94f5-6085899aa359', 5, 'Utrolig dyktig! Resultatet overgikk mine forventninger.'), ('5a105766-6e61-56e7-8de1-4184911932dd', DEFAULT, '1e3eb039-3d33-5347-bfa1-6c37add72a03', '5ac46069-d153-5b50-a0be-8a017d379243', '5f2c632c-1003-5d3e-94f5-6085899aa359', 5, 'Amazing results! Will definitely recommend to friends.'), ('a7f2256b-f2e7-58cf-aef5-d799c09843b6', DEFAULT, '7cb508f8-f368-5775-817a-60a0a42a1c50', '815c84a1-9088-5e6f-b1ab-0853285c0e5d', '5ac46069-d153-5b50-a0be-8a017d379243', 4, 'Perfekt! Nøyaktig som jeg ønsket meg.'), ('7976d2e5-ba3c-511d-b1fd-6f3aeb8a640f', DEFAULT, 'a2e15df7-8aff-565d-a508-124d188aceb2', '71c8f57c-aae5-5ac8-8fc0-a1ff399b17b8', '5ac46069-d153-5b50-a0be-8a017d379243', 3, 'Amazing results! Will definitely recommend to friends.'), ('b7ef278e-5c3b-5ab3-9e15-02e9d1935e25', DEFAULT, '49a2eba3-d676-54fa-ab8d-59b3c5219d5f', '5f2c632c-1003-5d3e-94f5-6085899aa359', '5ac46069-d153-5b50-a0be-8a017d379243', 3, 'Brilliant work! Could not ask for better service.'), ('c050df23-d065-5019-9675-6bdc81efc807', DEFAULT, '629da396-5642-5df3-a54b-a6ab06f64d24', '5fef9e7c-116a-5504-a6ae-d16f4442d448', '5f2c632c-1003-5d3e-94f5-6085899aa359', 5, 'Så bra service og kvalitet. Veldig imponert!'), ('05ecb9bc-2ba0-5693-b6ea-0c788af5ffcc', DEFAULT, 'cfbf456c-fffa-5d83-9d7b-02b663365d0d', '5ac46069-d153-5b50-a0be-8a017d379243', '5f2c632c-1003-5d3e-94f5-6085899aa359', 5, 'Perfekt! Nøyaktig som jeg ønsket meg.'), ('48cdd4ed-e2a3-5fd7-982f-eaa5c24ab9f2', DEFAULT, '5d480a3d-bafa-5f11-aa7a-c44516797b05', '71c8f57c-aae5-5ac8-8fc0-a1ff399b17b8', '5f2c632c-1003-5d3e-94f5-6085899aa359', 5, 'Fantastisk opplevelse! Akkurat det jeg trengte.'), ('905944a4-ea41-5cb9-b93f-69915332d964', DEFAULT, 'ae1e162f-83ec-5de2-83c5-26cd0c727790', '71c8f57c-aae5-5ac8-8fc0-a1ff399b17b8', '5ac46069-d153-5b50-a0be-8a017d379243', 5, 'Excellent work! Professional and friendly.'), ('cb31c545-1945-592f-82e6-932d0b97c334', DEFAULT, '167bb8c1-0239-5bc2-ab68-47a099019ef9', '5f2c632c-1003-5d3e-94f5-6085899aa359', '5ac46069-d153-5b50-a0be-8a017d379243', 5, 'Flott jobb! Føler meg som en helt ny person.'), ('1a5601e9-5f8e-5510-891e-feae6e5cb1bc', DEFAULT, '38ac3bca-a359-55b2-a590-2c3e8974e76b', '71c8f57c-aae5-5ac8-8fc0-a1ff399b17b8', '5fef9e7c-116a-5504-a6ae-d16f4442d448', 4, 'Perfect service from start to finish!'), ('4a9e5ddc-d08a-52b9-8731-9e99d5b07de8', DEFAULT, '4886593c-3dcc-5e25-851d-68921cb7fdc4', '5ac46069-d153-5b50-a0be-8a017d379243', '5fef9e7c-116a-5504-a6ae-d16f4442d448', 3, 'So happy with the outcome. Great attention to detail!'), ('81137e89-a637-51fb-bab1-d16064ff60d0', DEFAULT, 'd7cdbfde-1ec1-58fd-8925-c5e65184bee3', '815c84a1-9088-5e6f-b1ab-0853285c0e5d', '5fef9e7c-116a-5504-a6ae-d16f4442d448', 5, 'Wonderful experience! Very skilled and caring.'), ('10517502-1e3a-553c-b92a-31a903cd15ce', DEFAULT, '671c52b5-fac6-5050-9fb6-7e0f85b67fe9', '5fef9e7c-116a-5504-a6ae-d16f4442d448', '5f2c632c-1003-5d3e-94f5-6085899aa359', 4, 'Perfekt! Nøyaktig som jeg ønsket meg.'), ('5eb3d472-d952-5348-b851-96e6f5f092ec', DEFAULT, '5e0c9dda-4472-5d85-ab0b-f4b21b1629ce', '5fef9e7c-116a-5504-a6ae-d16f4442d448', '5f2c632c-1003-5d3e-94f5-6085899aa359', 5, 'Perfect service from start to finish!'), ('6f814813-b658-5f7c-b67c-fc80111fd59c', DEFAULT, '268eeb82-5479-5ab4-86e5-db5fc182d265', '71c8f57c-aae5-5ac8-8fc0-a1ff399b17b8', '5f2c632c-1003-5d3e-94f5-6085899aa359', 4, 'Wonderful experience! Very skilled and caring.'), ('29af1645-5cf2-5e16-98a2-c472ef81226e', DEFAULT, '8ea25957-2a1b-54e9-8a40-494f66ba2093', '71c8f57c-aae5-5ac8-8fc0-a1ff399b17b8', '5fef9e7c-116a-5504-a6ae-d16f4442d448', 4, 'Brilliant work! Could not ask for better service.'), ('26904f0c-f100-5a79-acb4-7468b310413b', DEFAULT, 'be0fe5d2-22eb-5d85-9963-b0cb3d98b3a2', '5ac46069-d153-5b50-a0be-8a017d379243', '5fef9e7c-116a-5504-a6ae-d16f4442d448', 4, 'Utrolig dyktig! Resultatet overgikk mine forventninger.'), ('d896710f-591c-5a72-9417-1379547804f3', DEFAULT, '9036874d-3e4a-5f3f-8567-eb23942b502a', '5f2c632c-1003-5d3e-94f5-6085899aa359', '5fef9e7c-116a-5504-a6ae-d16f4442d448', 4, 'Perfekt! Nøyaktig som jeg ønsket meg.'), ('b1481583-97d0-5815-8add-cf7ee6957d1c', DEFAULT, '985b7ce9-d3ec-5495-98d7-2d95d527e9a2', '815c84a1-9088-5e6f-b1ab-0853285c0e5d', '5fef9e7c-116a-5504-a6ae-d16f4442d448', 5, 'Profesjonell og hyggelig service. Anbefales på det sterkeste!'), ('ab2527ff-6650-52d9-8ac3-991ee2f65139', DEFAULT, '1f95150b-8c10-5071-a75b-95843ec1fec0', '5ac46069-d153-5b50-a0be-8a017d379243', '5fef9e7c-116a-5504-a6ae-d16f4442d448', 4, 'Brilliant work! Could not ask for better service.'), ('b5060598-dd79-5554-b672-721aaaed9155', DEFAULT, '4310a90b-b230-575f-8ae3-f5f0ee53ef61', '815c84a1-9088-5e6f-b1ab-0853285c0e5d', '5fef9e7c-116a-5504-a6ae-d16f4442d448', 4, 'Utrolig dyktig! Resultatet overgikk mine forventninger.'), ('88bbef06-edd9-5b9a-a19b-d928032f1808', DEFAULT, '95e1a472-70f5-566e-9a37-565b89047231', '5f2c632c-1003-5d3e-94f5-6085899aa359', '5ac46069-d153-5b50-a0be-8a017d379243', 4, 'Brilliant work! Could not ask for better service.'), ('1ef2041f-7e5b-53b6-9eff-0bcf649c39d3', DEFAULT, '8ffd0322-9772-54d9-9e42-a2de4fb73e47', '5fef9e7c-116a-5504-a6ae-d16f4442d448', '5ac46069-d153-5b50-a0be-8a017d379243', 4, 'Så fornøyd med resultatet. Kommer definitivt tilbake!'), ('9a60a9ae-1e53-5116-9f04-16f29c9161a3', DEFAULT, '7f54acc6-2b4b-599e-8726-dc583d90ae46', '71c8f57c-aae5-5ac8-8fc0-a1ff399b17b8', '5ac46069-d153-5b50-a0be-8a017d379243', 5, 'Excellent work! Professional and friendly.'), ('fd5f9648-41a3-55fb-b132-30045e900f01', DEFAULT, '33ffa9c3-ca36-5b78-b12d-214fe1a8dad7', '71c8f57c-aae5-5ac8-8fc0-a1ff399b17b8', '5ac46069-d153-5b50-a0be-8a017d379243', 4, 'Fantastisk opplevelse! Akkurat det jeg trengte.'), ('6ba93e3a-d3fd-5bdf-aaa8-4d14aa9a7b36', DEFAULT, '1bfc2178-cff2-5745-ad80-b4fe1ce50c45', '5fef9e7c-116a-5504-a6ae-d16f4442d448', '5ac46069-d153-5b50-a0be-8a017d379243', 5, 'Excellent work! Professional and friendly.'), ('030f3671-1f23-535b-a7b8-e1c2dda4503f', DEFAULT, '7f5c2f52-a4a6-57bf-81b1-39489da80ff7', '5fef9e7c-116a-5504-a6ae-d16f4442d448', '5ac46069-d153-5b50-a0be-8a017d379243', 5, 'Så fornøyd med resultatet. Kommer definitivt tilbake!'), ('6458c3ab-e7d3-5ab5-bcce-3b02c16af4ac', DEFAULT, '6b65a798-70f0-57e7-aaaa-82272d343b62', '5fef9e7c-116a-5504-a6ae-d16f4442d448', '5ac46069-d153-5b50-a0be-8a017d379243', 3, 'Profesjonell og hyggelig service. Anbefales på det sterkeste!'), ('ddce98a3-175b-5f99-8e84-28ecc11913be', DEFAULT, 'a37a9a99-a3cf-5044-97af-487eac94f3e3', '5fef9e7c-116a-5504-a6ae-d16f4442d448', '5ac46069-d153-5b50-a0be-8a017d379243', 4, 'Så bra service og kvalitet. Veldig imponert!'), ('8e61873c-ba6f-5feb-9358-db77f54d33e0', DEFAULT, '045d156f-4834-56dd-8547-62080662d37e', '5f2c632c-1003-5d3e-94f5-6085899aa359', '5ac46069-d153-5b50-a0be-8a017d379243', 4, 'Flott jobb! Føler meg som en helt ny person.'), ('46fe6042-f726-5bd1-ac88-3f95c6dc2e66', DEFAULT, 'fb55fc65-6578-5578-991f-494da8d34db0', '5fef9e7c-116a-5504-a6ae-d16f4442d448', '5f2c632c-1003-5d3e-94f5-6085899aa359', 4, 'Fantastisk opplevelse! Akkurat det jeg trengte.'), ('c9115354-438f-539e-a233-c06044ed38c7', DEFAULT, 'ca7cbbfb-56e5-5e88-9e5a-3dd56ea6e170', '5ac46069-d153-5b50-a0be-8a017d379243', '5f2c632c-1003-5d3e-94f5-6085899aa359', 5, 'Fantastisk opplevelse! Akkurat det jeg trengte.'), ('810161cc-5525-5418-8609-33e121588129', DEFAULT, '8d5d5e2c-a9f4-5251-8dbd-ec81770fc3a2', '71c8f57c-aae5-5ac8-8fc0-a1ff399b17b8', '5f2c632c-1003-5d3e-94f5-6085899aa359', 5, 'Amazing results! Will definitely recommend to friends.'), ('a1be6fe6-5261-5139-8b96-3e3afbc95078', DEFAULT, 'f07d0a38-b3b8-5f88-b80b-972fd5ee4763', '5fef9e7c-116a-5504-a6ae-d16f4442d448', '5f2c632c-1003-5d3e-94f5-6085899aa359', 4, 'Perfekt! Nøyaktig som jeg ønsket meg.'), ('409b24d5-9344-5488-94ba-a5a0fe33c150', DEFAULT, '670c5a82-2575-5bbb-bae0-7a4cb31765f7', '71c8f57c-aae5-5ac8-8fc0-a1ff399b17b8', '5f2c632c-1003-5d3e-94f5-6085899aa359', 5, 'Amazing results! Will definitely recommend to friends.'), ('503a323e-9e78-59c4-a89d-9a6ffcd8abe5', DEFAULT, '196de7b8-6b30-5b8e-b6ae-610220a6a7e5', '815c84a1-9088-5e6f-b1ab-0853285c0e5d', '5f2c632c-1003-5d3e-94f5-6085899aa359', 5, 'Excellent work! Professional and friendly.'), ('8841c316-8d6d-5aa8-8cf9-9da279d8aff4', DEFAULT, '7a127187-e6ea-5b7c-9a39-9a5693629451', '71c8f57c-aae5-5ac8-8fc0-a1ff399b17b8', '5fef9e7c-116a-5504-a6ae-d16f4442d448', 3, 'Brilliant work! Could not ask for better service.'), ('7e142ce4-41b3-52f9-95ae-f2f09bab7139', DEFAULT, '451deed9-9699-5bf0-9606-d1dcd7e2f17a', '5ac46069-d153-5b50-a0be-8a017d379243', '5fef9e7c-116a-5504-a6ae-d16f4442d448', 4, 'Fantastisk opplevelse! Akkurat det jeg trengte.'), ('989057e6-6d2c-5c84-aaf9-c28ca90bd46c', DEFAULT, '6e9eebf9-3d1e-5731-98cd-529e47ff94c5', '71c8f57c-aae5-5ac8-8fc0-a1ff399b17b8', '5fef9e7c-116a-5504-a6ae-d16f4442d448', 5, 'Excellent work! Professional and friendly.'), ('63a6d259-cded-5e0b-bba6-5c77dfff2106', DEFAULT, 'a1ee6d81-d228-5731-b0e8-bd4cef8842c9', '71c8f57c-aae5-5ac8-8fc0-a1ff399b17b8', '5ac46069-d153-5b50-a0be-8a017d379243', 5, 'Så fornøyd med resultatet. Kommer definitivt tilbake!'), ('d2ed8413-08c2-57e9-8559-f0d389f26918', DEFAULT, 'a223d4b5-a17c-548e-9783-0092cad1dc97', '5fef9e7c-116a-5504-a6ae-d16f4442d448', '5ac46069-d153-5b50-a0be-8a017d379243', 4, 'Outstanding quality! Exceeded all my expectations.'), ('99ea1c67-b5c3-51b5-95bc-1c553d3a8ec1', DEFAULT, 'bf37f77e-2b17-593b-a9a6-ec1408419e82', '5f2c632c-1003-5d3e-94f5-6085899aa359', '5ac46069-d153-5b50-a0be-8a017d379243', 5, 'Profesjonell og hyggelig service. Anbefales på det sterkeste!'), ('910516df-5b32-52ec-9f90-60d86993910f', DEFAULT, '950f9bbb-3a39-59a4-be29-d448394b7de9', '71c8f57c-aae5-5ac8-8fc0-a1ff399b17b8', '5f2c632c-1003-5d3e-94f5-6085899aa359', 5, 'Perfekt! Nøyaktig som jeg ønsket meg.'), ('1a0738e6-e77d-5d89-ba8d-9c708ab21314', DEFAULT, '7e73f1d8-2b42-5ede-92b2-0896745b2624', '71c8f57c-aae5-5ac8-8fc0-a1ff399b17b8', '5f2c632c-1003-5d3e-94f5-6085899aa359', 4, 'Flott jobb! Føler meg som en helt ny person.'), ('26aa4f05-bf43-5d3a-9aeb-8513464aad6c', DEFAULT, 'c86c6e48-26c2-5f7e-a9b4-88b19b9d435e', '5ac46069-d153-5b50-a0be-8a017d379243', '5f2c632c-1003-5d3e-94f5-6085899aa359', 3, 'Fantastisk opplevelse! Akkurat det jeg trengte.'), ('3576665d-474c-589f-9c3c-79874a5102d9', DEFAULT, 'e2dc76d6-927e-51a2-8824-fb4da1fbd487', '5ac46069-d153-5b50-a0be-8a017d379243', '5fef9e7c-116a-5504-a6ae-d16f4442d448', 4, 'Outstanding quality! Exceeded all my expectations.'), ('938a1d51-1864-556c-a90a-7bee3c36fa02', DEFAULT, '9474705e-4bfc-57a1-ad65-bc8899cf85ff', '815c84a1-9088-5e6f-b1ab-0853285c0e5d', '5fef9e7c-116a-5504-a6ae-d16f4442d448', 5, 'So happy with the outcome. Great attention to detail!'), ('18b43365-0889-5fe6-ae9f-a0c1c84f358f', DEFAULT, '5ece1b6a-f76e-5eb1-a8ed-09df82e326e0', '71c8f57c-aae5-5ac8-8fc0-a1ff399b17b8', '5fef9e7c-116a-5504-a6ae-d16f4442d448', 4, 'So happy with the outcome. Great attention to detail!'), ('44d5d11f-6287-5f06-919d-2b6e9d5ef1a3', DEFAULT, 'caa73d88-0ea3-5247-a72f-4ef0d8d8ff5e', '5fef9e7c-116a-5504-a6ae-d16f4442d448', '5f2c632c-1003-5d3e-94f5-6085899aa359', 5, 'Så bra service og kvalitet. Veldig imponert!'), ('94312f2d-9b3f-5c78-9d51-2c67ee7fa425', DEFAULT, '19a67428-af6a-594c-8021-e8a64a91be8c', '5fef9e7c-116a-5504-a6ae-d16f4442d448', '5f2c632c-1003-5d3e-94f5-6085899aa359', 4, 'Så fornøyd med resultatet. Kommer definitivt tilbake!'), ('ad911956-82c6-5aac-baf2-aefcb82cec86', DEFAULT, '1fd13681-8263-574e-829e-48dafcabb6b1', '5fef9e7c-116a-5504-a6ae-d16f4442d448', '5f2c632c-1003-5d3e-94f5-6085899aa359', 3, 'Kunne ikke vært mer fornøyd. Takk for en super opplevelse!'), ('65643624-6be2-5761-b0d4-15751351e088', DEFAULT, '95da78f9-e37f-5f31-a3d0-8a16b81ce8f4', '71c8f57c-aae5-5ac8-8fc0-a1ff399b17b8', '5f2c632c-1003-5d3e-94f5-6085899aa359', 5, 'Profesjonell og hyggelig service. Anbefales på det sterkeste!'), ('8261d4e1-7017-59e0-8ac8-ea0e783919f7', DEFAULT, 'e5aacc17-1571-5a32-8ecf-d6f046406d4d', '5ac46069-d153-5b50-a0be-8a017d379243', '5f2c632c-1003-5d3e-94f5-6085899aa359', 4, 'Kunne ikke vært mer fornøyd. Takk for en super opplevelse!'), ('e460a13e-a423-5421-a995-481fa7bac611', DEFAULT, 'bee9f671-683f-5cf3-993b-369afded8b2c', '5ac46069-d153-5b50-a0be-8a017d379243', '5f2c632c-1003-5d3e-94f5-6085899aa359', 5, 'Amazing results! Will definitely recommend to friends.');
-- Created 152 additional reviews to ensure service coverage
-- Total reviews created: 181
INSERT INTO public.media (id,created_at,file_path,media_type,chat_message_id,service_id,owner_id,application_id,review_id,is_preview_image,booking_note_id) VALUES ('de44e036-cbf0-529c-87ed-bd3345ca0b82', DEFAULT, 'https://images.unsplash.com/photo-1583001931096-959e9a1a6223?w=400', 'review_image', NULL, NULL, NULL, NULL, NULL, 'f', NULL), ('22286c3a-ccb2-599c-b1e3-c56133ea7db0', DEFAULT, 'https://images.unsplash.com/photo-1583001931096-959e9a1a6223?w=400', 'review_image', NULL, NULL, NULL, NULL, NULL, 'f', NULL), ('e37e2e30-cafd-5cba-b5dc-72f782abc284', DEFAULT, 'https://images.unsplash.com/photo-1560869713-c9e73ac4e93f?w=400', 'review_image', NULL, NULL, NULL, NULL, NULL, 'f', NULL), ('5203e243-39d8-547a-a11f-dee9f3dab258', DEFAULT, 'https://images.unsplash.com/photo-1583001931096-959e9a1a6223?w=400', 'review_image', NULL, NULL, NULL, NULL, NULL, 'f', NULL), ('f492612a-9a9c-5b32-983d-b0b009f72ddb', DEFAULT, 'https://images.unsplash.com/photo-1604654894610-df63bc536371?w=400', 'review_image', NULL, NULL, NULL, NULL, NULL, 'f', NULL), ('0016ee75-077f-5c2e-891b-f52828091242', DEFAULT, 'https://images.unsplash.com/photo-1583001931096-959e9a1a6223?w=400', 'review_image', NULL, NULL, NULL, NULL, NULL, 'f', NULL), ('0f0cbf70-6f49-56cc-aab1-0e1785a16d2d', DEFAULT, 'https://images.unsplash.com/photo-1571019613454-1cb2f99b2d8b?w=400', 'review_image', NULL, NULL, NULL, NULL, NULL, 'f', NULL), ('daa13cc6-5bea-549c-a780-7727eadb6f45', DEFAULT, 'https://images.unsplash.com/photo-1604654894610-df63bc536371?w=400', 'review_image', NULL, NULL, NULL, NULL, NULL, 'f', NULL), ('df2ec377-9c9c-5267-9413-60d9ae6cc3a0', DEFAULT, 'https://images.unsplash.com/photo-1571019613454-1cb2f99b2d8b?w=400', 'review_image', NULL, NULL, NULL, NULL, NULL, 'f', NULL), ('dcc0886e-159a-58a9-8a06-150f16c84cde', DEFAULT, 'https://images.unsplash.com/photo-1571019613454-1cb2f99b2d8b?w=400', 'review_image', NULL, NULL, NULL, NULL, NULL, 'f', NULL), ('51a0f3f3-091a-5931-b035-99ccf6162f43', DEFAULT, 'https://images.unsplash.com/photo-1583001931096-959e9a1a6223?w=400', 'review_image', NULL, NULL, NULL, NULL, NULL, 'f', NULL), ('dca66327-c2a5-598f-b7e5-ed64637d27bf', DEFAULT, 'https://images.unsplash.com/photo-1560869713-c9e73ac4e93f?w=400', 'review_image', NULL, NULL, NULL, NULL, NULL, 'f', NULL), ('dec028db-16c4-5158-b304-42ded22dc345', DEFAULT, 'https://images.unsplash.com/photo-1522337360788-8b13dee7a37e?w=400', 'review_image', NULL, NULL, NULL, NULL, NULL, 'f', NULL), ('fba596c5-03c1-53a8-8c0f-94b75a34942b', DEFAULT, 'https://images.unsplash.com/photo-1522337360788-8b13dee7a37e?w=400', 'review_image', NULL, NULL, NULL, NULL, NULL, 'f', NULL), ('d8342494-9fbc-55d5-a79c-cdc12b27e759', DEFAULT, 'https://images.unsplash.com/photo-1522337360788-8b13dee7a37e?w=400', 'review_image', NULL, NULL, NULL, NULL, NULL, 'f', NULL), ('929170db-2fd4-516f-acf9-9f0bf490f5cd', DEFAULT, 'https://images.unsplash.com/photo-1522337360788-8b13dee7a37e?w=400', 'review_image', NULL, NULL, NULL, NULL, NULL, 'f', NULL);
UPDATE public.media SET owner_id = '71c8f57c-aae5-5ac8-8fc0-a1ff399b17b8', review_id = '1b3a4894-b0fd-5bc9-9073-1e189f8f3f51' WHERE id = 'de44e036-cbf0-529c-87ed-bd3345ca0b82';
UPDATE public.media SET owner_id = '71c8f57c-aae5-5ac8-8fc0-a1ff399b17b8', review_id = '1b3a4894-b0fd-5bc9-9073-1e189f8f3f51' WHERE id = '22286c3a-ccb2-599c-b1e3-c56133ea7db0';
UPDATE public.media SET owner_id = '71c8f57c-aae5-5ac8-8fc0-a1ff399b17b8', review_id = '7379d022-aa2a-510e-bb61-a9168729a731' WHERE id = 'e37e2e30-cafd-5cba-b5dc-72f782abc284';
UPDATE public.media SET owner_id = '815c84a1-9088-5e6f-b1ab-0853285c0e5d', review_id = '9cbd790e-046f-590c-9877-a73a8a6b5151' WHERE id = '5203e243-39d8-547a-a11f-dee9f3dab258';
UPDATE public.media SET owner_id = '815c84a1-9088-5e6f-b1ab-0853285c0e5d', review_id = '9cbd790e-046f-590c-9877-a73a8a6b5151' WHERE id = 'f492612a-9a9c-5b32-983d-b0b009f72ddb';
UPDATE public.media SET owner_id = '5f2c632c-1003-5d3e-94f5-6085899aa359', review_id = '6040c8e6-57a8-5e41-9e35-fc9c049f077b' WHERE id = '0016ee75-077f-5c2e-891b-f52828091242';
UPDATE public.media SET owner_id = '5f2c632c-1003-5d3e-94f5-6085899aa359', review_id = '6040c8e6-57a8-5e41-9e35-fc9c049f077b' WHERE id = '0f0cbf70-6f49-56cc-aab1-0e1785a16d2d';
UPDATE public.media SET owner_id = '71c8f57c-aae5-5ac8-8fc0-a1ff399b17b8', review_id = '2582524a-86a9-5c45-81d3-2d2a55068447' WHERE id = 'daa13cc6-5bea-549c-a780-7727eadb6f45';
UPDATE public.media SET owner_id = '71c8f57c-aae5-5ac8-8fc0-a1ff399b17b8', review_id = '2582524a-86a9-5c45-81d3-2d2a55068447' WHERE id = 'df2ec377-9c9c-5267-9413-60d9ae6cc3a0';
UPDATE public.media SET owner_id = '71c8f57c-aae5-5ac8-8fc0-a1ff399b17b8', review_id = '2582524a-86a9-5c45-81d3-2d2a55068447' WHERE id = 'dcc0886e-159a-58a9-8a06-150f16c84cde';
UPDATE public.media SET owner_id = '71c8f57c-aae5-5ac8-8fc0-a1ff399b17b8', review_id = 'd7cc3175-3f9d-5d8c-ac74-24906df7fa0c' WHERE id = '51a0f3f3-091a-5931-b035-99ccf6162f43';
UPDATE public.media SET owner_id = '71c8f57c-aae5-5ac8-8fc0-a1ff399b17b8', review_id = 'd7cc3175-3f9d-5d8c-ac74-24906df7fa0c' WHERE id = 'dca66327-c2a5-598f-b7e5-ed64637d27bf';
UPDATE public.media SET owner_id = '815c84a1-9088-5e6f-b1ab-0853285c0e5d', review_id = 'e9ee2238-b8dd-5de4-9b9a-f0af56ee131f' WHERE id = 'dec028db-16c4-5158-b304-42ded22dc345';
UPDATE public.media SET owner_id = '815c84a1-9088-5e6f-b1ab-0853285c0e5d', review_id = '840576bb-3d34-5f40-8e15-255fab9c38b9' WHERE id = 'fba596c5-03c1-53a8-8c0f-94b75a34942b';
UPDATE public.media SET owner_id = '5f2c632c-1003-5d3e-94f5-6085899aa359', review_id = '2745d202-e023-5fde-b7e9-50f0295fde9b' WHERE id = 'd8342494-9fbc-55d5-a79c-cdc12b27e759';
UPDATE public.media SET owner_id = '815c84a1-9088-5e6f-b1ab-0853285c0e5d', review_id = '7fec7245-8eaf-5266-a401-655e4007953c' WHERE id = '929170db-2fd4-516f-acf9-9f0bf490f5cd';
-- Added 16 review images
-- Successfully seeded database with reviews and ratings!
-- Test accounts:
--   Customer 1: kari.nordmann@example.com (6 bookings)
--   Customer 2: ole.hansen@example.com (2 bookings)
--   All stylists have reviews both received and written
--   Total reviews: 181
--   Every published service has at least 3 reviews
-- 
-- Cron Job Testing:
--   Added 3 chat messages older than 5 years for cleanup testing
--   Test endpoint: GET /api/cron/cleanup-old-messages
--   Remember to set CRON_SECRET environment variable
