INSERT INTO public.service_categories (id,name,parent_category_id,description) VALUES ('774d6a93-1a7a-59f0-b70f-9b0cccb98376', 'Hår', NULL, 'Hårtjenester inkludert klipp, farge og styling'), ('40613055-bb54-561d-9553-1fee5ba0e651', 'Negler', NULL, 'Manikyr, pedikyr og negledesign'), ('a1b8b547-cac9-5eef-87c4-eb2759d940ae', 'Makeup', NULL, 'Profesjonell makeup for alle anledninger'), ('079569b3-a55d-55e1-975d-b26972bc6ec6', 'Bryn & Vipper', NULL, 'Forming av bryn og vippeextensions'), ('48d376e0-21ce-5ed7-b7bc-26086c834c23', 'Bryllup', NULL, 'Spesialtjenester for bryllup');
INSERT INTO public.service_categories (id,name,parent_category_id,description) VALUES ('8b9acf0f-1e59-575c-8539-e1b41ada88c8', 'Herreklipp', NULL, 'Klipp og styling for menn'), ('0ec9257e-284f-5a2d-b768-ee9c1e056c43', 'Dameklipp', NULL, 'Klipp og styling for damer'), ('8a0318a1-1626-585e-839f-0e881f24edd2', 'Farge & Striper', NULL, 'Hårfarge, striper og balayage'), ('0af81dd5-c20a-54cb-9ab7-0de1259a4a46', 'Gellack', NULL, 'Holdbar gellakk manikyr'), ('fc3ffaa5-5262-5b4f-a287-30c465b44480', 'Negleextensions', NULL, 'Forlengelse av negler'), ('6c6f1199-278a-5664-988f-1292e2cae64b', 'Dagsmakeup', NULL, 'Naturlig makeup for hverdagen'), ('5ddde919-1114-53e9-a4c0-dc2145920408', 'Festmakeup', NULL, 'Glamorøs makeup for spesielle anledninger'), ('17f95600-eff1-5970-a211-d8e83a29ea50', 'Vippeextensions', NULL, 'Profesjonelle vippeextensions'), ('b3f2d1e0-2855-5597-a47f-1b112e22270b', 'Brynslaminering', NULL, 'Laminering og forming av bryn'), ('9c628742-bfcd-5d58-a89d-628582c258c7', 'Brudemakeup', NULL, 'Spesialmakeup for bruden'), ('4359c682-2693-5b27-afb1-0113f84759e2', 'Brudefrisyre', NULL, 'Frisyre for bruden');
UPDATE public.service_categories SET parent_category_id = '774d6a93-1a7a-59f0-b70f-9b0cccb98376' WHERE id = '8b9acf0f-1e59-575c-8539-e1b41ada88c8';
UPDATE public.service_categories SET parent_category_id = '774d6a93-1a7a-59f0-b70f-9b0cccb98376' WHERE id = '0ec9257e-284f-5a2d-b768-ee9c1e056c43';
UPDATE public.service_categories SET parent_category_id = '774d6a93-1a7a-59f0-b70f-9b0cccb98376' WHERE id = '8a0318a1-1626-585e-839f-0e881f24edd2';
UPDATE public.service_categories SET parent_category_id = '40613055-bb54-561d-9553-1fee5ba0e651' WHERE id = '0af81dd5-c20a-54cb-9ab7-0de1259a4a46';
UPDATE public.service_categories SET parent_category_id = '40613055-bb54-561d-9553-1fee5ba0e651' WHERE id = 'fc3ffaa5-5262-5b4f-a287-30c465b44480';
UPDATE public.service_categories SET parent_category_id = 'a1b8b547-cac9-5eef-87c4-eb2759d940ae' WHERE id = '6c6f1199-278a-5664-988f-1292e2cae64b';
UPDATE public.service_categories SET parent_category_id = 'a1b8b547-cac9-5eef-87c4-eb2759d940ae' WHERE id = '5ddde919-1114-53e9-a4c0-dc2145920408';
UPDATE public.service_categories SET parent_category_id = '079569b3-a55d-55e1-975d-b26972bc6ec6' WHERE id = '17f95600-eff1-5970-a211-d8e83a29ea50';
UPDATE public.service_categories SET parent_category_id = '079569b3-a55d-55e1-975d-b26972bc6ec6' WHERE id = 'b3f2d1e0-2855-5597-a47f-1b112e22270b';
UPDATE public.service_categories SET parent_category_id = '48d376e0-21ce-5ed7-b7bc-26086c834c23' WHERE id = '9c628742-bfcd-5d58-a89d-628582c258c7';
UPDATE public.service_categories SET parent_category_id = '48d376e0-21ce-5ed7-b7bc-26086c834c23' WHERE id = '4359c682-2693-5b27-afb1-0113f84759e2';
INSERT INTO auth.users (instance_id,id,aud,role,email,encrypted_password,email_confirmed_at,invited_at,confirmation_token,confirmation_sent_at,recovery_token,recovery_sent_at,email_change_token_new,email_change,email_change_sent_at,last_sign_in_at,raw_app_meta_data,raw_user_meta_data,is_super_admin,created_at,updated_at,phone,phone_confirmed_at,phone_change,phone_change_token,phone_change_sent_at,email_change_token_current,email_change_confirm_status,banned_until,reauthentication_token,reauthentication_sent_at,is_sso_user,deleted_at,is_anonymous) VALUES ('00000000-0000-0000-0000-000000000000', '0f5d546a-dd80-5406-a005-a4f3061b9fb4', 'authenticated', 'authenticated', 'admin@nabostylisten.no', '$2a$10$JEpaf.puIXxfqjkPaNCLle3a0yB4x2XbnTUH7L5SoK7J45bpeykla', '2025-07-24T11:13:04.522Z', NULL, 'g9recuenl2g1br5gvxlshc', NULL, '139u3rh5my28zviamfgaamc', '2025-07-24T11:08:04.522Z', 'mtuakveplok0y7zymfcvo', 'uo8ihi059ce96nrx2500t', NULL, '2025-08-22T11:08:04.522Z', '{"provider":"email","providers":["email"]}', '{"sub":"","email":"admin@nabostylisten.no","full_name":"Admin User","role":"admin","phone_number":"+4712345678","email_verified":true,"phone_verified":false}', NULL, '2025-07-24T11:08:04.522Z', '2025-08-22T11:08:04.522Z', NULL, NULL, '82171ynecsluf3vuqcppu', '0sq0rho1tzpov0wywddw08', NULL, 'soam17dd1yscl425kplxdm', 0, NULL, '4ik75qsl09e4gmcnwfflmk', NULL, 'f', NULL, 'f'), ('00000000-0000-0000-0000-000000000000', '5fef9e7c-116a-5504-a6ae-d16f4442d448', 'authenticated', 'authenticated', 'maria.hansen@example.com', '$2a$10$JEpaf.puIXxfqjkPaNCLle3a0yB4x2XbnTUH7L5SoK7J45bpeykla', '2025-07-24T11:13:04.522Z', NULL, 'b2cbyg6zdfpa7yo8qtb9g', NULL, 'ff0uen14nmiajrxugrqh', '2025-07-24T11:08:04.522Z', 'cywjdrl49sdw1gn8n33bs', 'scsfeqvnqqplmq3hgjzhk', NULL, '2025-08-22T11:08:04.522Z', '{"provider":"email","providers":["email"]}', '{"sub":"","email":"maria.hansen@example.com","full_name":"Maria Hansen","role":"stylist","phone_number":"+4790123456","email_verified":true,"phone_verified":false}', NULL, '2025-07-24T11:08:04.522Z', '2025-08-22T11:08:04.522Z', NULL, NULL, 'hje0isltyffk1bn166jmw', '6pagvhgy37c56ci3cowxas', NULL, 'ljklsggkdqg2obtuikv9b', 0, NULL, 'e01paux0wub0m1ifnkzjx8c', NULL, 'f', NULL, 'f'), ('00000000-0000-0000-0000-000000000000', '5ac46069-d153-5b50-a0be-8a017d379243', 'authenticated', 'authenticated', 'emma.nilsen@example.com', '$2a$10$JEpaf.puIXxfqjkPaNCLle3a0yB4x2XbnTUH7L5SoK7J45bpeykla', '2025-07-24T11:13:04.522Z', NULL, 's45pfc0rtwi8la430exhm5', NULL, 'dgoisujpzyj8vysks49kin', '2025-07-24T11:08:04.522Z', 'jkwzzb61j3jc6iobr8sy', '0nk1u6x90ilckw668q8nsl', NULL, '2025-08-22T11:08:04.522Z', '{"provider":"email","providers":["email"]}', '{"sub":"","email":"emma.nilsen@example.com","full_name":"Emma Nilsen","role":"stylist","phone_number":"+4791234567","email_verified":true,"phone_verified":false}', NULL, '2025-07-24T11:08:04.522Z', '2025-08-22T11:08:04.522Z', NULL, NULL, 'bvz5e4qecce27yn6dpvuk', 'y78qp1wt11qsiw5pjhruj', NULL, 'x2wqjttv5vafb8ufjgkaq', 0, NULL, 'hdbmg6ddpaum6fjecn2oac', NULL, 'f', NULL, 'f'), ('00000000-0000-0000-0000-000000000000', '5f2c632c-1003-5d3e-94f5-6085899aa359', 'authenticated', 'authenticated', 'sophia.larsen@example.com', '$2a$10$JEpaf.puIXxfqjkPaNCLle3a0yB4x2XbnTUH7L5SoK7J45bpeykla', '2025-07-24T11:13:04.522Z', NULL, '5db2b9jga8ejhp0xc4u8e', NULL, 'izizys0bba9g6alusr7u5', '2025-07-24T11:08:04.522Z', '8xu4specglgdvbril1zk4u', '45cs60jtbziyuledsr54t', NULL, '2025-08-22T11:08:04.522Z', '{"provider":"email","providers":["email"]}', '{"sub":"","email":"sophia.larsen@example.com","full_name":"Sophia Larsen","role":"stylist","phone_number":"+4792345678","email_verified":true,"phone_verified":false}', NULL, '2025-07-24T11:08:04.522Z', '2025-08-22T11:08:04.522Z', NULL, NULL, 'p5d8vd2v99v2gd73hcvoa', '9mvg2ggku1gm4f4r5kg64e', NULL, 'z5fqclzqcvsnm37yafhfnl', 0, NULL, 'hle8h9cdae7pnn8rf5yji', NULL, 'f', NULL, 'f'), ('00000000-0000-0000-0000-000000000000', '71c8f57c-aae5-5ac8-8fc0-a1ff399b17b8', 'authenticated', 'authenticated', 'kari.nordmann@example.com', '$2a$10$JEpaf.puIXxfqjkPaNCLle3a0yB4x2XbnTUH7L5SoK7J45bpeykla', '2025-07-24T11:13:04.522Z', NULL, 'vzyq6vfioomb0f96nswl2', NULL, 'g34uwuxc6u9zdpm2pb39c', '2025-07-24T11:08:04.522Z', 'v3lwjnng135dq3irnt28f', '4eo13uu4mevl6rwb1xxgjo', NULL, '2025-08-22T11:08:04.522Z', '{"provider":"email","providers":["email"]}', '{"sub":"","email":"kari.nordmann@example.com","full_name":"Kari Nordmann","role":"customer","phone_number":"+4793456789","email_verified":true,"phone_verified":false}', NULL, '2025-07-24T11:08:04.522Z', '2025-08-22T11:08:04.522Z', NULL, NULL, '8gc1lh5jwndut0pdgyo8n', '43q04ifb52j3wnkz0wiu1i', NULL, 'zmg06k9sjje7ntevanl9q', 0, NULL, 'wk3ulnytd6hbg2pb2fnwsr', NULL, 'f', NULL, 'f'), ('00000000-0000-0000-0000-000000000000', '815c84a1-9088-5e6f-b1ab-0853285c0e5d', 'authenticated', 'authenticated', 'ole.hansen@example.com', '$2a$10$JEpaf.puIXxfqjkPaNCLle3a0yB4x2XbnTUH7L5SoK7J45bpeykla', '2025-07-24T11:13:04.522Z', NULL, 't6nw2vc5hf9ucf1obfwehj', NULL, '5suwqdq9z360savrlbgsfv', '2025-07-24T11:08:04.522Z', 'rgf0s9dz93g3u8sukmkm7h', 'g8g2u38z0giva83dkvt2p', NULL, '2025-08-22T11:08:04.522Z', '{"provider":"email","providers":["email"]}', '{"sub":"","email":"ole.hansen@example.com","full_name":"Ole Hansen","role":"customer","phone_number":"+4794567890","email_verified":true,"phone_verified":false}', NULL, '2025-07-24T11:08:04.522Z', '2025-08-22T11:08:04.522Z', NULL, NULL, 'fzylo5y5nh6s10fdxx23g', '3e8lclj9jko1npgpcacmup', NULL, 'aee94vp08t8vni8krc6do', 0, NULL, 'nahcv3921gk8c90owkw7', NULL, 'f', NULL, 'f');
INSERT INTO auth.identities (provider_id,user_id,identity_data,provider,last_sign_in_at,created_at,updated_at,id) VALUES ('0f5d546a-dd80-5406-a005-a4f3061b9fb4', '0f5d546a-dd80-5406-a005-a4f3061b9fb4', '{"sub":"0f5d546a-dd80-5406-a005-a4f3061b9fb4","email":"admin@nabostylisten.no"}', 'email', '2025-08-23T11:08:04.523Z', '2020-12-17T00:05:40.000Z', '2020-05-09T04:27:27.000Z', 'b143eba5-dccf-5102-bf0c-df1fed8e4684'), ('5fef9e7c-116a-5504-a6ae-d16f4442d448', '5fef9e7c-116a-5504-a6ae-d16f4442d448', '{"sub":"5fef9e7c-116a-5504-a6ae-d16f4442d448","email":"maria.hansen@example.com"}', 'email', '2025-08-23T11:08:04.523Z', '2020-07-11T18:06:24.000Z', '2020-05-05T04:50:06.000Z', 'faa53e33-d79d-5e55-8492-9d63f5d3d727'), ('5ac46069-d153-5b50-a0be-8a017d379243', '5ac46069-d153-5b50-a0be-8a017d379243', '{"sub":"5ac46069-d153-5b50-a0be-8a017d379243","email":"emma.nilsen@example.com"}', 'email', '2025-08-23T11:08:04.523Z', '2020-02-02T01:32:57.000Z', '2020-11-11T22:48:09.000Z', '74f042cb-e322-509c-9d63-10e4f595b967'), ('5f2c632c-1003-5d3e-94f5-6085899aa359', '5f2c632c-1003-5d3e-94f5-6085899aa359', '{"sub":"5f2c632c-1003-5d3e-94f5-6085899aa359","email":"sophia.larsen@example.com"}', 'email', '2025-08-23T11:08:04.523Z', '2020-10-10T10:09:38.000Z', '2020-09-17T20:27:37.000Z', 'b9b4b9f5-2df1-59fe-9530-3958f5529a0d'), ('71c8f57c-aae5-5ac8-8fc0-a1ff399b17b8', '71c8f57c-aae5-5ac8-8fc0-a1ff399b17b8', '{"sub":"71c8f57c-aae5-5ac8-8fc0-a1ff399b17b8","email":"kari.nordmann@example.com"}', 'email', '2025-08-23T11:08:04.523Z', '2020-10-26T09:34:57.000Z', '2020-03-11T14:50:59.000Z', '97859bee-aa29-5d0d-b116-71d3b0ad5822'), ('815c84a1-9088-5e6f-b1ab-0853285c0e5d', '815c84a1-9088-5e6f-b1ab-0853285c0e5d', '{"sub":"815c84a1-9088-5e6f-b1ab-0853285c0e5d","email":"ole.hansen@example.com"}', 'email', '2025-08-23T11:08:04.523Z', '2020-08-12T07:23:03.000Z', '2020-01-01T00:21:27.000Z', 'f55deac0-fba7-5119-be5d-b74667a58166');
INSERT INTO public.stylist_details (profile_id,created_at,updated_at,bio,can_travel,has_own_place,travel_distance_km,instagram_profile,facebook_profile,tiktok_profile,youtube_profile,snapchat_profile,other_social_media_urls,stripe_account_id) VALUES ('5fef9e7c-116a-5504-a6ae-d16f4442d448', DEFAULT, DEFAULT, 'Erfaren frisør med over 10 års erfaring. Spesialiserer meg på moderne klipp og fargeteknikker.', 't', 't', 15, '@mariahansen_hair', 'Libid iis quibus ter poena quae es remotissius.', 'Rem ut imam abilita positari, et ocritatur advera vivat vix essariae contingeren et.', 'Stultorquato melioremus metu carerab putare solum.', 'Institio quid rationem ad essent quae.', '{"Appellant mutae fortunae vi malle, sic tollunt faciantur nullam autem reliquarum loqueris."}', 'Fuisse vexet maximamus vitae cum dixitureum moles sunt.'), ('5ac46069-d153-5b50-a0be-8a017d379243', DEFAULT, DEFAULT, 'Makeup artist og negletekniker. Elsker å skape unike looks for mine kunder!', 't', 'f', 20, '@emma_beauty', 'Praesent eo seque velitas aut.', '@emmabeautyoslo', 'Discens dicam rem propter continacced, si eos inem utiliustius efficeri.', 'Cognitudit ex litur patria et suscipitur in dein.', '{"Dolorum disserendi estiae plane veniri."}', 'Campum ore admodo ationis spatio inas ut honest.'), ('5f2c632c-1003-5d3e-94f5-6085899aa359', DEFAULT, DEFAULT, 'Spesialist på bryn og vipper. Sertifisert lash technician med fokus på naturlige resultater.', 'f', 't', NULL, '@sophialashes', 'sophialarsenlashes', 'Aut vero autem rem idua quasi.', 'Graecum essensibi quid sicomnis totum melius legit.', 'Ob vero ipsum non polyaeno.', '{"Praeda nec molest repertamen quibus studuis pacem."}', 'Si quod vacuit vacuitatur tot.');
INSERT INTO public.addresses (id,created_at,updated_at,user_id,nickname,street_address,city,postal_code,country,entry_instructions,is_primary,location) VALUES ('bd3edf5b-ac02-535e-8e3e-6618cb12f398', DEFAULT, DEFAULT, '5fef9e7c-116a-5504-a6ae-d16f4442d448', 'Salong', 'Storgata 15', 'Oslo', '0154', 'Norge', 'Quam compartientis essent si rebus, videorum in voluptate doloris omnium si.', 't', 'POINT(10.7494 59.9139)'), ('6c9d012c-5297-5c62-86e9-bad5cadf3cac', DEFAULT, DEFAULT, '5ac46069-d153-5b50-a0be-8a017d379243', 'Hjemmekontor', 'Løkkeveien 8', 'Bergen', '5003', 'Norge', 'Prorsuspicio vero cupid arum carerudit in quae etiam, asperspexit cupio inum inoporum atione quae.', 't', 'POINT(5.3260 60.3894)'), ('0b6e0c50-55a4-5a5a-9c4c-77fe089c812b', DEFAULT, DEFAULT, '5f2c632c-1003-5d3e-94f5-6085899aa359', 'Studio', 'Markveien 35', 'Oslo', '0554', 'Norge', 'Et endi stoicos tibusdam ego, romantiqua loco recus afferri ut pluribus.', 't', 'POINT(10.7585 59.9295)'), ('4d9b24a7-1d63-5bdb-b6fa-66964de3c47d', DEFAULT, DEFAULT, '71c8f57c-aae5-5ac8-8fc0-a1ff399b17b8', 'Hjemme', 'Grønlandsleiret 44', 'Oslo', '0190', 'Norge', 'Falso quantaque ut illum efficilit.', 't', 'POINT(10.7608 59.9127)'), ('7f78a89c-d6ef-5d26-a4f4-5f88b27e42d8', DEFAULT, DEFAULT, '815c84a1-9088-5e6f-b1ab-0853285c0e5d', 'Leilighet', 'Torgallmenningen 8', 'Bergen', '5014', 'Norge', 'Molest am nostra il naturum et paene gere, ultima quae debita id scriptumcum si.', 't', 'POINT(5.3247 60.3933)');
INSERT INTO public.services (id,created_at,updated_at,stylist_id,title,description,price,duration_minutes,at_customer_place,at_stylist_place,currency,is_published,includes,requirements) VALUES ('76182b33-2b88-55da-9317-c322cfc4cdb2', DEFAULT, DEFAULT, '5f2c632c-1003-5d3e-94f5-6085899aa359', 'Hårfarge', 'Permanent hårfarge i ønsket nyanse', 1076, 90, 't', 't', 'NOK', 'f', '{"Konsultasjon og fargeråd","Profesjonelle produkter","Klipp og styling","Vask og balsam","Oppfølging etter behandling","Føn og styling"}', '{"God belysning","Plass til arbeid (2x2 meter)"}'), ('f66c822d-c39b-5997-9fdd-1cc2906b1259', DEFAULT, DEFAULT, '5fef9e7c-116a-5504-a6ae-d16f4442d448', 'Shellac behandling', 'Langtidsholdbar neglelakk behandling', 827, 60, 't', 'f', 'NOK', 't', '{"Base coat og top coat","UV-lampe behandling","Neglelakk av høy kvalitet","Neglebånd massage"}', '{"Godt ventilert rom","God belysning"}'), ('7c724ddb-a436-508b-954f-ea531f015c8e', DEFAULT, DEFAULT, '5ac46069-d153-5b50-a0be-8a017d379243', 'Vippelift', 'Permanent krøll av naturlige vipper', 1797, 60, 't', 't', 'NOK', 't', '{"Oppfølging instruksjoner","Profesjonelle produkter","Aftercare produkter","Øyebryn forming og farge"}', '{"Godt belyst rom","Komfortabel liggestol/seng"}'), ('ee28eb0b-265a-5f31-962b-baeb03171f3b', DEFAULT, DEFAULT, '5ac46069-d153-5b50-a0be-8a017d379243', 'Dameklipp', 'Profesjonell klipp med vask og føn. Konsultasjon inkludert.', 1402, 75, 't', 't', 'NOK', 't', '{"Oppfølging etter behandling","Vask og balsam","Profesjonelle produkter","Føn og styling"}', '{"God belysning","Plass til arbeid (2x2 meter)"}'), ('bdd1b363-ac2b-5678-88e3-3a63f4b658f4', DEFAULT, DEFAULT, '5ac46069-d153-5b50-a0be-8a017d379243', 'Franske negler', 'Klassisk fransk manikyr for elegant look', 1980, 60, 't', 't', 'NOK', 't', '{"Base coat og top coat","Cuticle behandling","UV-lampe behandling"}', '{"Godt ventilert rom","God belysning","Tilgang til strøm"}'), ('e00070ec-a32f-50ad-9dca-90b08b918d33', DEFAULT, DEFAULT, '5f2c632c-1003-5d3e-94f5-6085899aa359', 'Festmakeup', 'Glamorøs makeup perfekt for fest og spesielle anledninger', 2816, 60, 't', 't', 'NOK', 't', '{"Makeup konsultasjon","Foto-ready finish","Profesjonelle produkter","Sminke fjerner"}', '{"Tilgang til vann","God naturlig belysning"}'), ('14988abd-97c9-5f3a-be9a-59d5637d4463', DEFAULT, DEFAULT, '5fef9e7c-116a-5504-a6ae-d16f4442d448', 'Vippelift', 'Permanent krøll av naturlige vipper', 2731, 60, 't', 't', 'NOK', 't', '{"Oppfølging instruksjoner","Allergi test","Profesjonelle produkter","Touch-up etter 2 uker","Aftercare produkter"}', '{"Komfortabel liggestol/seng","Godt belyst rom","Rolig omgivelser","Ren og støvfri miljø"}'), ('5d426f4d-43a7-5476-969b-4ca4336173ad', DEFAULT, DEFAULT, '5f2c632c-1003-5d3e-94f5-6085899aa359', 'Franske negler', 'Klassisk fransk manikyr for elegant look', 2148, 60, 't', 't', 'NOK', 'f', '{"Neglefil og buffer","UV-lampe behandling","Neglebånd massage"}', '{"Tilgang til strøm","God belysning"}'), ('8379c4b0-1c06-5d40-b0fc-56513422c1d8', DEFAULT, DEFAULT, '5ac46069-d153-5b50-a0be-8a017d379243', 'Bryllupsgjester styling', 'Makeup og hår for bryllupsgjester', 2379, 60, 'f', 't', 'NOK', 't', '{"Brudeparti styling tilbud","Foto dokumentasjon","Styling konsultasjon","Profesjonelle produkter"}', '{"Cum ex arbitrerum cum bonum sed solita, natur graecisti itate vero es quia causament."}'), ('c970b6e4-e959-5586-9093-3c50e0f7ab60', DEFAULT, DEFAULT, '5fef9e7c-116a-5504-a6ae-d16f4442d448', 'Brudesminke prøve', 'Prøvetime for brudemakeup', 2886, 120, 't', 't', 'NOK', 't', '{"Styling konsultasjon","Touchup under dagen","Foto dokumentasjon","Brudeparti styling tilbud","Profesjonelle produkter"}', '{"Mulighet for å henge kjoler","Speil i full størrelse"}'), ('f67b1d42-e134-5c10-baf6-9357f4083f61', DEFAULT, DEFAULT, '5ac46069-d153-5b50-a0be-8a017d379243', 'Volum vippeextensions', 'Fyldige volum-vipper for dramatisk effekt', 2901, 180, 'f', 't', 'NOK', 't', '{"Aftercare produkter","Touch-up etter 2 uker","Konsultasjon og fargetest"}', '{"Genus aut operet proposophiae quibus nec adminus omit, se quam pellatur democrito sit quam non."}'), ('1c3cb731-ed59-5c03-891d-dd445c49271e', DEFAULT, DEFAULT, '5f2c632c-1003-5d3e-94f5-6085899aa359', 'Klassiske vippeextensions', 'Naturlige vippeextensions for en elegant look', 1570, 90, 't', 't', 'NOK', 'f', '{"Oppfølging instruksjoner","Profesjonelle produkter","Konsultasjon og fargetest","Allergi test"}', '{"Komfortabel liggestol/seng","Rolig omgivelser"}'), ('a84c07d7-9cad-533f-b8cf-1e50727560c4', DEFAULT, DEFAULT, '5f2c632c-1003-5d3e-94f5-6085899aa359', 'Klassiske vippeextensions', 'Naturlige vippeextensions for en elegant look', 2996, 120, 't', 't', 'NOK', 't', '{"Øyebryn forming og farge","Allergi test","Oppfølging instruksjoner","Profesjonelle produkter","Touch-up etter 2 uker","Aftercare produkter"}', '{"Rolig omgivelser","Komfortabel liggestol/seng"}'), ('f105e82d-4f15-5b10-b687-21bb390972df', DEFAULT, DEFAULT, '5fef9e7c-116a-5504-a6ae-d16f4442d448', 'Gellack med design', 'Holdbar gellack med kreativt negledesign', 868, 90, 'f', 't', 'NOK', 't', '{"Neglefil og buffer","Neglebånd massage","Base coat og top coat","Håndkrem og negleolje"}', '{"Incuriscun poenis ere diligitar sed relin."}'), ('d7664d95-3caa-5e9b-ac21-e5f97a492422', DEFAULT, DEFAULT, '5f2c632c-1003-5d3e-94f5-6085899aa359', 'Volum vippeextensions', 'Fyldige volum-vipper for dramatisk effekt', 1061, 150, 'f', 't', 'NOK', 't', '{"Allergi test","Øyebryn forming og farge","Konsultasjon og fargetest","Profesjonelle produkter","Touch-up etter 2 uker"}', '{"Dolorest genere praeclaramet maximamar si perpaulo quod parentur."}'), ('a1a04c06-3a8f-58fb-a6ac-fd4aa9f23a92', DEFAULT, DEFAULT, '5f2c632c-1003-5d3e-94f5-6085899aa359', 'Akryl negler', 'Forsterkning og forlengelse med akryl', 2793, 90, 't', 't', 'NOK', 't', '{"UV-lampe behandling","Base coat og top coat","Håndkrem og negleolje","Neglefil og buffer","Neglebånd massage"}', '{"Godt ventilert rom","Bord eller fast overflate","God belysning","Tilgang til strøm"}'), ('e0c122d0-a1c6-57e5-8e5a-a275d77d69a9', DEFAULT, DEFAULT, '5fef9e7c-116a-5504-a6ae-d16f4442d448', 'Volum vippeextensions', 'Fyldige volum-vipper for dramatisk effekt', 1738, 180, 't', 'f', 'NOK', 't', '{"Konsultasjon og fargetest","Øyebryn forming og farge","Aftercare produkter","Oppfølging instruksjoner"}', '{"Tilgang til strøm","Godt belyst rom","Komfortabel liggestol/seng"}'), ('87cfc1e8-8252-5821-8c8f-8b6a31cb5156', DEFAULT, DEFAULT, '5fef9e7c-116a-5504-a6ae-d16f4442d448', 'Brynspluking', 'Profesjonell forming av bryn', 1242, 45, 'f', 't', 'NOK', 't', '{"Konsultasjon og fargetest","Touch-up etter 2 uker","Oppfølging instruksjoner","Øyebryn forming og farge","Aftercare produkter","Profesjonelle produkter"}', '{"Vos esse dixis hominest quia esset tamenimi se."}'), ('b0111ba7-5a98-5907-ba27-3f45196d3977', DEFAULT, DEFAULT, '5fef9e7c-116a-5504-a6ae-d16f4442d448', 'Akryl negler', 'Forsterkning og forlengelse med akryl', 1804, 90, 't', 'f', 'NOK', 't', '{"Håndkrem og negleolje","Base coat og top coat","Cuticle behandling","Neglelakk av høy kvalitet"}', '{"Tilgang til strøm","Godt ventilert rom","Stol med armstø"}'), ('2a66a173-5e57-53c4-a2e0-3d491704e63c', DEFAULT, DEFAULT, '5f2c632c-1003-5d3e-94f5-6085899aa359', 'Gellack med design', 'Holdbar gellack med kreativt negledesign', 1041, 105, 't', 't', 'NOK', 't', '{"Håndkrem og negleolje","Base coat og top coat","UV-lampe behandling","Cuticle behandling","Neglebånd massage","Neglelakk av høy kvalitet"}', '{"Bord eller fast overflate","God belysning","Godt ventilert rom","Tilgang til strøm"}'), ('17174d2b-fa53-516c-9c8f-328d1c1d0a8c', DEFAULT, DEFAULT, '5f2c632c-1003-5d3e-94f5-6085899aa359', 'Kontur makeup', 'Avansert konturering for skulpturerte fasader', 1097, 75, 'f', 't', 'NOK', 't', '{"Fargeanalyse","Makeup konsultasjon","Profesjonelle produkter"}', '{"Et vos possentior defut modo primum quae, inpotest doloremus nulla deritaque sit vivenimal rudem."}'), ('753f481f-9fee-53c1-bef0-6fc0bcf78933', DEFAULT, DEFAULT, '5fef9e7c-116a-5504-a6ae-d16f4442d448', 'Akryl negler', 'Forsterkning og forlengelse med akryl', 1407, 150, 't', 'f', 'NOK', 't', '{"UV-lampe behandling","Base coat og top coat","Håndkrem og negleolje","Neglebånd massage"}', '{"Tilgang til strøm","God belysning","Bord eller fast overflate"}'), ('6988ab5f-f1cf-533e-9e10-6250fa03d64e', DEFAULT, DEFAULT, '5fef9e7c-116a-5504-a6ae-d16f4442d448', 'Dameklipp', 'Profesjonell klipp med vask og føn. Konsultasjon inkludert.', 2534, 45, 't', 'f', 'NOK', 't', '{"Oppfølging etter behandling","Vask og balsam","Føn og styling","Profesjonelle produkter"}', '{"God belysning","Plass til arbeid (2x2 meter)"}'), ('5e167626-1d66-5123-9111-b3d1d294a57b', DEFAULT, DEFAULT, '5fef9e7c-116a-5504-a6ae-d16f4442d448', 'Permanent', 'Permanent for krøller og volum', 1884, 150, 't', 't', 'NOK', 't', '{"Vask og balsam","Oppfølging etter behandling","Konsultasjon og fargeråd","Profesjonelle produkter","Føn og styling"}', '{"Stol med ryggstø","Håndkle tilgjengelig","Plass til arbeid (2x2 meter)"}'), ('223d99f1-5c50-536e-b2f1-21ff103a026e', DEFAULT, DEFAULT, '5ac46069-d153-5b50-a0be-8a017d379243', 'Negleforlengelse', 'Forlengelse av negler for ønsket lengde', 2672, 150, 't', 'f', 'NOK', 't', '{"Cuticle behandling","Håndkrem og negleolje","UV-lampe behandling","Neglebånd massage"}', '{"God belysning","Bord eller fast overflate","Tilgang til strøm"}'), ('85540e24-0e5a-5ffc-97e6-90b2875c357c', DEFAULT, DEFAULT, '5f2c632c-1003-5d3e-94f5-6085899aa359', 'Brynsfarge', 'Farging av bryn for definert look', 2165, 30, 't', 't', 'NOK', 't', '{"Øyebryn forming og farge","Konsultasjon og fargetest","Aftercare produkter","Touch-up etter 2 uker","Allergi test","Oppfølging instruksjoner"}', '{"Tilgang til strøm","Rolig omgivelser","Ren og støvfri miljø"}'), ('2a882c6e-7824-5518-b251-1cc3d7bf2bcd', DEFAULT, DEFAULT, '5f2c632c-1003-5d3e-94f5-6085899aa359', 'Hårfarge', 'Permanent hårfarge i ønsket nyanse', 1458, 120, 't', 'f', 'NOK', 't', '{"Føn og styling","Profesjonelle produkter","Klipp og styling","Konsultasjon og fargeråd","Oppfølging etter behandling"}', '{"Stol med ryggstø","God belysning","Håndkle tilgjengelig","Plass til arbeid (2x2 meter)"}'), ('e7cf44d6-9f4a-5776-853b-a7a4072a5d45', DEFAULT, DEFAULT, '5f2c632c-1003-5d3e-94f5-6085899aa359', 'Herreklipp', 'Moderne herreklipp med styling. Inkluderer vask og føn.', 2087, 30, 't', 't', 'NOK', 't', '{"Føn og styling","Konsultasjon og fargeråd","Profesjonelle produkter"}', '{"Håndkle tilgjengelig","Stol med ryggstø","God belysning"}'), ('b7d36b38-fe23-5e84-a721-275f656c2211', DEFAULT, DEFAULT, '5fef9e7c-116a-5504-a6ae-d16f4442d448', 'Akryl negler', 'Forsterkning og forlengelse med akryl', 2899, 90, 't', 't', 'NOK', 't', '{"Håndkrem og negleolje","Cuticle behandling","Neglebånd massage"}', '{"God belysning","Godt ventilert rom","Stol med armstø"}'), ('e2a5feea-e90d-5eb7-9c72-fef6ba325faf', DEFAULT, DEFAULT, '5fef9e7c-116a-5504-a6ae-d16f4442d448', 'Føn og styling', 'Profesjonell føn med styling for spesielle anledninger', 1406, 45, 't', 't', 'NOK', 't', '{"Føn og styling","Konsultasjon og fargeråd","Profesjonelle produkter","Vask og balsam","Klipp og styling"}', '{"Plass til arbeid (2x2 meter)","God belysning","Tilgang til vask og strøm"}'), ('aa0cf64c-2fee-545b-8b01-85b1642cc444', DEFAULT, DEFAULT, '5fef9e7c-116a-5504-a6ae-d16f4442d448', 'Festmakeup', 'Glamorøs makeup perfekt for fest og spesielle anledninger', 2354, 60, 'f', 'f', 'NOK', 't', '{"Makeup konsultasjon","Touchup produkter","Fargeanalyse","Foto-ready finish"}', '{"Ad permulto quodsi is praetultimum, mortis ut dolore voluptate hac stabillum dictas potesse."}'), ('e45210c4-5037-5acd-828e-6a2c7da9a3db', DEFAULT, DEFAULT, '5ac46069-d153-5b50-a0be-8a017d379243', 'Gellack manikyr', 'Holdbar gellakk manikyr som varer i uker', 1577, 60, 't', 'f', 'NOK', 't', '{"UV-lampe behandling","Base coat og top coat","Neglebånd massage"}', '{"Bord eller fast overflate","God belysning","Tilgang til strøm"}'), ('6a4cd26c-3e74-5e66-8c9d-0a43c0d89298', DEFAULT, DEFAULT, '5fef9e7c-116a-5504-a6ae-d16f4442d448', 'Makeup kurs', 'Lær å sminke deg selv som en proff', 1275, 90, 't', 't', 'NOK', 't', '{"Makeup konsultasjon","Touchup produkter","Profesjonelle produkter","Sminke fjerner"}', '{"Stol med god ryggstø","Ren arbeidsplass","Tilgang til vann"}'), ('624647d9-add1-5d7f-8000-30a3a9f0fb30', DEFAULT, DEFAULT, '5fef9e7c-116a-5504-a6ae-d16f4442d448', 'Brudemakeup komplett', 'Komplett brudemakeup med prøvetime', 2740, 150, 'f', 't', 'NOK', 't', '{"Styling konsultasjon","Touchup under dagen","Prøvetime inkludert","Brudemakeup og hår","Profesjonelle produkter"}', '{"Anim et fugiatur adipsam est."}'), ('afd953ad-7147-5563-9533-021001caf7a2', DEFAULT, DEFAULT, '5ac46069-d153-5b50-a0be-8a017d379243', 'Brude makeup 2', 'Perfekt makeup for din store dag', 2776, 60, 'f', 't', 'NOK', 't', '{"Profesjonelle produkter","Styling tips","Touchup produkter"}', '{"Inciderem opere naturo autem dolore disputo benivolam auctorum."}'), ('14178b43-5f90-51e4-b62a-dd642da598f8', DEFAULT, DEFAULT, '5f2c632c-1003-5d3e-94f5-6085899aa359', 'Balayage farge 2', 'Moderne fargeteknikk for naturlig solkysset hår', 1339, 150, 't', 't', 'NOK', 't', '{"Hjemmepleieprodukter","Vask og balsam","Profesjonelle produkter","Konsultasjon og fargeråd","Føn og styling","Klipp og styling"}', '{"Stol med ryggstø","Tilgang til vask og strøm"}'), ('1d2359fd-6f1f-5243-864d-5695b37743eb', DEFAULT, DEFAULT, '5fef9e7c-116a-5504-a6ae-d16f4442d448', 'Brynslaminering 2', 'Laminering og forming av bryn for perfekt form', 2504, 75, 'f', 'f', 'NOK', 't', '{"Oppfølging instruksjoner","Øyebryn forming og farge","Profesjonelle produkter","Touch-up etter 2 uker","Konsultasjon og fargetest"}', '{"Rationistot um ulate certam de, esse dubita explicari locus expedit et libentur."}'), ('2a5d49d3-142c-57e5-9270-678f4722bb75', DEFAULT, DEFAULT, '5ac46069-d153-5b50-a0be-8a017d379243', 'Vippelift 2', 'Permanent krøll av naturlige vipper', 1780, 60, 't', 't', 'NOK', 't', '{"Øyebryn forming og farge","Allergi test","Profesjonelle produkter","Touch-up etter 2 uker"}', '{"Komfortabel liggestol/seng","Tilgang til strøm","Ren og støvfri miljø"}'), ('b50cd102-29cf-5eae-88fc-400d1de89af3', DEFAULT, DEFAULT, '5fef9e7c-116a-5504-a6ae-d16f4442d448', 'Bryllupsgjester styling 2', 'Makeup og hår for bryllupsgjester', 2765, 75, 't', 't', 'NOK', 't', '{"Touchup under dagen","Brudemakeup og hår","Prøvetime inkludert","Brudeparti styling tilbud"}', '{"Plass til utstyr og produkter","God belysning (fortrinnsvis naturlig)","Mulighet for å henge kjoler","Speil i full størrelse"}'), ('dc966564-92f1-506b-ba19-7d7bb1f740ab', DEFAULT, DEFAULT, '5f2c632c-1003-5d3e-94f5-6085899aa359', 'Dameklipp 2', 'Profesjonell klipp med vask og føn. Konsultasjon inkludert.', 2993, 75, 't', 't', 'NOK', 't', '{"Føn og styling","Klipp og styling","Konsultasjon og fargeråd","Profesjonelle produkter","Vask og balsam","Hjemmepleieprodukter"}', '{"Stol med ryggstø","Tilgang til vask og strøm"}'), ('17e51b1a-6cc8-5fb8-a298-f35c9601008c', DEFAULT, DEFAULT, '5ac46069-d153-5b50-a0be-8a017d379243', 'Hybrid vipper 2', 'Kombinasjon av klassiske og volum vipper', 2539, 105, 't', 't', 'NOK', 't', '{"Konsultasjon og fargetest","Oppfølging instruksjoner","Touch-up etter 2 uker","Allergi test"}', '{"Komfortabel liggestol/seng","Tilgang til strøm","Ren og støvfri miljø","Rolig omgivelser"}'), ('22bf4307-d5a9-538a-bcf4-909f5a7e33dc', DEFAULT, DEFAULT, '5ac46069-d153-5b50-a0be-8a017d379243', 'Makeup kurs 2', 'Lær å sminke deg selv som en proff', 997, 150, 't', 'f', 'NOK', 't', '{"Profesjonelle produkter","Styling tips","Touchup produkter","Makeup konsultasjon"}', '{"Tilgang til vann","Ren arbeidsplass","God naturlig belysning","Speil i full størrelse"}'), ('cce76ede-998c-52d2-903b-cbf19c7747a8', DEFAULT, DEFAULT, '5ac46069-d153-5b50-a0be-8a017d379243', 'Dagsmakeup 2', 'Naturlig makeup for hverdagen', 2698, 30, 't', 'f', 'NOK', 't', '{"Makeup konsultasjon","Styling tips","Profesjonelle produkter","Sminke fjerner","Foto-ready finish"}', '{"Tilgang til vann","Ren arbeidsplass"}'), ('a880eacd-2ef3-5f96-a387-1e4129739d58', DEFAULT, DEFAULT, '5ac46069-d153-5b50-a0be-8a017d379243', 'Dameklipp 2', 'Profesjonell klipp med vask og føn. Konsultasjon inkludert.', 1184, 75, 't', 't', 'NOK', 't', '{"Konsultasjon og fargeråd","Profesjonelle produkter","Hjemmepleieprodukter","Vask og balsam","Klipp og styling"}', '{"Håndkle tilgjengelig","Tilgang til vask og strøm"}'), ('cc8895a3-c3b1-570a-9715-0e5f7037db58', DEFAULT, DEFAULT, '5ac46069-d153-5b50-a0be-8a017d379243', 'Makeup kurs 2', 'Lær å sminke deg selv som en proff', 1792, 90, 't', 't', 'NOK', 'f', '{"Makeup konsultasjon","Sminke fjerner","Fargeanalyse","Touchup produkter","Foto-ready finish","Styling tips"}', '{"God naturlig belysning","Speil i full størrelse"}'), ('db7cae9b-8f33-58bd-9446-2b7e4f35612c', DEFAULT, DEFAULT, '5f2c632c-1003-5d3e-94f5-6085899aa359', 'Gellack med design 2', 'Holdbar gellack med kreativt negledesign', 856, 75, 't', 't', 'NOK', 't', '{"Neglelakk av høy kvalitet","Håndkrem og negleolje","Neglefil og buffer","Cuticle behandling","UV-lampe behandling","Base coat og top coat"}', '{"God belysning","Bord eller fast overflate"}'), ('bfada96a-f22b-520d-a8a5-2a69720d77cb', DEFAULT, DEFAULT, '5f2c632c-1003-5d3e-94f5-6085899aa359', 'Brudesminke prøve 2', 'Prøvetime for brudemakeup', 2624, 75, 't', 't', 'NOK', 't', '{"Foto dokumentasjon","Prøvetime inkludert","Brudeparti styling tilbud","Profesjonelle produkter","Brudemakeup og hår"}', '{"Strømtilgang","Mulighet for å henge kjoler","God belysning (fortrinnsvis naturlig)"}'), ('b7cfbb6f-5f3b-51a2-8f67-556f8e8bb547', DEFAULT, DEFAULT, '5fef9e7c-116a-5504-a6ae-d16f4442d448', 'Vippelift 2', 'Permanent krøll av naturlige vipper', 1014, 90, 't', 't', 'NOK', 't', '{"Aftercare produkter","Konsultasjon og fargetest","Oppfølging instruksjoner","Allergi test","Profesjonelle produkter"}', '{"Ren og støvfri miljø","Tilgang til strøm","Komfortabel liggestol/seng","Rolig omgivelser"}'), ('ecbea8f6-b213-57b5-811c-b7261694ffa4', DEFAULT, DEFAULT, '5f2c632c-1003-5d3e-94f5-6085899aa359', 'Gellack manikyr 2', 'Holdbar gellakk manikyr som varer i uker', 2950, 75, 't', 't', 'NOK', 'f', '{"Neglelakk av høy kvalitet","UV-lampe behandling","Cuticle behandling","Håndkrem og negleolje"}', '{"Godt ventilert rom","Tilgang til strøm","Bord eller fast overflate","Stol med armstø"}'), ('e120ba0e-3be9-5f1c-bd06-ba190e8d0b70', DEFAULT, DEFAULT, '5fef9e7c-116a-5504-a6ae-d16f4442d448', 'Dameklipp 2', 'Profesjonell klipp med vask og føn. Konsultasjon inkludert.', 2095, 60, 'f', 't', 'NOK', 't', '{"Konsultasjon og fargeråd","Vask og balsam","Føn og styling","Profesjonelle produkter","Klipp og styling","Oppfølging etter behandling"}', '{"Aut esset in sentenet pueri, et contendiscip ardore privavis vivi."}'), ('01386236-4a58-58c4-bc9b-b62296d5b0c8', DEFAULT, DEFAULT, '5f2c632c-1003-5d3e-94f5-6085899aa359', 'Akryl negler 2', 'Forsterkning og forlengelse med akryl', 1768, 120, 't', 't', 'NOK', 't', '{"Cuticle behandling","UV-lampe behandling","Neglelakk av høy kvalitet","Håndkrem og negleolje","Neglefil og buffer","Base coat og top coat"}', '{"Godt ventilert rom","God belysning","Bord eller fast overflate"}'), ('588ce9a6-824d-5ecc-ac30-0e0629217186', DEFAULT, DEFAULT, '5fef9e7c-116a-5504-a6ae-d16f4442d448', 'Volum vippeextensions 2', 'Fyldige volum-vipper for dramatisk effekt', 1573, 180, 'f', 't', 'NOK', 't', '{"Profesjonelle produkter","Aftercare produkter","Touch-up etter 2 uker","Konsultasjon og fargetest"}', '{"Sanguinem nulla dolorum quidem verenimpor vita fortunt tranquillae."}'), ('0416504c-bc7d-5f0c-ac2f-94736d68799c', DEFAULT, DEFAULT, '5fef9e7c-116a-5504-a6ae-d16f4442d448', 'Dameklipp 2', 'Profesjonell klipp med vask og føn. Konsultasjon inkludert.', 1694, 60, 't', 't', 'NOK', 't', '{"Konsultasjon og fargeråd","Profesjonelle produkter","Klipp og styling","Vask og balsam","Føn og styling","Oppfølging etter behandling"}', '{"Stol med ryggstø","Plass til arbeid (2x2 meter)"}'), ('ae095deb-f4d1-5a82-93a8-6df231b7cb4c', DEFAULT, DEFAULT, '5f2c632c-1003-5d3e-94f5-6085899aa359', 'Hybrid vipper 2', 'Kombinasjon av klassiske og volum vipper', 2839, 120, 'f', 't', 'NOK', 't', '{"Oppfølging instruksjoner","Aftercare produkter","Allergi test","Profesjonelle produkter","Øyebryn forming og farge"}', '{"Erunt voluptas et corportunt aliquidem."}'), ('b341b4e7-48c7-52a0-b31a-cfc76698083a', DEFAULT, DEFAULT, '5ac46069-d153-5b50-a0be-8a017d379243', 'Bryllupsgjester styling 2', 'Makeup og hår for bryllupsgjester', 1241, 75, 't', 'f', 'NOK', 't', '{"Styling konsultasjon","Brudemakeup og hår","Profesjonelle produkter","Brudeparti styling tilbud","Prøvetime inkludert"}', '{"Mulighet for å henge kjoler","Rolig og privat område"}');
INSERT INTO public.service_service_categories (service_id,category_id) VALUES ('76182b33-2b88-55da-9317-c322cfc4cdb2', '774d6a93-1a7a-59f0-b70f-9b0cccb98376'), ('f66c822d-c39b-5997-9fdd-1cc2906b1259', '774d6a93-1a7a-59f0-b70f-9b0cccb98376'), ('7c724ddb-a436-508b-954f-ea531f015c8e', '774d6a93-1a7a-59f0-b70f-9b0cccb98376'), ('ee28eb0b-265a-5f31-962b-baeb03171f3b', '774d6a93-1a7a-59f0-b70f-9b0cccb98376'), ('bdd1b363-ac2b-5678-88e3-3a63f4b658f4', '774d6a93-1a7a-59f0-b70f-9b0cccb98376'), ('e00070ec-a32f-50ad-9dca-90b08b918d33', '774d6a93-1a7a-59f0-b70f-9b0cccb98376'), ('14988abd-97c9-5f3a-be9a-59d5637d4463', '774d6a93-1a7a-59f0-b70f-9b0cccb98376'), ('5d426f4d-43a7-5476-969b-4ca4336173ad', '774d6a93-1a7a-59f0-b70f-9b0cccb98376'), ('8379c4b0-1c06-5d40-b0fc-56513422c1d8', '40613055-bb54-561d-9553-1fee5ba0e651'), ('c970b6e4-e959-5586-9093-3c50e0f7ab60', '40613055-bb54-561d-9553-1fee5ba0e651'), ('f67b1d42-e134-5c10-baf6-9357f4083f61', '40613055-bb54-561d-9553-1fee5ba0e651'), ('1c3cb731-ed59-5c03-891d-dd445c49271e', '40613055-bb54-561d-9553-1fee5ba0e651'), ('a84c07d7-9cad-533f-b8cf-1e50727560c4', '40613055-bb54-561d-9553-1fee5ba0e651'), ('f105e82d-4f15-5b10-b687-21bb390972df', '40613055-bb54-561d-9553-1fee5ba0e651'), ('d7664d95-3caa-5e9b-ac21-e5f97a492422', '40613055-bb54-561d-9553-1fee5ba0e651'), ('a1a04c06-3a8f-58fb-a6ac-fd4aa9f23a92', 'a1b8b547-cac9-5eef-87c4-eb2759d940ae'), ('e0c122d0-a1c6-57e5-8e5a-a275d77d69a9', 'a1b8b547-cac9-5eef-87c4-eb2759d940ae'), ('87cfc1e8-8252-5821-8c8f-8b6a31cb5156', 'a1b8b547-cac9-5eef-87c4-eb2759d940ae'), ('b0111ba7-5a98-5907-ba27-3f45196d3977', 'a1b8b547-cac9-5eef-87c4-eb2759d940ae'), ('2a66a173-5e57-53c4-a2e0-3d491704e63c', 'a1b8b547-cac9-5eef-87c4-eb2759d940ae'), ('17174d2b-fa53-516c-9c8f-328d1c1d0a8c', 'a1b8b547-cac9-5eef-87c4-eb2759d940ae'), ('753f481f-9fee-53c1-bef0-6fc0bcf78933', '079569b3-a55d-55e1-975d-b26972bc6ec6'), ('6988ab5f-f1cf-533e-9e10-6250fa03d64e', '079569b3-a55d-55e1-975d-b26972bc6ec6'), ('5e167626-1d66-5123-9111-b3d1d294a57b', '079569b3-a55d-55e1-975d-b26972bc6ec6'), ('223d99f1-5c50-536e-b2f1-21ff103a026e', '079569b3-a55d-55e1-975d-b26972bc6ec6'), ('85540e24-0e5a-5ffc-97e6-90b2875c357c', '079569b3-a55d-55e1-975d-b26972bc6ec6'), ('2a882c6e-7824-5518-b251-1cc3d7bf2bcd', '079569b3-a55d-55e1-975d-b26972bc6ec6'), ('e7cf44d6-9f4a-5776-853b-a7a4072a5d45', '079569b3-a55d-55e1-975d-b26972bc6ec6'), ('b7d36b38-fe23-5e84-a721-275f656c2211', '48d376e0-21ce-5ed7-b7bc-26086c834c23'), ('e2a5feea-e90d-5eb7-9c72-fef6ba325faf', '48d376e0-21ce-5ed7-b7bc-26086c834c23'), ('aa0cf64c-2fee-545b-8b01-85b1642cc444', '48d376e0-21ce-5ed7-b7bc-26086c834c23'), ('e45210c4-5037-5acd-828e-6a2c7da9a3db', '48d376e0-21ce-5ed7-b7bc-26086c834c23'), ('6a4cd26c-3e74-5e66-8c9d-0a43c0d89298', '48d376e0-21ce-5ed7-b7bc-26086c834c23'), ('624647d9-add1-5d7f-8000-30a3a9f0fb30', '774d6a93-1a7a-59f0-b70f-9b0cccb98376'), ('afd953ad-7147-5563-9533-021001caf7a2', '774d6a93-1a7a-59f0-b70f-9b0cccb98376'), ('14178b43-5f90-51e4-b62a-dd642da598f8', '774d6a93-1a7a-59f0-b70f-9b0cccb98376'), ('1d2359fd-6f1f-5243-864d-5695b37743eb', '774d6a93-1a7a-59f0-b70f-9b0cccb98376'), ('2a5d49d3-142c-57e5-9270-678f4722bb75', '774d6a93-1a7a-59f0-b70f-9b0cccb98376'), ('b50cd102-29cf-5eae-88fc-400d1de89af3', '774d6a93-1a7a-59f0-b70f-9b0cccb98376'), ('dc966564-92f1-506b-ba19-7d7bb1f740ab', '774d6a93-1a7a-59f0-b70f-9b0cccb98376'), ('17e51b1a-6cc8-5fb8-a298-f35c9601008c', '774d6a93-1a7a-59f0-b70f-9b0cccb98376'), ('22bf4307-d5a9-538a-bcf4-909f5a7e33dc', '40613055-bb54-561d-9553-1fee5ba0e651'), ('cce76ede-998c-52d2-903b-cbf19c7747a8', '40613055-bb54-561d-9553-1fee5ba0e651'), ('a880eacd-2ef3-5f96-a387-1e4129739d58', '40613055-bb54-561d-9553-1fee5ba0e651'), ('cc8895a3-c3b1-570a-9715-0e5f7037db58', '40613055-bb54-561d-9553-1fee5ba0e651'), ('db7cae9b-8f33-58bd-9446-2b7e4f35612c', '40613055-bb54-561d-9553-1fee5ba0e651'), ('bfada96a-f22b-520d-a8a5-2a69720d77cb', '40613055-bb54-561d-9553-1fee5ba0e651'), ('b7cfbb6f-5f3b-51a2-8f67-556f8e8bb547', '40613055-bb54-561d-9553-1fee5ba0e651'), ('ecbea8f6-b213-57b5-811c-b7261694ffa4', 'a1b8b547-cac9-5eef-87c4-eb2759d940ae'), ('e120ba0e-3be9-5f1c-bd06-ba190e8d0b70', 'a1b8b547-cac9-5eef-87c4-eb2759d940ae'), ('01386236-4a58-58c4-bc9b-b62296d5b0c8', 'a1b8b547-cac9-5eef-87c4-eb2759d940ae'), ('588ce9a6-824d-5ecc-ac30-0e0629217186', 'a1b8b547-cac9-5eef-87c4-eb2759d940ae'), ('0416504c-bc7d-5f0c-ac2f-94736d68799c', 'a1b8b547-cac9-5eef-87c4-eb2759d940ae'), ('ae095deb-f4d1-5a82-93a8-6df231b7cb4c', 'a1b8b547-cac9-5eef-87c4-eb2759d940ae'), ('b341b4e7-48c7-52a0-b31a-cfc76698083a', '079569b3-a55d-55e1-975d-b26972bc6ec6');
-- Creating service images from curated collection...
-- Using 4 curated images for service: Hårfarge
INSERT INTO public.media (id,created_at,file_path,media_type,chat_message_id,service_id,owner_id,application_id,review_id,is_preview_image) VALUES ('2b49f0ee-86ee-5ea5-97c6-b897cffb33f8', DEFAULT, 'https://images.unsplash.com/photo-1559599101-f09722fb4948?w=800', 'service_image', NULL, NULL, NULL, NULL, NULL, 't'), ('941cda05-eb1e-5e38-b1b0-9b1314950967', DEFAULT, 'https://images.unsplash.com/photo-1559599101-f09722fb4948?w=800', 'service_image', NULL, NULL, NULL, NULL, NULL, 'f'), ('940186be-387e-582d-bd1a-e0130ab817a9', DEFAULT, 'https://images.unsplash.com/photo-1559599101-f09722fb4948?w=800', 'service_image', NULL, NULL, NULL, NULL, NULL, 'f'), ('38ced710-8d57-5b79-a5ff-5fc8f50c2fd8', DEFAULT, 'https://images.unsplash.com/photo-1605497788044-5a32c7078486?w=800', 'service_image', NULL, NULL, NULL, NULL, NULL, 'f');
UPDATE public.media SET service_id = '76182b33-2b88-55da-9317-c322cfc4cdb2' WHERE id = '2b49f0ee-86ee-5ea5-97c6-b897cffb33f8';
UPDATE public.media SET service_id = '76182b33-2b88-55da-9317-c322cfc4cdb2' WHERE id = '941cda05-eb1e-5e38-b1b0-9b1314950967';
UPDATE public.media SET service_id = '76182b33-2b88-55da-9317-c322cfc4cdb2' WHERE id = '940186be-387e-582d-bd1a-e0130ab817a9';
UPDATE public.media SET service_id = '76182b33-2b88-55da-9317-c322cfc4cdb2' WHERE id = '38ced710-8d57-5b79-a5ff-5fc8f50c2fd8';
-- Using 5 curated images for service: Shellac behandling
INSERT INTO public.media (id,created_at,file_path,media_type,chat_message_id,service_id,owner_id,application_id,review_id,is_preview_image) VALUES ('e7420df7-72cd-5631-91f4-07af63418217', DEFAULT, 'https://images.unsplash.com/photo-1559599101-f09722fb4948?w=800', 'service_image', NULL, NULL, NULL, NULL, NULL, 't'), ('c7a8b41d-e9f1-58f9-987b-09be2b2b10c4', DEFAULT, 'https://images.unsplash.com/photo-1521590832167-7bcbfaa6381f?w=800', 'service_image', NULL, NULL, NULL, NULL, NULL, 'f'), ('5c635e2a-0176-5455-85de-1b5391e4beb5', DEFAULT, 'https://images.unsplash.com/photo-1559599101-f09722fb4948?w=800', 'service_image', NULL, NULL, NULL, NULL, NULL, 'f'), ('5088ad34-a281-57bb-94fb-a3b4cdb5edfc', DEFAULT, 'https://images.unsplash.com/photo-1522337360788-8b13dee7a37e?w=800', 'service_image', NULL, NULL, NULL, NULL, NULL, 'f'), ('673dc94f-739a-53de-b7a8-c5b975de0a97', DEFAULT, 'https://images.unsplash.com/photo-1521590832167-7bcbfaa6381f?w=800', 'service_image', NULL, NULL, NULL, NULL, NULL, 'f');
UPDATE public.media SET service_id = 'f66c822d-c39b-5997-9fdd-1cc2906b1259' WHERE id = 'e7420df7-72cd-5631-91f4-07af63418217';
UPDATE public.media SET service_id = 'f66c822d-c39b-5997-9fdd-1cc2906b1259' WHERE id = 'c7a8b41d-e9f1-58f9-987b-09be2b2b10c4';
UPDATE public.media SET service_id = 'f66c822d-c39b-5997-9fdd-1cc2906b1259' WHERE id = '5c635e2a-0176-5455-85de-1b5391e4beb5';
UPDATE public.media SET service_id = 'f66c822d-c39b-5997-9fdd-1cc2906b1259' WHERE id = '5088ad34-a281-57bb-94fb-a3b4cdb5edfc';
UPDATE public.media SET service_id = 'f66c822d-c39b-5997-9fdd-1cc2906b1259' WHERE id = '673dc94f-739a-53de-b7a8-c5b975de0a97';
-- Using 4 curated images for service: Vippelift
INSERT INTO public.media (id,created_at,file_path,media_type,chat_message_id,service_id,owner_id,application_id,review_id,is_preview_image) VALUES ('e185f00a-8a69-5b66-8409-34e4d434040e', DEFAULT, 'https://images.unsplash.com/photo-1559599101-f09722fb4948?w=800', 'service_image', NULL, NULL, NULL, NULL, NULL, 't'), ('45d459bb-2ceb-5de7-8a3b-0469d8b39062', DEFAULT, 'https://images.unsplash.com/photo-1559599101-f09722fb4948?w=800', 'service_image', NULL, NULL, NULL, NULL, NULL, 'f'), ('ced02d95-879e-50d0-939e-c9f150052eea', DEFAULT, 'https://images.unsplash.com/photo-1522337360788-8b13dee7a37e?w=800', 'service_image', NULL, NULL, NULL, NULL, NULL, 'f'), ('b50e95a6-d600-5fed-902c-f829d4fd2846', DEFAULT, 'https://images.unsplash.com/photo-1521590832167-7bcbfaa6381f?w=800', 'service_image', NULL, NULL, NULL, NULL, NULL, 'f');
UPDATE public.media SET service_id = '7c724ddb-a436-508b-954f-ea531f015c8e' WHERE id = 'e185f00a-8a69-5b66-8409-34e4d434040e';
UPDATE public.media SET service_id = '7c724ddb-a436-508b-954f-ea531f015c8e' WHERE id = '45d459bb-2ceb-5de7-8a3b-0469d8b39062';
UPDATE public.media SET service_id = '7c724ddb-a436-508b-954f-ea531f015c8e' WHERE id = 'ced02d95-879e-50d0-939e-c9f150052eea';
UPDATE public.media SET service_id = '7c724ddb-a436-508b-954f-ea531f015c8e' WHERE id = 'b50e95a6-d600-5fed-902c-f829d4fd2846';
-- Using 5 curated images for service: Dameklipp
INSERT INTO public.media (id,created_at,file_path,media_type,chat_message_id,service_id,owner_id,application_id,review_id,is_preview_image) VALUES ('76a443cb-68e6-559d-8737-b3b7550f13c5', DEFAULT, 'https://images.unsplash.com/photo-1522337360788-8b13dee7a37e?w=800', 'service_image', NULL, NULL, NULL, NULL, NULL, 't'), ('43076191-7c50-558e-94ad-1fac6c984b27', DEFAULT, 'https://images.unsplash.com/photo-1522337360788-8b13dee7a37e?w=800', 'service_image', NULL, NULL, NULL, NULL, NULL, 'f'), ('faaa8871-a409-532a-bff4-b23796fd4217', DEFAULT, 'https://images.unsplash.com/photo-1522337360788-8b13dee7a37e?w=800', 'service_image', NULL, NULL, NULL, NULL, NULL, 'f'), ('3c5f8845-abb9-501a-9de5-995d478641d6', DEFAULT, 'https://images.unsplash.com/photo-1605497788044-5a32c7078486?w=800', 'service_image', NULL, NULL, NULL, NULL, NULL, 'f'), ('edc295fd-aaaf-56bf-972b-c2d67d9391c7', DEFAULT, 'https://images.unsplash.com/photo-1521590832167-7bcbfaa6381f?w=800', 'service_image', NULL, NULL, NULL, NULL, NULL, 'f');
UPDATE public.media SET service_id = 'ee28eb0b-265a-5f31-962b-baeb03171f3b' WHERE id = '76a443cb-68e6-559d-8737-b3b7550f13c5';
UPDATE public.media SET service_id = 'ee28eb0b-265a-5f31-962b-baeb03171f3b' WHERE id = '43076191-7c50-558e-94ad-1fac6c984b27';
UPDATE public.media SET service_id = 'ee28eb0b-265a-5f31-962b-baeb03171f3b' WHERE id = 'faaa8871-a409-532a-bff4-b23796fd4217';
UPDATE public.media SET service_id = 'ee28eb0b-265a-5f31-962b-baeb03171f3b' WHERE id = '3c5f8845-abb9-501a-9de5-995d478641d6';
UPDATE public.media SET service_id = 'ee28eb0b-265a-5f31-962b-baeb03171f3b' WHERE id = 'edc295fd-aaaf-56bf-972b-c2d67d9391c7';
-- Using 3 curated images for service: Franske negler
INSERT INTO public.media (id,created_at,file_path,media_type,chat_message_id,service_id,owner_id,application_id,review_id,is_preview_image) VALUES ('51181366-c41a-5487-b5cf-bee1fa424d4d', DEFAULT, 'https://images.unsplash.com/photo-1559599101-f09722fb4948?w=800', 'service_image', NULL, NULL, NULL, NULL, NULL, 't'), ('fb539382-3288-5ced-a6bc-5b8a74914f5b', DEFAULT, 'https://images.unsplash.com/photo-1521590832167-7bcbfaa6381f?w=800', 'service_image', NULL, NULL, NULL, NULL, NULL, 'f'), ('a5ed95e8-76e3-5e19-a131-98e1f38f690f', DEFAULT, 'https://images.unsplash.com/photo-1605497788044-5a32c7078486?w=800', 'service_image', NULL, NULL, NULL, NULL, NULL, 'f');
UPDATE public.media SET service_id = 'bdd1b363-ac2b-5678-88e3-3a63f4b658f4' WHERE id = '51181366-c41a-5487-b5cf-bee1fa424d4d';
UPDATE public.media SET service_id = 'bdd1b363-ac2b-5678-88e3-3a63f4b658f4' WHERE id = 'fb539382-3288-5ced-a6bc-5b8a74914f5b';
UPDATE public.media SET service_id = 'bdd1b363-ac2b-5678-88e3-3a63f4b658f4' WHERE id = 'a5ed95e8-76e3-5e19-a131-98e1f38f690f';
-- Using 3 curated images for service: Festmakeup
INSERT INTO public.media (id,created_at,file_path,media_type,chat_message_id,service_id,owner_id,application_id,review_id,is_preview_image) VALUES ('1403c786-1cca-5730-ad09-4ca84f8009a7', DEFAULT, 'https://images.unsplash.com/photo-1522337360788-8b13dee7a37e?w=800', 'service_image', NULL, NULL, NULL, NULL, NULL, 't'), ('3dc8ed63-2039-5445-afb6-f708ee348cc5', DEFAULT, 'https://images.unsplash.com/photo-1562322140-8baeececf3df?w=800', 'service_image', NULL, NULL, NULL, NULL, NULL, 'f'), ('8984a87b-4cd3-596b-b69c-37b5694b3403', DEFAULT, 'https://images.unsplash.com/photo-1522337360788-8b13dee7a37e?w=800', 'service_image', NULL, NULL, NULL, NULL, NULL, 'f');
UPDATE public.media SET service_id = 'e00070ec-a32f-50ad-9dca-90b08b918d33' WHERE id = '1403c786-1cca-5730-ad09-4ca84f8009a7';
UPDATE public.media SET service_id = 'e00070ec-a32f-50ad-9dca-90b08b918d33' WHERE id = '3dc8ed63-2039-5445-afb6-f708ee348cc5';
UPDATE public.media SET service_id = 'e00070ec-a32f-50ad-9dca-90b08b918d33' WHERE id = '8984a87b-4cd3-596b-b69c-37b5694b3403';
-- Using 4 curated images for service: Vippelift
INSERT INTO public.media (id,created_at,file_path,media_type,chat_message_id,service_id,owner_id,application_id,review_id,is_preview_image) VALUES ('9a50abe0-0544-5bc7-89f6-ea2c42ab02e2', DEFAULT, 'https://images.unsplash.com/photo-1521590832167-7bcbfaa6381f?w=800', 'service_image', NULL, NULL, NULL, NULL, NULL, 't'), ('36eb2a99-e8ea-5e4a-83e8-1b7c286df1da', DEFAULT, 'https://images.unsplash.com/photo-1559599101-f09722fb4948?w=800', 'service_image', NULL, NULL, NULL, NULL, NULL, 'f'), ('6b9ff7f8-6dbc-5c69-85ed-960489faa13b', DEFAULT, 'https://images.unsplash.com/photo-1521590832167-7bcbfaa6381f?w=800', 'service_image', NULL, NULL, NULL, NULL, NULL, 'f'), ('6ce02c0d-67ca-53d1-a72c-40617383b4be', DEFAULT, 'https://images.unsplash.com/photo-1605497788044-5a32c7078486?w=800', 'service_image', NULL, NULL, NULL, NULL, NULL, 'f');
UPDATE public.media SET service_id = '14988abd-97c9-5f3a-be9a-59d5637d4463' WHERE id = '9a50abe0-0544-5bc7-89f6-ea2c42ab02e2';
UPDATE public.media SET service_id = '14988abd-97c9-5f3a-be9a-59d5637d4463' WHERE id = '36eb2a99-e8ea-5e4a-83e8-1b7c286df1da';
UPDATE public.media SET service_id = '14988abd-97c9-5f3a-be9a-59d5637d4463' WHERE id = '6b9ff7f8-6dbc-5c69-85ed-960489faa13b';
UPDATE public.media SET service_id = '14988abd-97c9-5f3a-be9a-59d5637d4463' WHERE id = '6ce02c0d-67ca-53d1-a72c-40617383b4be';
-- Using 3 curated images for service: Franske negler
INSERT INTO public.media (id,created_at,file_path,media_type,chat_message_id,service_id,owner_id,application_id,review_id,is_preview_image) VALUES ('eb2331f0-5195-5fbf-a4c6-9142a09db712', DEFAULT, 'https://images.unsplash.com/photo-1562322140-8baeececf3df?w=800', 'service_image', NULL, NULL, NULL, NULL, NULL, 't'), ('1c725711-4729-540c-aab2-92a536855aba', DEFAULT, 'https://images.unsplash.com/photo-1522337360788-8b13dee7a37e?w=800', 'service_image', NULL, NULL, NULL, NULL, NULL, 'f'), ('f6e216f5-fdb1-57dc-abe0-0f83a06d7db1', DEFAULT, 'https://images.unsplash.com/photo-1522337360788-8b13dee7a37e?w=800', 'service_image', NULL, NULL, NULL, NULL, NULL, 'f');
UPDATE public.media SET service_id = '5d426f4d-43a7-5476-969b-4ca4336173ad' WHERE id = 'eb2331f0-5195-5fbf-a4c6-9142a09db712';
UPDATE public.media SET service_id = '5d426f4d-43a7-5476-969b-4ca4336173ad' WHERE id = '1c725711-4729-540c-aab2-92a536855aba';
UPDATE public.media SET service_id = '5d426f4d-43a7-5476-969b-4ca4336173ad' WHERE id = 'f6e216f5-fdb1-57dc-abe0-0f83a06d7db1';
-- Using 4 curated images for service: Bryllupsgjester styling
INSERT INTO public.media (id,created_at,file_path,media_type,chat_message_id,service_id,owner_id,application_id,review_id,is_preview_image) VALUES ('54034612-39d2-5c54-80a1-aae856af370f', DEFAULT, 'https://images.unsplash.com/photo-1607779097040-26e80aa78e66?w=800', 'service_image', NULL, NULL, NULL, NULL, NULL, 't'), ('418e33b1-b892-5aa7-b783-99814e5a2594', DEFAULT, 'https://images.unsplash.com/photo-1607779097040-26e80aa78e66?w=800', 'service_image', NULL, NULL, NULL, NULL, NULL, 'f'), ('1c597dc6-0f26-5c61-9804-984288b07377', DEFAULT, 'https://images.unsplash.com/photo-1595476108010-b4d1f102b1b1?w=800', 'service_image', NULL, NULL, NULL, NULL, NULL, 'f'), ('bd6acb14-e599-50a6-adaa-e840d243c20d', DEFAULT, 'https://images.unsplash.com/photo-1563401289-e8010d13da76?w=800', 'service_image', NULL, NULL, NULL, NULL, NULL, 'f');
UPDATE public.media SET service_id = '8379c4b0-1c06-5d40-b0fc-56513422c1d8' WHERE id = '54034612-39d2-5c54-80a1-aae856af370f';
UPDATE public.media SET service_id = '8379c4b0-1c06-5d40-b0fc-56513422c1d8' WHERE id = '418e33b1-b892-5aa7-b783-99814e5a2594';
UPDATE public.media SET service_id = '8379c4b0-1c06-5d40-b0fc-56513422c1d8' WHERE id = '1c597dc6-0f26-5c61-9804-984288b07377';
UPDATE public.media SET service_id = '8379c4b0-1c06-5d40-b0fc-56513422c1d8' WHERE id = 'bd6acb14-e599-50a6-adaa-e840d243c20d';
-- Using 3 curated images for service: Brudesminke prøve
INSERT INTO public.media (id,created_at,file_path,media_type,chat_message_id,service_id,owner_id,application_id,review_id,is_preview_image) VALUES ('a8179fa4-4beb-5a78-a029-4b299886157e', DEFAULT, 'https://images.unsplash.com/photo-1610992015732-2449b76344bc?w=800', 'service_image', NULL, NULL, NULL, NULL, NULL, 't'), ('22c0f0c6-46ef-5546-8dda-28eb2cdfc313', DEFAULT, 'https://images.unsplash.com/photo-1563401289-e8010d13da76?w=800', 'service_image', NULL, NULL, NULL, NULL, NULL, 'f'), ('f0c9812d-7a14-5e19-b700-ab332a72e2ba', DEFAULT, 'https://images.unsplash.com/photo-1604654894610-df63bc536371?w=800', 'service_image', NULL, NULL, NULL, NULL, NULL, 'f');
UPDATE public.media SET service_id = 'c970b6e4-e959-5586-9093-3c50e0f7ab60' WHERE id = 'a8179fa4-4beb-5a78-a029-4b299886157e';
UPDATE public.media SET service_id = 'c970b6e4-e959-5586-9093-3c50e0f7ab60' WHERE id = '22c0f0c6-46ef-5546-8dda-28eb2cdfc313';
UPDATE public.media SET service_id = 'c970b6e4-e959-5586-9093-3c50e0f7ab60' WHERE id = 'f0c9812d-7a14-5e19-b700-ab332a72e2ba';
-- Using 4 curated images for service: Volum vippeextensions
INSERT INTO public.media (id,created_at,file_path,media_type,chat_message_id,service_id,owner_id,application_id,review_id,is_preview_image) VALUES ('07a88fdb-b10e-5acf-8c1f-7eaa0162a7a4', DEFAULT, 'https://images.unsplash.com/photo-1563401289-e8010d13da76?w=800', 'service_image', NULL, NULL, NULL, NULL, NULL, 't'), ('f872c622-ad7b-505d-948b-a699d5935086', DEFAULT, 'https://images.unsplash.com/photo-1610992015732-2449b76344bc?w=800', 'service_image', NULL, NULL, NULL, NULL, NULL, 'f'), ('928e9bc4-bd3e-5993-b810-e2e51b2112bd', DEFAULT, 'https://images.unsplash.com/photo-1610992015732-2449b76344bc?w=800', 'service_image', NULL, NULL, NULL, NULL, NULL, 'f'), ('b7548f1f-3340-5b56-a99b-005083075883', DEFAULT, 'https://images.unsplash.com/photo-1595476108010-b4d1f102b1b1?w=800', 'service_image', NULL, NULL, NULL, NULL, NULL, 'f');
UPDATE public.media SET service_id = 'f67b1d42-e134-5c10-baf6-9357f4083f61' WHERE id = '07a88fdb-b10e-5acf-8c1f-7eaa0162a7a4';
UPDATE public.media SET service_id = 'f67b1d42-e134-5c10-baf6-9357f4083f61' WHERE id = 'f872c622-ad7b-505d-948b-a699d5935086';
UPDATE public.media SET service_id = 'f67b1d42-e134-5c10-baf6-9357f4083f61' WHERE id = '928e9bc4-bd3e-5993-b810-e2e51b2112bd';
UPDATE public.media SET service_id = 'f67b1d42-e134-5c10-baf6-9357f4083f61' WHERE id = 'b7548f1f-3340-5b56-a99b-005083075883';
-- Using 3 curated images for service: Klassiske vippeextensions
INSERT INTO public.media (id,created_at,file_path,media_type,chat_message_id,service_id,owner_id,application_id,review_id,is_preview_image) VALUES ('4510e6d0-64b7-50c6-ab71-0fb0eac18e58', DEFAULT, 'https://images.unsplash.com/photo-1607779097040-26e80aa78e66?w=800', 'service_image', NULL, NULL, NULL, NULL, NULL, 't'), ('0441e3e8-22f0-5657-9f4c-7e32988ef1ce', DEFAULT, 'https://images.unsplash.com/photo-1595476108010-b4d1f102b1b1?w=800', 'service_image', NULL, NULL, NULL, NULL, NULL, 'f'), ('16f944a3-60ab-536d-b7af-15e2d9072460', DEFAULT, 'https://images.unsplash.com/photo-1563401289-e8010d13da76?w=800', 'service_image', NULL, NULL, NULL, NULL, NULL, 'f');
UPDATE public.media SET service_id = '1c3cb731-ed59-5c03-891d-dd445c49271e' WHERE id = '4510e6d0-64b7-50c6-ab71-0fb0eac18e58';
UPDATE public.media SET service_id = '1c3cb731-ed59-5c03-891d-dd445c49271e' WHERE id = '0441e3e8-22f0-5657-9f4c-7e32988ef1ce';
UPDATE public.media SET service_id = '1c3cb731-ed59-5c03-891d-dd445c49271e' WHERE id = '16f944a3-60ab-536d-b7af-15e2d9072460';
-- Using 4 curated images for service: Klassiske vippeextensions
INSERT INTO public.media (id,created_at,file_path,media_type,chat_message_id,service_id,owner_id,application_id,review_id,is_preview_image) VALUES ('d8f5b956-cddd-568f-84a7-96fa86199c1f', DEFAULT, 'https://images.unsplash.com/photo-1610992015732-2449b76344bc?w=800', 'service_image', NULL, NULL, NULL, NULL, NULL, 't'), ('b891610d-ca02-513f-8bd7-24dcc40c50e1', DEFAULT, 'https://images.unsplash.com/photo-1610992015732-2449b76344bc?w=800', 'service_image', NULL, NULL, NULL, NULL, NULL, 'f'), ('755a428d-fb8d-5c8d-b5a0-a8487071b790', DEFAULT, 'https://images.unsplash.com/photo-1610992015732-2449b76344bc?w=800', 'service_image', NULL, NULL, NULL, NULL, NULL, 'f'), ('d6337e93-78c0-53ad-9043-f93a0f34e2b5', DEFAULT, 'https://images.unsplash.com/photo-1607779097040-26e80aa78e66?w=800', 'service_image', NULL, NULL, NULL, NULL, NULL, 'f');
UPDATE public.media SET service_id = 'a84c07d7-9cad-533f-b8cf-1e50727560c4' WHERE id = 'd8f5b956-cddd-568f-84a7-96fa86199c1f';
UPDATE public.media SET service_id = 'a84c07d7-9cad-533f-b8cf-1e50727560c4' WHERE id = 'b891610d-ca02-513f-8bd7-24dcc40c50e1';
UPDATE public.media SET service_id = 'a84c07d7-9cad-533f-b8cf-1e50727560c4' WHERE id = '755a428d-fb8d-5c8d-b5a0-a8487071b790';
UPDATE public.media SET service_id = 'a84c07d7-9cad-533f-b8cf-1e50727560c4' WHERE id = 'd6337e93-78c0-53ad-9043-f93a0f34e2b5';
-- Using 5 curated images for service: Gellack med design
INSERT INTO public.media (id,created_at,file_path,media_type,chat_message_id,service_id,owner_id,application_id,review_id,is_preview_image) VALUES ('3040c7a2-9246-5f26-9869-8cee76854452', DEFAULT, 'https://images.unsplash.com/photo-1595476108010-b4d1f102b1b1?w=800', 'service_image', NULL, NULL, NULL, NULL, NULL, 't'), ('6cb7fa29-18da-5958-9cfc-e049c3cecaa4', DEFAULT, 'https://images.unsplash.com/photo-1607779097040-26e80aa78e66?w=800', 'service_image', NULL, NULL, NULL, NULL, NULL, 'f'), ('ffa3bacf-c6f2-5f5b-81c0-0d18963eeb33', DEFAULT, 'https://images.unsplash.com/photo-1595476108010-b4d1f102b1b1?w=800', 'service_image', NULL, NULL, NULL, NULL, NULL, 'f'), ('acc925c7-21c5-5f28-a895-a7416b4c5bc5', DEFAULT, 'https://images.unsplash.com/photo-1563401289-e8010d13da76?w=800', 'service_image', NULL, NULL, NULL, NULL, NULL, 'f'), ('c50926ec-db7d-5f90-a9c8-ded4a90bdf76', DEFAULT, 'https://images.unsplash.com/photo-1610992015732-2449b76344bc?w=800', 'service_image', NULL, NULL, NULL, NULL, NULL, 'f');
UPDATE public.media SET service_id = 'f105e82d-4f15-5b10-b687-21bb390972df' WHERE id = '3040c7a2-9246-5f26-9869-8cee76854452';
UPDATE public.media SET service_id = 'f105e82d-4f15-5b10-b687-21bb390972df' WHERE id = '6cb7fa29-18da-5958-9cfc-e049c3cecaa4';
UPDATE public.media SET service_id = 'f105e82d-4f15-5b10-b687-21bb390972df' WHERE id = 'ffa3bacf-c6f2-5f5b-81c0-0d18963eeb33';
UPDATE public.media SET service_id = 'f105e82d-4f15-5b10-b687-21bb390972df' WHERE id = 'acc925c7-21c5-5f28-a895-a7416b4c5bc5';
UPDATE public.media SET service_id = 'f105e82d-4f15-5b10-b687-21bb390972df' WHERE id = 'c50926ec-db7d-5f90-a9c8-ded4a90bdf76';
-- Using 4 curated images for service: Volum vippeextensions
INSERT INTO public.media (id,created_at,file_path,media_type,chat_message_id,service_id,owner_id,application_id,review_id,is_preview_image) VALUES ('3b3d481b-778b-58f7-beff-dce94243937e', DEFAULT, 'https://images.unsplash.com/photo-1604654894610-df63bc536371?w=800', 'service_image', NULL, NULL, NULL, NULL, NULL, 't'), ('c7569017-8e72-587a-ac8a-2228120e7724', DEFAULT, 'https://images.unsplash.com/photo-1610992015732-2449b76344bc?w=800', 'service_image', NULL, NULL, NULL, NULL, NULL, 'f'), ('dc111049-b2fd-5e96-b0fe-8c9ff7b52219', DEFAULT, 'https://images.unsplash.com/photo-1604654894610-df63bc536371?w=800', 'service_image', NULL, NULL, NULL, NULL, NULL, 'f'), ('be4d59c6-dca0-59a3-ad92-23462c2e7500', DEFAULT, 'https://images.unsplash.com/photo-1604654894610-df63bc536371?w=800', 'service_image', NULL, NULL, NULL, NULL, NULL, 'f');
UPDATE public.media SET service_id = 'd7664d95-3caa-5e9b-ac21-e5f97a492422' WHERE id = '3b3d481b-778b-58f7-beff-dce94243937e';
UPDATE public.media SET service_id = 'd7664d95-3caa-5e9b-ac21-e5f97a492422' WHERE id = 'c7569017-8e72-587a-ac8a-2228120e7724';
UPDATE public.media SET service_id = 'd7664d95-3caa-5e9b-ac21-e5f97a492422' WHERE id = 'dc111049-b2fd-5e96-b0fe-8c9ff7b52219';
UPDATE public.media SET service_id = 'd7664d95-3caa-5e9b-ac21-e5f97a492422' WHERE id = 'be4d59c6-dca0-59a3-ad92-23462c2e7500';
-- Using 4 curated images for service: Akryl negler
INSERT INTO public.media (id,created_at,file_path,media_type,chat_message_id,service_id,owner_id,application_id,review_id,is_preview_image) VALUES ('0015d6d0-a710-544e-a1d9-7aed3af1e8b9', DEFAULT, 'https://images.unsplash.com/photo-1596462502278-27bfdc403348?w=800', 'service_image', NULL, NULL, NULL, NULL, NULL, 't'), ('4e2421de-d7c1-5fea-b629-80c5c0d53535', DEFAULT, 'https://images.unsplash.com/photo-1487412947147-5cebf100ffc2?w=800', 'service_image', NULL, NULL, NULL, NULL, NULL, 'f'), ('cf1616d0-5961-5425-90c0-b827043bf6dc', DEFAULT, 'https://images.unsplash.com/photo-1583001931096-959e9a1a6223?w=800', 'service_image', NULL, NULL, NULL, NULL, NULL, 'f'), ('5cb77652-3a8e-55fb-9a16-09b7e379de70', DEFAULT, 'https://images.unsplash.com/photo-1596462502278-27bfdc403348?w=800', 'service_image', NULL, NULL, NULL, NULL, NULL, 'f');
UPDATE public.media SET service_id = 'a1a04c06-3a8f-58fb-a6ac-fd4aa9f23a92' WHERE id = '0015d6d0-a710-544e-a1d9-7aed3af1e8b9';
UPDATE public.media SET service_id = 'a1a04c06-3a8f-58fb-a6ac-fd4aa9f23a92' WHERE id = '4e2421de-d7c1-5fea-b629-80c5c0d53535';
UPDATE public.media SET service_id = 'a1a04c06-3a8f-58fb-a6ac-fd4aa9f23a92' WHERE id = 'cf1616d0-5961-5425-90c0-b827043bf6dc';
UPDATE public.media SET service_id = 'a1a04c06-3a8f-58fb-a6ac-fd4aa9f23a92' WHERE id = '5cb77652-3a8e-55fb-9a16-09b7e379de70';
-- Using 4 curated images for service: Volum vippeextensions
INSERT INTO public.media (id,created_at,file_path,media_type,chat_message_id,service_id,owner_id,application_id,review_id,is_preview_image) VALUES ('ca11300a-4c94-5490-982c-3b0ca791ba68', DEFAULT, 'https://images.unsplash.com/photo-1522338140262-f46f5913618c?w=800', 'service_image', NULL, NULL, NULL, NULL, NULL, 't'), ('f05a15df-6188-55e7-80e9-0fadba87cc0b', DEFAULT, 'https://images.unsplash.com/photo-1487412947147-5cebf100ffc2?w=800', 'service_image', NULL, NULL, NULL, NULL, NULL, 'f'), ('43f161ab-347e-5077-b07d-5b61e573e350', DEFAULT, 'https://images.unsplash.com/photo-1596462502278-27bfdc403348?w=800', 'service_image', NULL, NULL, NULL, NULL, NULL, 'f'), ('6addc6fa-ab63-5da2-a8f2-7b7a58049d6e', DEFAULT, 'https://images.unsplash.com/photo-1522338140262-f46f5913618c?w=800', 'service_image', NULL, NULL, NULL, NULL, NULL, 'f');
UPDATE public.media SET service_id = 'e0c122d0-a1c6-57e5-8e5a-a275d77d69a9' WHERE id = 'ca11300a-4c94-5490-982c-3b0ca791ba68';
UPDATE public.media SET service_id = 'e0c122d0-a1c6-57e5-8e5a-a275d77d69a9' WHERE id = 'f05a15df-6188-55e7-80e9-0fadba87cc0b';
UPDATE public.media SET service_id = 'e0c122d0-a1c6-57e5-8e5a-a275d77d69a9' WHERE id = '43f161ab-347e-5077-b07d-5b61e573e350';
UPDATE public.media SET service_id = 'e0c122d0-a1c6-57e5-8e5a-a275d77d69a9' WHERE id = '6addc6fa-ab63-5da2-a8f2-7b7a58049d6e';
-- Using 3 curated images for service: Brynspluking
INSERT INTO public.media (id,created_at,file_path,media_type,chat_message_id,service_id,owner_id,application_id,review_id,is_preview_image) VALUES ('0229ea42-001a-5fc1-a0a7-f7b894c665f6', DEFAULT, 'https://images.unsplash.com/photo-1596462502278-27bfdc403348?w=800', 'service_image', NULL, NULL, NULL, NULL, NULL, 't'), ('600394b6-a8c8-5681-8393-994699cc8869', DEFAULT, 'https://images.unsplash.com/photo-1487412947147-5cebf100ffc2?w=800', 'service_image', NULL, NULL, NULL, NULL, NULL, 'f'), ('a4daf76c-ae60-58f7-b7df-3bf0a2903068', DEFAULT, 'https://images.unsplash.com/photo-1583001931096-959e9a1a6223?w=800', 'service_image', NULL, NULL, NULL, NULL, NULL, 'f');
UPDATE public.media SET service_id = '87cfc1e8-8252-5821-8c8f-8b6a31cb5156' WHERE id = '0229ea42-001a-5fc1-a0a7-f7b894c665f6';
UPDATE public.media SET service_id = '87cfc1e8-8252-5821-8c8f-8b6a31cb5156' WHERE id = '600394b6-a8c8-5681-8393-994699cc8869';
UPDATE public.media SET service_id = '87cfc1e8-8252-5821-8c8f-8b6a31cb5156' WHERE id = 'a4daf76c-ae60-58f7-b7df-3bf0a2903068';
-- Using 4 curated images for service: Akryl negler
INSERT INTO public.media (id,created_at,file_path,media_type,chat_message_id,service_id,owner_id,application_id,review_id,is_preview_image) VALUES ('a8761cdc-3e79-5da3-9bd0-8fec7c18e0d3', DEFAULT, 'https://images.unsplash.com/photo-1487412947147-5cebf100ffc2?w=800', 'service_image', NULL, NULL, NULL, NULL, NULL, 't'), ('02d40c99-a4e2-5f7b-8c31-f3bfc2b142d7', DEFAULT, 'https://images.unsplash.com/photo-1596462502278-27bfdc403348?w=800', 'service_image', NULL, NULL, NULL, NULL, NULL, 'f'), ('1ccdf595-d157-5e58-ba2e-3896ace06144', DEFAULT, 'https://images.unsplash.com/photo-1522338140262-f46f5913618c?w=800', 'service_image', NULL, NULL, NULL, NULL, NULL, 'f'), ('b6344cbe-dc85-5284-b0c9-257c74dc389a', DEFAULT, 'https://images.unsplash.com/photo-1583001931096-959e9a1a6223?w=800', 'service_image', NULL, NULL, NULL, NULL, NULL, 'f');
UPDATE public.media SET service_id = 'b0111ba7-5a98-5907-ba27-3f45196d3977' WHERE id = 'a8761cdc-3e79-5da3-9bd0-8fec7c18e0d3';
UPDATE public.media SET service_id = 'b0111ba7-5a98-5907-ba27-3f45196d3977' WHERE id = '02d40c99-a4e2-5f7b-8c31-f3bfc2b142d7';
UPDATE public.media SET service_id = 'b0111ba7-5a98-5907-ba27-3f45196d3977' WHERE id = '1ccdf595-d157-5e58-ba2e-3896ace06144';
UPDATE public.media SET service_id = 'b0111ba7-5a98-5907-ba27-3f45196d3977' WHERE id = 'b6344cbe-dc85-5284-b0c9-257c74dc389a';
-- Using 3 curated images for service: Gellack med design
INSERT INTO public.media (id,created_at,file_path,media_type,chat_message_id,service_id,owner_id,application_id,review_id,is_preview_image) VALUES ('b91e8eb7-2f04-5e30-b50e-395eedbb44de', DEFAULT, 'https://images.unsplash.com/photo-1512496015851-a90fb38ba796?w=800', 'service_image', NULL, NULL, NULL, NULL, NULL, 't'), ('09a7b025-027a-5061-9182-238b69a4cc48', DEFAULT, 'https://images.unsplash.com/photo-1487412947147-5cebf100ffc2?w=800', 'service_image', NULL, NULL, NULL, NULL, NULL, 'f'), ('9c502dc9-7368-5792-ac0c-6729dec33507', DEFAULT, 'https://images.unsplash.com/photo-1512496015851-a90fb38ba796?w=800', 'service_image', NULL, NULL, NULL, NULL, NULL, 'f');
UPDATE public.media SET service_id = '2a66a173-5e57-53c4-a2e0-3d491704e63c' WHERE id = 'b91e8eb7-2f04-5e30-b50e-395eedbb44de';
UPDATE public.media SET service_id = '2a66a173-5e57-53c4-a2e0-3d491704e63c' WHERE id = '09a7b025-027a-5061-9182-238b69a4cc48';
UPDATE public.media SET service_id = '2a66a173-5e57-53c4-a2e0-3d491704e63c' WHERE id = '9c502dc9-7368-5792-ac0c-6729dec33507';
-- Using 3 curated images for service: Kontur makeup
INSERT INTO public.media (id,created_at,file_path,media_type,chat_message_id,service_id,owner_id,application_id,review_id,is_preview_image) VALUES ('93b9269a-4a01-5fd3-b7b1-91d57f6f9396', DEFAULT, 'https://images.unsplash.com/photo-1487412947147-5cebf100ffc2?w=800', 'service_image', NULL, NULL, NULL, NULL, NULL, 't'), ('a4fa3c04-8049-5c6c-b957-27880ccdbd55', DEFAULT, 'https://images.unsplash.com/photo-1512496015851-a90fb38ba796?w=800', 'service_image', NULL, NULL, NULL, NULL, NULL, 'f'), ('6036ee87-aece-59ad-b026-416be457fbf0', DEFAULT, 'https://images.unsplash.com/photo-1512496015851-a90fb38ba796?w=800', 'service_image', NULL, NULL, NULL, NULL, NULL, 'f');
UPDATE public.media SET service_id = '17174d2b-fa53-516c-9c8f-328d1c1d0a8c' WHERE id = '93b9269a-4a01-5fd3-b7b1-91d57f6f9396';
UPDATE public.media SET service_id = '17174d2b-fa53-516c-9c8f-328d1c1d0a8c' WHERE id = 'a4fa3c04-8049-5c6c-b957-27880ccdbd55';
UPDATE public.media SET service_id = '17174d2b-fa53-516c-9c8f-328d1c1d0a8c' WHERE id = '6036ee87-aece-59ad-b026-416be457fbf0';
-- Using 3 curated images for service: Akryl negler
INSERT INTO public.media (id,created_at,file_path,media_type,chat_message_id,service_id,owner_id,application_id,review_id,is_preview_image) VALUES ('e96c6095-cf83-57bc-bd30-3cd3ed2b4456', DEFAULT, 'https://images.unsplash.com/photo-1571171637578-41bc2dd41cd2?w=800', 'service_image', NULL, NULL, NULL, NULL, NULL, 't'), ('14b43b44-b41d-53eb-8ac2-77cedeb19de4', DEFAULT, 'https://images.unsplash.com/photo-1571019613454-1cb2f99b2d8b?w=800', 'service_image', NULL, NULL, NULL, NULL, NULL, 'f'), ('52f4f34a-4bf3-53cc-aeef-5be5521e21ff', DEFAULT, 'https://images.unsplash.com/photo-1579952363873-27d3bfad9c0d?w=800', 'service_image', NULL, NULL, NULL, NULL, NULL, 'f');
UPDATE public.media SET service_id = '753f481f-9fee-53c1-bef0-6fc0bcf78933' WHERE id = 'e96c6095-cf83-57bc-bd30-3cd3ed2b4456';
UPDATE public.media SET service_id = '753f481f-9fee-53c1-bef0-6fc0bcf78933' WHERE id = '14b43b44-b41d-53eb-8ac2-77cedeb19de4';
UPDATE public.media SET service_id = '753f481f-9fee-53c1-bef0-6fc0bcf78933' WHERE id = '52f4f34a-4bf3-53cc-aeef-5be5521e21ff';
-- Using 5 curated images for service: Dameklipp
INSERT INTO public.media (id,created_at,file_path,media_type,chat_message_id,service_id,owner_id,application_id,review_id,is_preview_image) VALUES ('4d5945a4-9953-59c7-83c1-69de69ba55af', DEFAULT, 'https://images.unsplash.com/photo-1571171637578-41bc2dd41cd2?w=800', 'service_image', NULL, NULL, NULL, NULL, NULL, 't'), ('e6587c42-15f5-5974-aaee-9e171796247f', DEFAULT, 'https://images.unsplash.com/photo-1614807536394-cd67bd4a634b?w=800', 'service_image', NULL, NULL, NULL, NULL, NULL, 'f'), ('24fc1f43-7588-5d40-be46-0a07ac70b003', DEFAULT, 'https://images.unsplash.com/photo-1571171637578-41bc2dd41cd2?w=800', 'service_image', NULL, NULL, NULL, NULL, NULL, 'f'), ('6f6f91cd-de2e-570b-a26f-52ccef7a1a6e', DEFAULT, 'https://images.unsplash.com/photo-1614807536394-cd67bd4a634b?w=800', 'service_image', NULL, NULL, NULL, NULL, NULL, 'f'), ('1bc4f89b-3eac-5996-9eda-c4e29cfe8063', DEFAULT, 'https://images.unsplash.com/photo-1579952363873-27d3bfad9c0d?w=800', 'service_image', NULL, NULL, NULL, NULL, NULL, 'f');
UPDATE public.media SET service_id = '6988ab5f-f1cf-533e-9e10-6250fa03d64e' WHERE id = '4d5945a4-9953-59c7-83c1-69de69ba55af';
UPDATE public.media SET service_id = '6988ab5f-f1cf-533e-9e10-6250fa03d64e' WHERE id = 'e6587c42-15f5-5974-aaee-9e171796247f';
UPDATE public.media SET service_id = '6988ab5f-f1cf-533e-9e10-6250fa03d64e' WHERE id = '24fc1f43-7588-5d40-be46-0a07ac70b003';
UPDATE public.media SET service_id = '6988ab5f-f1cf-533e-9e10-6250fa03d64e' WHERE id = '6f6f91cd-de2e-570b-a26f-52ccef7a1a6e';
UPDATE public.media SET service_id = '6988ab5f-f1cf-533e-9e10-6250fa03d64e' WHERE id = '1bc4f89b-3eac-5996-9eda-c4e29cfe8063';
-- Using 3 curated images for service: Permanent
INSERT INTO public.media (id,created_at,file_path,media_type,chat_message_id,service_id,owner_id,application_id,review_id,is_preview_image) VALUES ('436b524e-aa1e-500d-98da-763dc0bd84b7', DEFAULT, 'https://images.unsplash.com/photo-1571171637578-41bc2dd41cd2?w=800', 'service_image', NULL, NULL, NULL, NULL, NULL, 't'), ('d877bc19-d8b3-57d5-b84e-9fb575aaf9f4', DEFAULT, 'https://images.unsplash.com/photo-1571171637578-41bc2dd41cd2?w=800', 'service_image', NULL, NULL, NULL, NULL, NULL, 'f'), ('1f2b19a4-603a-56b7-8cfd-acffd1fc3d6d', DEFAULT, 'https://images.unsplash.com/photo-1571171637578-41bc2dd41cd2?w=800', 'service_image', NULL, NULL, NULL, NULL, NULL, 'f');
UPDATE public.media SET service_id = '5e167626-1d66-5123-9111-b3d1d294a57b' WHERE id = '436b524e-aa1e-500d-98da-763dc0bd84b7';
UPDATE public.media SET service_id = '5e167626-1d66-5123-9111-b3d1d294a57b' WHERE id = 'd877bc19-d8b3-57d5-b84e-9fb575aaf9f4';
UPDATE public.media SET service_id = '5e167626-1d66-5123-9111-b3d1d294a57b' WHERE id = '1f2b19a4-603a-56b7-8cfd-acffd1fc3d6d';
-- Using 4 curated images for service: Negleforlengelse
INSERT INTO public.media (id,created_at,file_path,media_type,chat_message_id,service_id,owner_id,application_id,review_id,is_preview_image) VALUES ('e81f69a4-c60e-5952-9136-3a86489bdc31', DEFAULT, 'https://images.unsplash.com/photo-1571171637578-41bc2dd41cd2?w=800', 'service_image', NULL, NULL, NULL, NULL, NULL, 't'), ('d1b05099-14d1-5809-bb78-16aaa4beb71c', DEFAULT, 'https://images.unsplash.com/photo-1614807536394-cd67bd4a634b?w=800', 'service_image', NULL, NULL, NULL, NULL, NULL, 'f'), ('d680f412-9359-592b-8b78-3c8ad877131a', DEFAULT, 'https://images.unsplash.com/photo-1614807536394-cd67bd4a634b?w=800', 'service_image', NULL, NULL, NULL, NULL, NULL, 'f'), ('98a3a3f1-fed6-5661-ac3f-ab341d607381', DEFAULT, 'https://images.unsplash.com/photo-1571171637578-41bc2dd41cd2?w=800', 'service_image', NULL, NULL, NULL, NULL, NULL, 'f');
UPDATE public.media SET service_id = '223d99f1-5c50-536e-b2f1-21ff103a026e' WHERE id = 'e81f69a4-c60e-5952-9136-3a86489bdc31';
UPDATE public.media SET service_id = '223d99f1-5c50-536e-b2f1-21ff103a026e' WHERE id = 'd1b05099-14d1-5809-bb78-16aaa4beb71c';
UPDATE public.media SET service_id = '223d99f1-5c50-536e-b2f1-21ff103a026e' WHERE id = 'd680f412-9359-592b-8b78-3c8ad877131a';
UPDATE public.media SET service_id = '223d99f1-5c50-536e-b2f1-21ff103a026e' WHERE id = '98a3a3f1-fed6-5661-ac3f-ab341d607381';
-- Using 3 curated images for service: Brynsfarge
INSERT INTO public.media (id,created_at,file_path,media_type,chat_message_id,service_id,owner_id,application_id,review_id,is_preview_image) VALUES ('da3e64ec-3514-5671-8e96-0410507afd5e', DEFAULT, 'https://images.unsplash.com/photo-1577565177023-d0f29c354b69?w=800', 'service_image', NULL, NULL, NULL, NULL, NULL, 't'), ('8824aca2-338a-5e39-9dab-87ab4c57e983', DEFAULT, 'https://images.unsplash.com/photo-1571019613454-1cb2f99b2d8b?w=800', 'service_image', NULL, NULL, NULL, NULL, NULL, 'f'), ('47404549-ae73-5422-840c-5353688ce837', DEFAULT, 'https://images.unsplash.com/photo-1614807536394-cd67bd4a634b?w=800', 'service_image', NULL, NULL, NULL, NULL, NULL, 'f');
UPDATE public.media SET service_id = '85540e24-0e5a-5ffc-97e6-90b2875c357c' WHERE id = 'da3e64ec-3514-5671-8e96-0410507afd5e';
UPDATE public.media SET service_id = '85540e24-0e5a-5ffc-97e6-90b2875c357c' WHERE id = '8824aca2-338a-5e39-9dab-87ab4c57e983';
UPDATE public.media SET service_id = '85540e24-0e5a-5ffc-97e6-90b2875c357c' WHERE id = '47404549-ae73-5422-840c-5353688ce837';
-- Using 3 curated images for service: Hårfarge
INSERT INTO public.media (id,created_at,file_path,media_type,chat_message_id,service_id,owner_id,application_id,review_id,is_preview_image) VALUES ('9b3d94f3-9cca-5847-adab-abba9b5a4a8a', DEFAULT, 'https://images.unsplash.com/photo-1614807536394-cd67bd4a634b?w=800', 'service_image', NULL, NULL, NULL, NULL, NULL, 't'), ('d83813c0-4344-5977-bcc4-cc8fc3fc74c1', DEFAULT, 'https://images.unsplash.com/photo-1571171637578-41bc2dd41cd2?w=800', 'service_image', NULL, NULL, NULL, NULL, NULL, 'f'), ('e8087607-bf47-5ae5-8049-2df891929fed', DEFAULT, 'https://images.unsplash.com/photo-1579952363873-27d3bfad9c0d?w=800', 'service_image', NULL, NULL, NULL, NULL, NULL, 'f');
UPDATE public.media SET service_id = '2a882c6e-7824-5518-b251-1cc3d7bf2bcd' WHERE id = '9b3d94f3-9cca-5847-adab-abba9b5a4a8a';
UPDATE public.media SET service_id = '2a882c6e-7824-5518-b251-1cc3d7bf2bcd' WHERE id = 'd83813c0-4344-5977-bcc4-cc8fc3fc74c1';
UPDATE public.media SET service_id = '2a882c6e-7824-5518-b251-1cc3d7bf2bcd' WHERE id = 'e8087607-bf47-5ae5-8049-2df891929fed';
-- Using 3 curated images for service: Herreklipp
INSERT INTO public.media (id,created_at,file_path,media_type,chat_message_id,service_id,owner_id,application_id,review_id,is_preview_image) VALUES ('cc66f61b-5fbc-5564-bc78-b42d35320d8b', DEFAULT, 'https://images.unsplash.com/photo-1571019613454-1cb2f99b2d8b?w=800', 'service_image', NULL, NULL, NULL, NULL, NULL, 't'), ('05b4fbfa-c457-5dca-a8b0-bb7ff5e586b6', DEFAULT, 'https://images.unsplash.com/photo-1571019613454-1cb2f99b2d8b?w=800', 'service_image', NULL, NULL, NULL, NULL, NULL, 'f'), ('b7f912c3-f01f-5829-97dd-2bdfa798eb62', DEFAULT, 'https://images.unsplash.com/photo-1614807536394-cd67bd4a634b?w=800', 'service_image', NULL, NULL, NULL, NULL, NULL, 'f');
UPDATE public.media SET service_id = 'e7cf44d6-9f4a-5776-853b-a7a4072a5d45' WHERE id = 'cc66f61b-5fbc-5564-bc78-b42d35320d8b';
UPDATE public.media SET service_id = 'e7cf44d6-9f4a-5776-853b-a7a4072a5d45' WHERE id = '05b4fbfa-c457-5dca-a8b0-bb7ff5e586b6';
UPDATE public.media SET service_id = 'e7cf44d6-9f4a-5776-853b-a7a4072a5d45' WHERE id = 'b7f912c3-f01f-5829-97dd-2bdfa798eb62';
-- Using 4 curated images for service: Akryl negler
INSERT INTO public.media (id,created_at,file_path,media_type,chat_message_id,service_id,owner_id,application_id,review_id,is_preview_image) VALUES ('ffa1d57c-d320-5352-8f32-f2e9554026ff', DEFAULT, 'https://images.unsplash.com/photo-1469371670807-013ccf25f16a?w=800', 'service_image', NULL, NULL, NULL, NULL, NULL, 't'), ('8f3c3853-7ee4-508b-b574-02c6eb2d092c', DEFAULT, 'https://images.unsplash.com/photo-1469371670807-013ccf25f16a?w=800', 'service_image', NULL, NULL, NULL, NULL, NULL, 'f'), ('250f6618-eb05-581e-af34-d9e6ac6fd5a9', DEFAULT, 'https://images.unsplash.com/photo-1522673607200-164d1b6ce2d2?w=800', 'service_image', NULL, NULL, NULL, NULL, NULL, 'f'), ('0fc3c5f0-0697-5478-afe7-db9ff8bb3627', DEFAULT, 'https://images.unsplash.com/photo-1522673607200-164d1b6ce2d2?w=800', 'service_image', NULL, NULL, NULL, NULL, NULL, 'f');
UPDATE public.media SET service_id = 'b7d36b38-fe23-5e84-a721-275f656c2211' WHERE id = 'ffa1d57c-d320-5352-8f32-f2e9554026ff';
UPDATE public.media SET service_id = 'b7d36b38-fe23-5e84-a721-275f656c2211' WHERE id = '8f3c3853-7ee4-508b-b574-02c6eb2d092c';
UPDATE public.media SET service_id = 'b7d36b38-fe23-5e84-a721-275f656c2211' WHERE id = '250f6618-eb05-581e-af34-d9e6ac6fd5a9';
UPDATE public.media SET service_id = 'b7d36b38-fe23-5e84-a721-275f656c2211' WHERE id = '0fc3c5f0-0697-5478-afe7-db9ff8bb3627';
-- Using 3 curated images for service: Føn og styling
INSERT INTO public.media (id,created_at,file_path,media_type,chat_message_id,service_id,owner_id,application_id,review_id,is_preview_image) VALUES ('7f08a7be-050a-56b0-af27-9543091cbc31', DEFAULT, 'https://images.unsplash.com/photo-1594736797933-d0f71d2d7222?w=800', 'service_image', NULL, NULL, NULL, NULL, NULL, 't'), ('f7a38747-2005-5f78-89ed-16f764a33f90', DEFAULT, 'https://images.unsplash.com/photo-1469371670807-013ccf25f16a?w=800', 'service_image', NULL, NULL, NULL, NULL, NULL, 'f'), ('e32e3af4-7445-587e-b2db-2ad4441fc3e0', DEFAULT, 'https://images.unsplash.com/photo-1469371670807-013ccf25f16a?w=800', 'service_image', NULL, NULL, NULL, NULL, NULL, 'f');
UPDATE public.media SET service_id = 'e2a5feea-e90d-5eb7-9c72-fef6ba325faf' WHERE id = '7f08a7be-050a-56b0-af27-9543091cbc31';
UPDATE public.media SET service_id = 'e2a5feea-e90d-5eb7-9c72-fef6ba325faf' WHERE id = 'f7a38747-2005-5f78-89ed-16f764a33f90';
UPDATE public.media SET service_id = 'e2a5feea-e90d-5eb7-9c72-fef6ba325faf' WHERE id = 'e32e3af4-7445-587e-b2db-2ad4441fc3e0';
-- Using 5 curated images for service: Festmakeup
INSERT INTO public.media (id,created_at,file_path,media_type,chat_message_id,service_id,owner_id,application_id,review_id,is_preview_image) VALUES ('06315235-546c-572e-a9f9-30c0237555a3', DEFAULT, 'https://images.unsplash.com/photo-1511285560929-80b456fea0bc?w=800', 'service_image', NULL, NULL, NULL, NULL, NULL, 't'), ('78d0ebb1-8bb4-555b-867a-10a0ad65b7ae', DEFAULT, 'https://images.unsplash.com/photo-1469371670807-013ccf25f16a?w=800', 'service_image', NULL, NULL, NULL, NULL, NULL, 'f'), ('1d9965ed-a594-556f-9851-e40f0da59c6b', DEFAULT, 'https://images.unsplash.com/photo-1522673607200-164d1b6ce2d2?w=800', 'service_image', NULL, NULL, NULL, NULL, NULL, 'f'), ('7b2bb42f-958b-5fa7-ba2e-9fc2288c166d', DEFAULT, 'https://images.unsplash.com/photo-1522673607200-164d1b6ce2d2?w=800', 'service_image', NULL, NULL, NULL, NULL, NULL, 'f'), ('c999faa4-86f8-5235-aad5-10d772279b27', DEFAULT, 'https://images.unsplash.com/photo-1627916607164-7b20241db935?w=800', 'service_image', NULL, NULL, NULL, NULL, NULL, 'f');
UPDATE public.media SET service_id = 'aa0cf64c-2fee-545b-8b01-85b1642cc444' WHERE id = '06315235-546c-572e-a9f9-30c0237555a3';
UPDATE public.media SET service_id = 'aa0cf64c-2fee-545b-8b01-85b1642cc444' WHERE id = '78d0ebb1-8bb4-555b-867a-10a0ad65b7ae';
UPDATE public.media SET service_id = 'aa0cf64c-2fee-545b-8b01-85b1642cc444' WHERE id = '1d9965ed-a594-556f-9851-e40f0da59c6b';
UPDATE public.media SET service_id = 'aa0cf64c-2fee-545b-8b01-85b1642cc444' WHERE id = '7b2bb42f-958b-5fa7-ba2e-9fc2288c166d';
UPDATE public.media SET service_id = 'aa0cf64c-2fee-545b-8b01-85b1642cc444' WHERE id = 'c999faa4-86f8-5235-aad5-10d772279b27';
-- Using 4 curated images for service: Gellack manikyr
INSERT INTO public.media (id,created_at,file_path,media_type,chat_message_id,service_id,owner_id,application_id,review_id,is_preview_image) VALUES ('4e766a8e-5792-5d3b-b863-8a797ac52b82', DEFAULT, 'https://images.unsplash.com/photo-1571115764595-644a1f56a55c?w=800', 'service_image', NULL, NULL, NULL, NULL, NULL, 't'), ('e0367f80-6b3d-533f-a0c3-26ff8ed12577', DEFAULT, 'https://images.unsplash.com/photo-1511285560929-80b456fea0bc?w=800', 'service_image', NULL, NULL, NULL, NULL, NULL, 'f'), ('75ca8e4b-e100-52f5-b945-91be00baaaca', DEFAULT, 'https://images.unsplash.com/photo-1469371670807-013ccf25f16a?w=800', 'service_image', NULL, NULL, NULL, NULL, NULL, 'f'), ('196650dd-648e-5942-a591-2dc2e41e0355', DEFAULT, 'https://images.unsplash.com/photo-1511285560929-80b456fea0bc?w=800', 'service_image', NULL, NULL, NULL, NULL, NULL, 'f');
UPDATE public.media SET service_id = 'e45210c4-5037-5acd-828e-6a2c7da9a3db' WHERE id = '4e766a8e-5792-5d3b-b863-8a797ac52b82';
UPDATE public.media SET service_id = 'e45210c4-5037-5acd-828e-6a2c7da9a3db' WHERE id = 'e0367f80-6b3d-533f-a0c3-26ff8ed12577';
UPDATE public.media SET service_id = 'e45210c4-5037-5acd-828e-6a2c7da9a3db' WHERE id = '75ca8e4b-e100-52f5-b945-91be00baaaca';
UPDATE public.media SET service_id = 'e45210c4-5037-5acd-828e-6a2c7da9a3db' WHERE id = '196650dd-648e-5942-a591-2dc2e41e0355';
-- Using 3 curated images for service: Makeup kurs
INSERT INTO public.media (id,created_at,file_path,media_type,chat_message_id,service_id,owner_id,application_id,review_id,is_preview_image) VALUES ('89d15c92-4080-5884-9a7f-6114fd02135a', DEFAULT, 'https://images.unsplash.com/photo-1469371670807-013ccf25f16a?w=800', 'service_image', NULL, NULL, NULL, NULL, NULL, 't'), ('ba210db0-7998-593d-a9a9-d625a1ea3d91', DEFAULT, 'https://images.unsplash.com/photo-1571115764595-644a1f56a55c?w=800', 'service_image', NULL, NULL, NULL, NULL, NULL, 'f'), ('dc4c2d8b-10ed-5509-ab14-6ec94a3a457c', DEFAULT, 'https://images.unsplash.com/photo-1594736797933-d0f71d2d7222?w=800', 'service_image', NULL, NULL, NULL, NULL, NULL, 'f');
UPDATE public.media SET service_id = '6a4cd26c-3e74-5e66-8c9d-0a43c0d89298' WHERE id = '89d15c92-4080-5884-9a7f-6114fd02135a';
UPDATE public.media SET service_id = '6a4cd26c-3e74-5e66-8c9d-0a43c0d89298' WHERE id = 'ba210db0-7998-593d-a9a9-d625a1ea3d91';
UPDATE public.media SET service_id = '6a4cd26c-3e74-5e66-8c9d-0a43c0d89298' WHERE id = 'dc4c2d8b-10ed-5509-ab14-6ec94a3a457c';
-- Using 5 curated images for service: Brudemakeup komplett
INSERT INTO public.media (id,created_at,file_path,media_type,chat_message_id,service_id,owner_id,application_id,review_id,is_preview_image) VALUES ('1549fd76-0d76-5da7-ba7c-436a6a9c08d8', DEFAULT, 'https://images.unsplash.com/photo-1562322140-8baeececf3df?w=800', 'service_image', NULL, NULL, NULL, NULL, NULL, 't'), ('1754ae00-b516-59cd-b7fe-55885e3e96d3', DEFAULT, 'https://images.unsplash.com/photo-1562322140-8baeececf3df?w=800', 'service_image', NULL, NULL, NULL, NULL, NULL, 'f'), ('639565f2-67e3-57d3-b891-3df5a1749a0b', DEFAULT, 'https://images.unsplash.com/photo-1605497788044-5a32c7078486?w=800', 'service_image', NULL, NULL, NULL, NULL, NULL, 'f'), ('834441d2-8474-530b-9170-52cb33afff78', DEFAULT, 'https://images.unsplash.com/photo-1562322140-8baeececf3df?w=800', 'service_image', NULL, NULL, NULL, NULL, NULL, 'f'), ('b63833be-9711-501e-b084-341507f18bf3', DEFAULT, 'https://images.unsplash.com/photo-1559599101-f09722fb4948?w=800', 'service_image', NULL, NULL, NULL, NULL, NULL, 'f');
UPDATE public.media SET service_id = '624647d9-add1-5d7f-8000-30a3a9f0fb30' WHERE id = '1549fd76-0d76-5da7-ba7c-436a6a9c08d8';
UPDATE public.media SET service_id = '624647d9-add1-5d7f-8000-30a3a9f0fb30' WHERE id = '1754ae00-b516-59cd-b7fe-55885e3e96d3';
UPDATE public.media SET service_id = '624647d9-add1-5d7f-8000-30a3a9f0fb30' WHERE id = '639565f2-67e3-57d3-b891-3df5a1749a0b';
UPDATE public.media SET service_id = '624647d9-add1-5d7f-8000-30a3a9f0fb30' WHERE id = '834441d2-8474-530b-9170-52cb33afff78';
UPDATE public.media SET service_id = '624647d9-add1-5d7f-8000-30a3a9f0fb30' WHERE id = 'b63833be-9711-501e-b084-341507f18bf3';
-- Using 3 curated images for service: Brude makeup 2
INSERT INTO public.media (id,created_at,file_path,media_type,chat_message_id,service_id,owner_id,application_id,review_id,is_preview_image) VALUES ('82d19f5b-90fc-587d-b2a4-fc43c8a049d4', DEFAULT, 'https://images.unsplash.com/photo-1521590832167-7bcbfaa6381f?w=800', 'service_image', NULL, NULL, NULL, NULL, NULL, 't'), ('dacf3702-ef5c-531f-943c-3c3e85976089', DEFAULT, 'https://images.unsplash.com/photo-1605497788044-5a32c7078486?w=800', 'service_image', NULL, NULL, NULL, NULL, NULL, 'f'), ('047cd6a6-7569-5fc8-9c8e-94cfc57e2560', DEFAULT, 'https://images.unsplash.com/photo-1522337360788-8b13dee7a37e?w=800', 'service_image', NULL, NULL, NULL, NULL, NULL, 'f');
UPDATE public.media SET service_id = 'afd953ad-7147-5563-9533-021001caf7a2' WHERE id = '82d19f5b-90fc-587d-b2a4-fc43c8a049d4';
UPDATE public.media SET service_id = 'afd953ad-7147-5563-9533-021001caf7a2' WHERE id = 'dacf3702-ef5c-531f-943c-3c3e85976089';
UPDATE public.media SET service_id = 'afd953ad-7147-5563-9533-021001caf7a2' WHERE id = '047cd6a6-7569-5fc8-9c8e-94cfc57e2560';
-- Using 3 curated images for service: Balayage farge 2
INSERT INTO public.media (id,created_at,file_path,media_type,chat_message_id,service_id,owner_id,application_id,review_id,is_preview_image) VALUES ('68eac837-812e-5b90-ab7b-7621d9be9dd1', DEFAULT, 'https://images.unsplash.com/photo-1521590832167-7bcbfaa6381f?w=800', 'service_image', NULL, NULL, NULL, NULL, NULL, 't'), ('71690ec3-dfa5-52ad-a8fd-90d1c27529ed', DEFAULT, 'https://images.unsplash.com/photo-1522337360788-8b13dee7a37e?w=800', 'service_image', NULL, NULL, NULL, NULL, NULL, 'f'), ('d00e7651-54f8-5135-b46c-f528a3c51efb', DEFAULT, 'https://images.unsplash.com/photo-1521590832167-7bcbfaa6381f?w=800', 'service_image', NULL, NULL, NULL, NULL, NULL, 'f');
UPDATE public.media SET service_id = '14178b43-5f90-51e4-b62a-dd642da598f8' WHERE id = '68eac837-812e-5b90-ab7b-7621d9be9dd1';
UPDATE public.media SET service_id = '14178b43-5f90-51e4-b62a-dd642da598f8' WHERE id = '71690ec3-dfa5-52ad-a8fd-90d1c27529ed';
UPDATE public.media SET service_id = '14178b43-5f90-51e4-b62a-dd642da598f8' WHERE id = 'd00e7651-54f8-5135-b46c-f528a3c51efb';
-- Using 5 curated images for service: Brynslaminering 2
INSERT INTO public.media (id,created_at,file_path,media_type,chat_message_id,service_id,owner_id,application_id,review_id,is_preview_image) VALUES ('33d73994-7c98-52ac-9076-7cf8262bf9f0', DEFAULT, 'https://images.unsplash.com/photo-1559599101-f09722fb4948?w=800', 'service_image', NULL, NULL, NULL, NULL, NULL, 't'), ('516aaba4-60aa-553e-8dec-62306a0f3947', DEFAULT, 'https://images.unsplash.com/photo-1521590832167-7bcbfaa6381f?w=800', 'service_image', NULL, NULL, NULL, NULL, NULL, 'f'), ('aade0491-fe56-51ae-a8b4-0f59a64bf8d4', DEFAULT, 'https://images.unsplash.com/photo-1521590832167-7bcbfaa6381f?w=800', 'service_image', NULL, NULL, NULL, NULL, NULL, 'f'), ('67efc638-40c7-5c82-b9c3-6b28e4396133', DEFAULT, 'https://images.unsplash.com/photo-1562322140-8baeececf3df?w=800', 'service_image', NULL, NULL, NULL, NULL, NULL, 'f'), ('3e4d5d7f-95ca-510c-b318-64ceb953ea12', DEFAULT, 'https://images.unsplash.com/photo-1562322140-8baeececf3df?w=800', 'service_image', NULL, NULL, NULL, NULL, NULL, 'f');
UPDATE public.media SET service_id = '1d2359fd-6f1f-5243-864d-5695b37743eb' WHERE id = '33d73994-7c98-52ac-9076-7cf8262bf9f0';
UPDATE public.media SET service_id = '1d2359fd-6f1f-5243-864d-5695b37743eb' WHERE id = '516aaba4-60aa-553e-8dec-62306a0f3947';
UPDATE public.media SET service_id = '1d2359fd-6f1f-5243-864d-5695b37743eb' WHERE id = 'aade0491-fe56-51ae-a8b4-0f59a64bf8d4';
UPDATE public.media SET service_id = '1d2359fd-6f1f-5243-864d-5695b37743eb' WHERE id = '67efc638-40c7-5c82-b9c3-6b28e4396133';
UPDATE public.media SET service_id = '1d2359fd-6f1f-5243-864d-5695b37743eb' WHERE id = '3e4d5d7f-95ca-510c-b318-64ceb953ea12';
-- Using 4 curated images for service: Vippelift 2
INSERT INTO public.media (id,created_at,file_path,media_type,chat_message_id,service_id,owner_id,application_id,review_id,is_preview_image) VALUES ('95b7bc15-81b0-554d-a5c1-a52bde8e1a46', DEFAULT, 'https://images.unsplash.com/photo-1562322140-8baeececf3df?w=800', 'service_image', NULL, NULL, NULL, NULL, NULL, 't'), ('f3f8f977-fee9-512c-9c40-fc3a04d6bd7f', DEFAULT, 'https://images.unsplash.com/photo-1522337360788-8b13dee7a37e?w=800', 'service_image', NULL, NULL, NULL, NULL, NULL, 'f'), ('3f87735d-a733-5738-93a2-1a91d6f59374', DEFAULT, 'https://images.unsplash.com/photo-1562322140-8baeececf3df?w=800', 'service_image', NULL, NULL, NULL, NULL, NULL, 'f'), ('50d92044-ab96-5355-922b-099a5ce20f35', DEFAULT, 'https://images.unsplash.com/photo-1605497788044-5a32c7078486?w=800', 'service_image', NULL, NULL, NULL, NULL, NULL, 'f');
UPDATE public.media SET service_id = '2a5d49d3-142c-57e5-9270-678f4722bb75' WHERE id = '95b7bc15-81b0-554d-a5c1-a52bde8e1a46';
UPDATE public.media SET service_id = '2a5d49d3-142c-57e5-9270-678f4722bb75' WHERE id = 'f3f8f977-fee9-512c-9c40-fc3a04d6bd7f';
UPDATE public.media SET service_id = '2a5d49d3-142c-57e5-9270-678f4722bb75' WHERE id = '3f87735d-a733-5738-93a2-1a91d6f59374';
UPDATE public.media SET service_id = '2a5d49d3-142c-57e5-9270-678f4722bb75' WHERE id = '50d92044-ab96-5355-922b-099a5ce20f35';
-- Using 3 curated images for service: Bryllupsgjester styling 2
INSERT INTO public.media (id,created_at,file_path,media_type,chat_message_id,service_id,owner_id,application_id,review_id,is_preview_image) VALUES ('c5f2784a-d9b0-5677-a05a-3b12bd405a27', DEFAULT, 'https://images.unsplash.com/photo-1522337360788-8b13dee7a37e?w=800', 'service_image', NULL, NULL, NULL, NULL, NULL, 't'), ('0603e387-3eb9-5591-bfca-efd46f65ab9f', DEFAULT, 'https://images.unsplash.com/photo-1562322140-8baeececf3df?w=800', 'service_image', NULL, NULL, NULL, NULL, NULL, 'f'), ('3748e41b-71c4-5799-a427-8e13a3510bb5', DEFAULT, 'https://images.unsplash.com/photo-1521590832167-7bcbfaa6381f?w=800', 'service_image', NULL, NULL, NULL, NULL, NULL, 'f');
UPDATE public.media SET service_id = 'b50cd102-29cf-5eae-88fc-400d1de89af3' WHERE id = 'c5f2784a-d9b0-5677-a05a-3b12bd405a27';
UPDATE public.media SET service_id = 'b50cd102-29cf-5eae-88fc-400d1de89af3' WHERE id = '0603e387-3eb9-5591-bfca-efd46f65ab9f';
UPDATE public.media SET service_id = 'b50cd102-29cf-5eae-88fc-400d1de89af3' WHERE id = '3748e41b-71c4-5799-a427-8e13a3510bb5';
-- Using 3 curated images for service: Dameklipp 2
INSERT INTO public.media (id,created_at,file_path,media_type,chat_message_id,service_id,owner_id,application_id,review_id,is_preview_image) VALUES ('ad7c9a3e-a191-5358-88af-121b6d4dd331', DEFAULT, 'https://images.unsplash.com/photo-1562322140-8baeececf3df?w=800', 'service_image', NULL, NULL, NULL, NULL, NULL, 't'), ('0ca9a937-a2d1-5fac-ad39-31b8eb12bdd4', DEFAULT, 'https://images.unsplash.com/photo-1521590832167-7bcbfaa6381f?w=800', 'service_image', NULL, NULL, NULL, NULL, NULL, 'f'), ('faa59697-d61e-56af-8e2c-20535c3b9849', DEFAULT, 'https://images.unsplash.com/photo-1605497788044-5a32c7078486?w=800', 'service_image', NULL, NULL, NULL, NULL, NULL, 'f');
UPDATE public.media SET service_id = 'dc966564-92f1-506b-ba19-7d7bb1f740ab' WHERE id = 'ad7c9a3e-a191-5358-88af-121b6d4dd331';
UPDATE public.media SET service_id = 'dc966564-92f1-506b-ba19-7d7bb1f740ab' WHERE id = '0ca9a937-a2d1-5fac-ad39-31b8eb12bdd4';
UPDATE public.media SET service_id = 'dc966564-92f1-506b-ba19-7d7bb1f740ab' WHERE id = 'faa59697-d61e-56af-8e2c-20535c3b9849';
-- Using 4 curated images for service: Hybrid vipper 2
INSERT INTO public.media (id,created_at,file_path,media_type,chat_message_id,service_id,owner_id,application_id,review_id,is_preview_image) VALUES ('b767b8f5-5c3f-55e8-bfa1-7878807add66', DEFAULT, 'https://images.unsplash.com/photo-1522337360788-8b13dee7a37e?w=800', 'service_image', NULL, NULL, NULL, NULL, NULL, 't'), ('7b6e31db-cbe3-5707-9dc8-d59d744b3320', DEFAULT, 'https://images.unsplash.com/photo-1521590832167-7bcbfaa6381f?w=800', 'service_image', NULL, NULL, NULL, NULL, NULL, 'f'), ('901e5a2b-a898-5a77-b1c5-d2c159e7ff02', DEFAULT, 'https://images.unsplash.com/photo-1522337360788-8b13dee7a37e?w=800', 'service_image', NULL, NULL, NULL, NULL, NULL, 'f'), ('58360937-f1e9-5ac9-bd18-ee51a8bc8ef1', DEFAULT, 'https://images.unsplash.com/photo-1605497788044-5a32c7078486?w=800', 'service_image', NULL, NULL, NULL, NULL, NULL, 'f');
UPDATE public.media SET service_id = '17e51b1a-6cc8-5fb8-a298-f35c9601008c' WHERE id = 'b767b8f5-5c3f-55e8-bfa1-7878807add66';
UPDATE public.media SET service_id = '17e51b1a-6cc8-5fb8-a298-f35c9601008c' WHERE id = '7b6e31db-cbe3-5707-9dc8-d59d744b3320';
UPDATE public.media SET service_id = '17e51b1a-6cc8-5fb8-a298-f35c9601008c' WHERE id = '901e5a2b-a898-5a77-b1c5-d2c159e7ff02';
UPDATE public.media SET service_id = '17e51b1a-6cc8-5fb8-a298-f35c9601008c' WHERE id = '58360937-f1e9-5ac9-bd18-ee51a8bc8ef1';
-- Using 3 curated images for service: Makeup kurs 2
INSERT INTO public.media (id,created_at,file_path,media_type,chat_message_id,service_id,owner_id,application_id,review_id,is_preview_image) VALUES ('7a811e17-5e95-58b0-8365-3be08e5e6a3a', DEFAULT, 'https://images.unsplash.com/photo-1604654894610-df63bc536371?w=800', 'service_image', NULL, NULL, NULL, NULL, NULL, 't'), ('7fb5540f-721b-5810-a31a-d8a13fa9bb03', DEFAULT, 'https://images.unsplash.com/photo-1607779097040-26e80aa78e66?w=800', 'service_image', NULL, NULL, NULL, NULL, NULL, 'f'), ('93f0ceba-2fd6-534c-967f-f78a2fb741f1', DEFAULT, 'https://images.unsplash.com/photo-1595476108010-b4d1f102b1b1?w=800', 'service_image', NULL, NULL, NULL, NULL, NULL, 'f');
UPDATE public.media SET service_id = '22bf4307-d5a9-538a-bcf4-909f5a7e33dc' WHERE id = '7a811e17-5e95-58b0-8365-3be08e5e6a3a';
UPDATE public.media SET service_id = '22bf4307-d5a9-538a-bcf4-909f5a7e33dc' WHERE id = '7fb5540f-721b-5810-a31a-d8a13fa9bb03';
UPDATE public.media SET service_id = '22bf4307-d5a9-538a-bcf4-909f5a7e33dc' WHERE id = '93f0ceba-2fd6-534c-967f-f78a2fb741f1';
-- Using 3 curated images for service: Dagsmakeup 2
INSERT INTO public.media (id,created_at,file_path,media_type,chat_message_id,service_id,owner_id,application_id,review_id,is_preview_image) VALUES ('1cb3f8ac-72b9-5df4-b0be-720b2ea0bc83', DEFAULT, 'https://images.unsplash.com/photo-1563401289-e8010d13da76?w=800', 'service_image', NULL, NULL, NULL, NULL, NULL, 't'), ('5d41584c-0d8d-5034-9822-4896718cdaea', DEFAULT, 'https://images.unsplash.com/photo-1610992015732-2449b76344bc?w=800', 'service_image', NULL, NULL, NULL, NULL, NULL, 'f'), ('bef5fcee-1597-5bff-beb9-e6570a112297', DEFAULT, 'https://images.unsplash.com/photo-1563401289-e8010d13da76?w=800', 'service_image', NULL, NULL, NULL, NULL, NULL, 'f');
UPDATE public.media SET service_id = 'cce76ede-998c-52d2-903b-cbf19c7747a8' WHERE id = '1cb3f8ac-72b9-5df4-b0be-720b2ea0bc83';
UPDATE public.media SET service_id = 'cce76ede-998c-52d2-903b-cbf19c7747a8' WHERE id = '5d41584c-0d8d-5034-9822-4896718cdaea';
UPDATE public.media SET service_id = 'cce76ede-998c-52d2-903b-cbf19c7747a8' WHERE id = 'bef5fcee-1597-5bff-beb9-e6570a112297';
-- Using 5 curated images for service: Dameklipp 2
INSERT INTO public.media (id,created_at,file_path,media_type,chat_message_id,service_id,owner_id,application_id,review_id,is_preview_image) VALUES ('a308fbcd-2830-5864-ac0c-33d945bd903e', DEFAULT, 'https://images.unsplash.com/photo-1610992015732-2449b76344bc?w=800', 'service_image', NULL, NULL, NULL, NULL, NULL, 't'), ('9ebc59c6-5ffb-521f-88c9-161cf237d699', DEFAULT, 'https://images.unsplash.com/photo-1607779097040-26e80aa78e66?w=800', 'service_image', NULL, NULL, NULL, NULL, NULL, 'f'), ('b7f9743c-9536-5df0-9456-3778015eac6d', DEFAULT, 'https://images.unsplash.com/photo-1563401289-e8010d13da76?w=800', 'service_image', NULL, NULL, NULL, NULL, NULL, 'f'), ('c850d84e-2cea-5aa5-8ea6-5fd1b0c16311', DEFAULT, 'https://images.unsplash.com/photo-1595476108010-b4d1f102b1b1?w=800', 'service_image', NULL, NULL, NULL, NULL, NULL, 'f'), ('d33dec6e-2849-574b-b06d-b8e6d6e75b2a', DEFAULT, 'https://images.unsplash.com/photo-1563401289-e8010d13da76?w=800', 'service_image', NULL, NULL, NULL, NULL, NULL, 'f');
UPDATE public.media SET service_id = 'a880eacd-2ef3-5f96-a387-1e4129739d58' WHERE id = 'a308fbcd-2830-5864-ac0c-33d945bd903e';
UPDATE public.media SET service_id = 'a880eacd-2ef3-5f96-a387-1e4129739d58' WHERE id = '9ebc59c6-5ffb-521f-88c9-161cf237d699';
UPDATE public.media SET service_id = 'a880eacd-2ef3-5f96-a387-1e4129739d58' WHERE id = 'b7f9743c-9536-5df0-9456-3778015eac6d';
UPDATE public.media SET service_id = 'a880eacd-2ef3-5f96-a387-1e4129739d58' WHERE id = 'c850d84e-2cea-5aa5-8ea6-5fd1b0c16311';
UPDATE public.media SET service_id = 'a880eacd-2ef3-5f96-a387-1e4129739d58' WHERE id = 'd33dec6e-2849-574b-b06d-b8e6d6e75b2a';
-- Using 4 curated images for service: Makeup kurs 2
INSERT INTO public.media (id,created_at,file_path,media_type,chat_message_id,service_id,owner_id,application_id,review_id,is_preview_image) VALUES ('e754587a-7d61-5f8e-934e-52b25e1703f0', DEFAULT, 'https://images.unsplash.com/photo-1563401289-e8010d13da76?w=800', 'service_image', NULL, NULL, NULL, NULL, NULL, 't'), ('51e4fc9e-212e-506a-8d8d-2ee021ffb948', DEFAULT, 'https://images.unsplash.com/photo-1595476108010-b4d1f102b1b1?w=800', 'service_image', NULL, NULL, NULL, NULL, NULL, 'f'), ('1707cca2-57ad-582a-8c22-e116776fafa1', DEFAULT, 'https://images.unsplash.com/photo-1610992015732-2449b76344bc?w=800', 'service_image', NULL, NULL, NULL, NULL, NULL, 'f'), ('dc7a9cb6-d87e-595b-8173-1d4422097bac', DEFAULT, 'https://images.unsplash.com/photo-1563401289-e8010d13da76?w=800', 'service_image', NULL, NULL, NULL, NULL, NULL, 'f');
UPDATE public.media SET service_id = 'cc8895a3-c3b1-570a-9715-0e5f7037db58' WHERE id = 'e754587a-7d61-5f8e-934e-52b25e1703f0';
UPDATE public.media SET service_id = 'cc8895a3-c3b1-570a-9715-0e5f7037db58' WHERE id = '51e4fc9e-212e-506a-8d8d-2ee021ffb948';
UPDATE public.media SET service_id = 'cc8895a3-c3b1-570a-9715-0e5f7037db58' WHERE id = '1707cca2-57ad-582a-8c22-e116776fafa1';
UPDATE public.media SET service_id = 'cc8895a3-c3b1-570a-9715-0e5f7037db58' WHERE id = 'dc7a9cb6-d87e-595b-8173-1d4422097bac';
-- Using 4 curated images for service: Gellack med design 2
INSERT INTO public.media (id,created_at,file_path,media_type,chat_message_id,service_id,owner_id,application_id,review_id,is_preview_image) VALUES ('7164d1bd-f39b-5d9a-8dd6-06d70d866a82', DEFAULT, 'https://images.unsplash.com/photo-1595476108010-b4d1f102b1b1?w=800', 'service_image', NULL, NULL, NULL, NULL, NULL, 't'), ('8478a71d-ef97-52e2-a397-f7e9e9dfe3bc', DEFAULT, 'https://images.unsplash.com/photo-1595476108010-b4d1f102b1b1?w=800', 'service_image', NULL, NULL, NULL, NULL, NULL, 'f'), ('9c84ac0d-4fcb-5543-b37e-cb630d5d37bd', DEFAULT, 'https://images.unsplash.com/photo-1610992015732-2449b76344bc?w=800', 'service_image', NULL, NULL, NULL, NULL, NULL, 'f'), ('66cc2da9-0aba-57b4-8869-da93aab9078b', DEFAULT, 'https://images.unsplash.com/photo-1610992015732-2449b76344bc?w=800', 'service_image', NULL, NULL, NULL, NULL, NULL, 'f');
UPDATE public.media SET service_id = 'db7cae9b-8f33-58bd-9446-2b7e4f35612c' WHERE id = '7164d1bd-f39b-5d9a-8dd6-06d70d866a82';
UPDATE public.media SET service_id = 'db7cae9b-8f33-58bd-9446-2b7e4f35612c' WHERE id = '8478a71d-ef97-52e2-a397-f7e9e9dfe3bc';
UPDATE public.media SET service_id = 'db7cae9b-8f33-58bd-9446-2b7e4f35612c' WHERE id = '9c84ac0d-4fcb-5543-b37e-cb630d5d37bd';
UPDATE public.media SET service_id = 'db7cae9b-8f33-58bd-9446-2b7e4f35612c' WHERE id = '66cc2da9-0aba-57b4-8869-da93aab9078b';
-- Using 5 curated images for service: Brudesminke prøve 2
INSERT INTO public.media (id,created_at,file_path,media_type,chat_message_id,service_id,owner_id,application_id,review_id,is_preview_image) VALUES ('89dfde93-4eb0-5e95-8172-a852803bf56f', DEFAULT, 'https://images.unsplash.com/photo-1563401289-e8010d13da76?w=800', 'service_image', NULL, NULL, NULL, NULL, NULL, 't'), ('b4d88b4e-0925-5f86-96f6-2374b2fe0197', DEFAULT, 'https://images.unsplash.com/photo-1563401289-e8010d13da76?w=800', 'service_image', NULL, NULL, NULL, NULL, NULL, 'f'), ('cbced664-5c66-58af-a010-c7e811c8360d', DEFAULT, 'https://images.unsplash.com/photo-1563401289-e8010d13da76?w=800', 'service_image', NULL, NULL, NULL, NULL, NULL, 'f'), ('6646259c-a590-5e21-b65e-5c8413ebd4bc', DEFAULT, 'https://images.unsplash.com/photo-1607779097040-26e80aa78e66?w=800', 'service_image', NULL, NULL, NULL, NULL, NULL, 'f'), ('a2ed0f64-509e-5921-aec3-61475b5d4ca2', DEFAULT, 'https://images.unsplash.com/photo-1610992015732-2449b76344bc?w=800', 'service_image', NULL, NULL, NULL, NULL, NULL, 'f');
UPDATE public.media SET service_id = 'bfada96a-f22b-520d-a8a5-2a69720d77cb' WHERE id = '89dfde93-4eb0-5e95-8172-a852803bf56f';
UPDATE public.media SET service_id = 'bfada96a-f22b-520d-a8a5-2a69720d77cb' WHERE id = 'b4d88b4e-0925-5f86-96f6-2374b2fe0197';
UPDATE public.media SET service_id = 'bfada96a-f22b-520d-a8a5-2a69720d77cb' WHERE id = 'cbced664-5c66-58af-a010-c7e811c8360d';
UPDATE public.media SET service_id = 'bfada96a-f22b-520d-a8a5-2a69720d77cb' WHERE id = '6646259c-a590-5e21-b65e-5c8413ebd4bc';
UPDATE public.media SET service_id = 'bfada96a-f22b-520d-a8a5-2a69720d77cb' WHERE id = 'a2ed0f64-509e-5921-aec3-61475b5d4ca2';
-- Using 4 curated images for service: Vippelift 2
INSERT INTO public.media (id,created_at,file_path,media_type,chat_message_id,service_id,owner_id,application_id,review_id,is_preview_image) VALUES ('e34ec168-96c7-58fd-aad5-ae69f7ceb31d', DEFAULT, 'https://images.unsplash.com/photo-1610992015732-2449b76344bc?w=800', 'service_image', NULL, NULL, NULL, NULL, NULL, 't'), ('56f5e3f3-5a03-5cff-be54-c57d60090523', DEFAULT, 'https://images.unsplash.com/photo-1610992015732-2449b76344bc?w=800', 'service_image', NULL, NULL, NULL, NULL, NULL, 'f'), ('70f8be8b-11c9-5a4a-a1f3-8c85a9b65295', DEFAULT, 'https://images.unsplash.com/photo-1563401289-e8010d13da76?w=800', 'service_image', NULL, NULL, NULL, NULL, NULL, 'f'), ('d447d614-fd28-559f-946e-301c5cc0767d', DEFAULT, 'https://images.unsplash.com/photo-1595476108010-b4d1f102b1b1?w=800', 'service_image', NULL, NULL, NULL, NULL, NULL, 'f');
UPDATE public.media SET service_id = 'b7cfbb6f-5f3b-51a2-8f67-556f8e8bb547' WHERE id = 'e34ec168-96c7-58fd-aad5-ae69f7ceb31d';
UPDATE public.media SET service_id = 'b7cfbb6f-5f3b-51a2-8f67-556f8e8bb547' WHERE id = '56f5e3f3-5a03-5cff-be54-c57d60090523';
UPDATE public.media SET service_id = 'b7cfbb6f-5f3b-51a2-8f67-556f8e8bb547' WHERE id = '70f8be8b-11c9-5a4a-a1f3-8c85a9b65295';
UPDATE public.media SET service_id = 'b7cfbb6f-5f3b-51a2-8f67-556f8e8bb547' WHERE id = 'd447d614-fd28-559f-946e-301c5cc0767d';
-- Using 4 curated images for service: Gellack manikyr 2
INSERT INTO public.media (id,created_at,file_path,media_type,chat_message_id,service_id,owner_id,application_id,review_id,is_preview_image) VALUES ('aefc3f87-88a9-5aa7-a690-147663cc6f66', DEFAULT, 'https://images.unsplash.com/photo-1512496015851-a90fb38ba796?w=800', 'service_image', NULL, NULL, NULL, NULL, NULL, 't'), ('ef47c812-1e90-53ea-a974-389402864d3f', DEFAULT, 'https://images.unsplash.com/photo-1596462502278-27bfdc403348?w=800', 'service_image', NULL, NULL, NULL, NULL, NULL, 'f'), ('24819597-2a2e-57b1-90c1-f90b8c10d01e', DEFAULT, 'https://images.unsplash.com/photo-1583001931096-959e9a1a6223?w=800', 'service_image', NULL, NULL, NULL, NULL, NULL, 'f'), ('a81f5915-d5bf-5029-a41d-cdb2963ab0e6', DEFAULT, 'https://images.unsplash.com/photo-1583001931096-959e9a1a6223?w=800', 'service_image', NULL, NULL, NULL, NULL, NULL, 'f');
UPDATE public.media SET service_id = 'ecbea8f6-b213-57b5-811c-b7261694ffa4' WHERE id = 'aefc3f87-88a9-5aa7-a690-147663cc6f66';
UPDATE public.media SET service_id = 'ecbea8f6-b213-57b5-811c-b7261694ffa4' WHERE id = 'ef47c812-1e90-53ea-a974-389402864d3f';
UPDATE public.media SET service_id = 'ecbea8f6-b213-57b5-811c-b7261694ffa4' WHERE id = '24819597-2a2e-57b1-90c1-f90b8c10d01e';
UPDATE public.media SET service_id = 'ecbea8f6-b213-57b5-811c-b7261694ffa4' WHERE id = 'a81f5915-d5bf-5029-a41d-cdb2963ab0e6';
-- Using 5 curated images for service: Dameklipp 2
INSERT INTO public.media (id,created_at,file_path,media_type,chat_message_id,service_id,owner_id,application_id,review_id,is_preview_image) VALUES ('4fd92da5-57f0-57e2-92d3-112833be5ffd', DEFAULT, 'https://images.unsplash.com/photo-1596462502278-27bfdc403348?w=800', 'service_image', NULL, NULL, NULL, NULL, NULL, 't'), ('e37c2719-bc2c-5cd4-ba41-297260c2b2a5', DEFAULT, 'https://images.unsplash.com/photo-1512496015851-a90fb38ba796?w=800', 'service_image', NULL, NULL, NULL, NULL, NULL, 'f'), ('4d885f51-0619-55e2-85a4-e05c67041374', DEFAULT, 'https://images.unsplash.com/photo-1512496015851-a90fb38ba796?w=800', 'service_image', NULL, NULL, NULL, NULL, NULL, 'f'), ('4db44e77-9b54-5890-a390-f1f63a9408ca', DEFAULT, 'https://images.unsplash.com/photo-1583001931096-959e9a1a6223?w=800', 'service_image', NULL, NULL, NULL, NULL, NULL, 'f'), ('164fe3cc-5a5d-537c-9c1a-560d7d04385b', DEFAULT, 'https://images.unsplash.com/photo-1512496015851-a90fb38ba796?w=800', 'service_image', NULL, NULL, NULL, NULL, NULL, 'f');
UPDATE public.media SET service_id = 'e120ba0e-3be9-5f1c-bd06-ba190e8d0b70' WHERE id = '4fd92da5-57f0-57e2-92d3-112833be5ffd';
UPDATE public.media SET service_id = 'e120ba0e-3be9-5f1c-bd06-ba190e8d0b70' WHERE id = 'e37c2719-bc2c-5cd4-ba41-297260c2b2a5';
UPDATE public.media SET service_id = 'e120ba0e-3be9-5f1c-bd06-ba190e8d0b70' WHERE id = '4d885f51-0619-55e2-85a4-e05c67041374';
UPDATE public.media SET service_id = 'e120ba0e-3be9-5f1c-bd06-ba190e8d0b70' WHERE id = '4db44e77-9b54-5890-a390-f1f63a9408ca';
UPDATE public.media SET service_id = 'e120ba0e-3be9-5f1c-bd06-ba190e8d0b70' WHERE id = '164fe3cc-5a5d-537c-9c1a-560d7d04385b';
-- Using 5 curated images for service: Akryl negler 2
INSERT INTO public.media (id,created_at,file_path,media_type,chat_message_id,service_id,owner_id,application_id,review_id,is_preview_image) VALUES ('73a63871-4637-50f7-a8cf-a17686c7dc5b', DEFAULT, 'https://images.unsplash.com/photo-1487412947147-5cebf100ffc2?w=800', 'service_image', NULL, NULL, NULL, NULL, NULL, 't'), ('bd127772-a4de-5b6a-93d8-8fb1c0b93210', DEFAULT, 'https://images.unsplash.com/photo-1522338140262-f46f5913618c?w=800', 'service_image', NULL, NULL, NULL, NULL, NULL, 'f'), ('ba622eeb-0858-5882-99a0-b62b53c8cb6e', DEFAULT, 'https://images.unsplash.com/photo-1512496015851-a90fb38ba796?w=800', 'service_image', NULL, NULL, NULL, NULL, NULL, 'f'), ('9f536c34-de80-504a-8dbc-3a1bd227b175', DEFAULT, 'https://images.unsplash.com/photo-1522338140262-f46f5913618c?w=800', 'service_image', NULL, NULL, NULL, NULL, NULL, 'f'), ('3b0ac95d-98b8-511b-9d8c-4d98b3c8d72a', DEFAULT, 'https://images.unsplash.com/photo-1583001931096-959e9a1a6223?w=800', 'service_image', NULL, NULL, NULL, NULL, NULL, 'f');
UPDATE public.media SET service_id = '01386236-4a58-58c4-bc9b-b62296d5b0c8' WHERE id = '73a63871-4637-50f7-a8cf-a17686c7dc5b';
UPDATE public.media SET service_id = '01386236-4a58-58c4-bc9b-b62296d5b0c8' WHERE id = 'bd127772-a4de-5b6a-93d8-8fb1c0b93210';
UPDATE public.media SET service_id = '01386236-4a58-58c4-bc9b-b62296d5b0c8' WHERE id = 'ba622eeb-0858-5882-99a0-b62b53c8cb6e';
UPDATE public.media SET service_id = '01386236-4a58-58c4-bc9b-b62296d5b0c8' WHERE id = '9f536c34-de80-504a-8dbc-3a1bd227b175';
UPDATE public.media SET service_id = '01386236-4a58-58c4-bc9b-b62296d5b0c8' WHERE id = '3b0ac95d-98b8-511b-9d8c-4d98b3c8d72a';
-- Using 3 curated images for service: Volum vippeextensions 2
INSERT INTO public.media (id,created_at,file_path,media_type,chat_message_id,service_id,owner_id,application_id,review_id,is_preview_image) VALUES ('38d62570-55e1-5395-a25c-8df93ae10237', DEFAULT, 'https://images.unsplash.com/photo-1512496015851-a90fb38ba796?w=800', 'service_image', NULL, NULL, NULL, NULL, NULL, 't'), ('b6bfab67-d74d-5c7e-9c8e-4cb96b65dcf8', DEFAULT, 'https://images.unsplash.com/photo-1583001931096-959e9a1a6223?w=800', 'service_image', NULL, NULL, NULL, NULL, NULL, 'f'), ('fa9c9937-5a1c-55c3-beb1-47e83e867683', DEFAULT, 'https://images.unsplash.com/photo-1487412947147-5cebf100ffc2?w=800', 'service_image', NULL, NULL, NULL, NULL, NULL, 'f');
UPDATE public.media SET service_id = '588ce9a6-824d-5ecc-ac30-0e0629217186' WHERE id = '38d62570-55e1-5395-a25c-8df93ae10237';
UPDATE public.media SET service_id = '588ce9a6-824d-5ecc-ac30-0e0629217186' WHERE id = 'b6bfab67-d74d-5c7e-9c8e-4cb96b65dcf8';
UPDATE public.media SET service_id = '588ce9a6-824d-5ecc-ac30-0e0629217186' WHERE id = 'fa9c9937-5a1c-55c3-beb1-47e83e867683';
-- Using 5 curated images for service: Dameklipp 2
INSERT INTO public.media (id,created_at,file_path,media_type,chat_message_id,service_id,owner_id,application_id,review_id,is_preview_image) VALUES ('e0a60338-6512-576d-8fd8-d1b2ddc38843', DEFAULT, 'https://images.unsplash.com/photo-1522338140262-f46f5913618c?w=800', 'service_image', NULL, NULL, NULL, NULL, NULL, 't'), ('f94c3b02-aab1-5b06-a504-eb189c659e07', DEFAULT, 'https://images.unsplash.com/photo-1487412947147-5cebf100ffc2?w=800', 'service_image', NULL, NULL, NULL, NULL, NULL, 'f'), ('d3def2a1-d87e-596e-9c6f-6a3ad10d2cb0', DEFAULT, 'https://images.unsplash.com/photo-1522338140262-f46f5913618c?w=800', 'service_image', NULL, NULL, NULL, NULL, NULL, 'f'), ('9919dcf4-5c9f-5eac-bb50-42e422e0f725', DEFAULT, 'https://images.unsplash.com/photo-1512496015851-a90fb38ba796?w=800', 'service_image', NULL, NULL, NULL, NULL, NULL, 'f'), ('933eaeff-27da-5db5-a2ed-b67118faa3f6', DEFAULT, 'https://images.unsplash.com/photo-1522338140262-f46f5913618c?w=800', 'service_image', NULL, NULL, NULL, NULL, NULL, 'f');
UPDATE public.media SET service_id = '0416504c-bc7d-5f0c-ac2f-94736d68799c' WHERE id = 'e0a60338-6512-576d-8fd8-d1b2ddc38843';
UPDATE public.media SET service_id = '0416504c-bc7d-5f0c-ac2f-94736d68799c' WHERE id = 'f94c3b02-aab1-5b06-a504-eb189c659e07';
UPDATE public.media SET service_id = '0416504c-bc7d-5f0c-ac2f-94736d68799c' WHERE id = 'd3def2a1-d87e-596e-9c6f-6a3ad10d2cb0';
UPDATE public.media SET service_id = '0416504c-bc7d-5f0c-ac2f-94736d68799c' WHERE id = '9919dcf4-5c9f-5eac-bb50-42e422e0f725';
UPDATE public.media SET service_id = '0416504c-bc7d-5f0c-ac2f-94736d68799c' WHERE id = '933eaeff-27da-5db5-a2ed-b67118faa3f6';
-- Using 4 curated images for service: Hybrid vipper 2
INSERT INTO public.media (id,created_at,file_path,media_type,chat_message_id,service_id,owner_id,application_id,review_id,is_preview_image) VALUES ('b4cc9532-f0b2-5372-ba47-faae3bd1c6ca', DEFAULT, 'https://images.unsplash.com/photo-1487412947147-5cebf100ffc2?w=800', 'service_image', NULL, NULL, NULL, NULL, NULL, 't'), ('6c74c571-0163-56b4-bdfb-4e7f5ce9822a', DEFAULT, 'https://images.unsplash.com/photo-1596462502278-27bfdc403348?w=800', 'service_image', NULL, NULL, NULL, NULL, NULL, 'f'), ('2ea76bd9-bc83-5921-a5e1-a29e34468e7d', DEFAULT, 'https://images.unsplash.com/photo-1512496015851-a90fb38ba796?w=800', 'service_image', NULL, NULL, NULL, NULL, NULL, 'f'), ('80b23d62-850f-5c1d-97d8-2a399e7606ae', DEFAULT, 'https://images.unsplash.com/photo-1512496015851-a90fb38ba796?w=800', 'service_image', NULL, NULL, NULL, NULL, NULL, 'f');
UPDATE public.media SET service_id = 'ae095deb-f4d1-5a82-93a8-6df231b7cb4c' WHERE id = 'b4cc9532-f0b2-5372-ba47-faae3bd1c6ca';
UPDATE public.media SET service_id = 'ae095deb-f4d1-5a82-93a8-6df231b7cb4c' WHERE id = '6c74c571-0163-56b4-bdfb-4e7f5ce9822a';
UPDATE public.media SET service_id = 'ae095deb-f4d1-5a82-93a8-6df231b7cb4c' WHERE id = '2ea76bd9-bc83-5921-a5e1-a29e34468e7d';
UPDATE public.media SET service_id = 'ae095deb-f4d1-5a82-93a8-6df231b7cb4c' WHERE id = '80b23d62-850f-5c1d-97d8-2a399e7606ae';
-- Using 4 curated images for service: Bryllupsgjester styling 2
INSERT INTO public.media (id,created_at,file_path,media_type,chat_message_id,service_id,owner_id,application_id,review_id,is_preview_image) VALUES ('25f20481-353b-55ae-a8b0-311855682685', DEFAULT, 'https://images.unsplash.com/photo-1571019613454-1cb2f99b2d8b?w=800', 'service_image', NULL, NULL, NULL, NULL, NULL, 't'), ('6aff8bbd-bb3c-5d39-915e-52b22ac416ee', DEFAULT, 'https://images.unsplash.com/photo-1571019613454-1cb2f99b2d8b?w=800', 'service_image', NULL, NULL, NULL, NULL, NULL, 'f'), ('a1562f33-8599-5ad7-a81f-ea34efd325ee', DEFAULT, 'https://images.unsplash.com/photo-1579952363873-27d3bfad9c0d?w=800', 'service_image', NULL, NULL, NULL, NULL, NULL, 'f'), ('cc4aaad0-05a8-5efd-b59c-4b150aea16cd', DEFAULT, 'https://images.unsplash.com/photo-1579952363873-27d3bfad9c0d?w=800', 'service_image', NULL, NULL, NULL, NULL, NULL, 'f');
UPDATE public.media SET service_id = 'b341b4e7-48c7-52a0-b31a-cfc76698083a' WHERE id = '25f20481-353b-55ae-a8b0-311855682685';
UPDATE public.media SET service_id = 'b341b4e7-48c7-52a0-b31a-cfc76698083a' WHERE id = '6aff8bbd-bb3c-5d39-915e-52b22ac416ee';
UPDATE public.media SET service_id = 'b341b4e7-48c7-52a0-b31a-cfc76698083a' WHERE id = 'a1562f33-8599-5ad7-a81f-ea34efd325ee';
UPDATE public.media SET service_id = 'b341b4e7-48c7-52a0-b31a-cfc76698083a' WHERE id = 'cc4aaad0-05a8-5efd-b59c-4b150aea16cd';
INSERT INTO public.stylist_availability_rules (id,stylist_id,day_of_week,start_time,end_time) VALUES ('c60ae184-7fe3-5d8b-8ef9-7bcaca5af2ce', '5fef9e7c-116a-5504-a6ae-d16f4442d448', 'monday', '09:00', '17:00'), ('bd03682d-a54d-55cd-92d5-6357aee53472', '5fef9e7c-116a-5504-a6ae-d16f4442d448', 'tuesday', '09:00', '17:00'), ('d2cfbf3c-2f8c-560c-a17e-356a42049008', '5fef9e7c-116a-5504-a6ae-d16f4442d448', 'wednesday', '09:00', '17:00'), ('9c56a790-eceb-51eb-9fc9-ea7ba06b935a', '5fef9e7c-116a-5504-a6ae-d16f4442d448', 'thursday', '09:00', '17:00'), ('81bd8e0b-643c-55b2-9801-08d3b93feaf8', '5fef9e7c-116a-5504-a6ae-d16f4442d448', 'friday', '09:00', '17:00'), ('6a493aeb-bf62-5516-aae2-6ba6fdb14d34', '5fef9e7c-116a-5504-a6ae-d16f4442d448', 'saturday', '10:00', '15:00'), ('6f9c27f6-3cdc-5bb3-b8fc-540914e5733f', '5ac46069-d153-5b50-a0be-8a017d379243', 'tuesday', '12:00', '20:00'), ('514e9d0e-e8d9-590c-af83-812a0830e348', '5ac46069-d153-5b50-a0be-8a017d379243', 'wednesday', '12:00', '20:00'), ('ab465bc3-0e73-5320-b4bc-618880b146ef', '5ac46069-d153-5b50-a0be-8a017d379243', 'thursday', '12:00', '20:00'), ('dbef8424-421f-5745-9227-b88cc3edd63e', '5ac46069-d153-5b50-a0be-8a017d379243', 'friday', '10:00', '18:00'), ('76d8701f-a7ee-58bf-8399-82431d8b601e', '5ac46069-d153-5b50-a0be-8a017d379243', 'saturday', '09:00', '17:00'), ('44708471-0051-5838-b931-bb32352ec128', '5f2c632c-1003-5d3e-94f5-6085899aa359', 'monday', '10:00', '18:00'), ('83452a8c-2732-5e00-b522-1f6be455d4fc', '5f2c632c-1003-5d3e-94f5-6085899aa359', 'wednesday', '10:00', '18:00'), ('1e157e11-c2cf-5d44-b0fe-143bf785a869', '5f2c632c-1003-5d3e-94f5-6085899aa359', 'friday', '10:00', '18:00'), ('5cc90530-d6cb-540a-85f9-cd6f9f8c8764', '5f2c632c-1003-5d3e-94f5-6085899aa359', 'saturday', '09:00', '16:00');
INSERT INTO public.stylist_unavailability (id,stylist_id,start_time,end_time,reason) VALUES ('4cc8e567-6b18-58ad-87d4-61b6c5618de6', '5fef9e7c-116a-5504-a6ae-d16f4442d448', '2025-08-30T11:00:00.000Z', '2025-08-30T12:00:00.000Z', 'Lunsj'), ('a3945372-607b-568a-b0e2-2d7a029f73f8', '5ac46069-d153-5b50-a0be-8a017d379243', '2025-08-30T13:00:00.000Z', '2025-08-30T15:00:00.000Z', 'Tannlegetime');
INSERT INTO public.stylist_recurring_unavailability (id,stylist_id,title,start_time,end_time,series_start_date,series_end_date,rrule) VALUES ('4405c156-48d1-5d11-8ace-ad70785e617a', '5fef9e7c-116a-5504-a6ae-d16f4442d448', 'Lunsj pause', '12:00:00', '13:00:00', '2025-08-01T11:08:04.549Z', NULL, 'FREQ=WEEKLY;BYDAY=MO,TU,WE,TH,FR'), ('61e7c679-d738-56c9-ab18-18219dada9ca', '5ac46069-d153-5b50-a0be-8a017d379243', 'Ukentlig teammøte', '09:00:00', '10:00:00', '2025-08-01T11:08:04.549Z', NULL, 'FREQ=WEEKLY;BYDAY=TU'), ('7a28491e-d5b5-5b31-9eef-07d765427f80', '5f2c632c-1003-5d3e-94f5-6085899aa359', 'Månedlig planlegging', '14:00:00', '16:00:00', '2025-08-01T11:08:04.549Z', NULL, 'FREQ=MONTHLY;BYMONTHDAY=1');
INSERT INTO public.applications (id,created_at,user_id,birth_date,price_range_currency,price_range_from,price_range_to,professional_experience,status,address_nickname,city,country,email,entry_instructions,full_name,phone_number,postal_code,street_address) VALUES ('69da0a33-0eea-56e6-95d9-09f8e040951f', DEFAULT, NULL, '1990-05-15T00:00:00.000Z', 'NOK', 300, 800, '5 års erfaring som frisør hos Cutters. Spesialiserer meg på herreklipp og skjeggpleie.', 'applied', 'Neque ac cum causa de, res comprobab id fugiendisser sensummum expetua ab.', 'Trondheim', 'Norge', 'lars.eriksen@example.com', 'Sunt et sit voluperno qui voluptas iudicet ine.', 'Lars Eriksen', '+4795678901', '7013', 'Kirkegata 24'), ('0cccb40e-27a8-53e0-825a-92dbec25a608', DEFAULT, NULL, '1995-08-22T00:00:00.000Z', 'NOK', 500, 2500, 'Utdannet makeupartist fra Norges Makeup Akademi. 3 års erfaring med brude- og festmakeup.', 'pending_info', 'Est si percipi novi voluptat sit quietem.', 'Stavanger', 'Norge', 'anna.svendsen@example.com', 'Id vitae aut volunt in poetis si, naturove quod suscipi ut sin expetenim.', 'Anna Svendsen', '+4796789012', '4006', 'Dronningens gate 15'), ('be682399-6e1d-5674-be93-9d36ad201f4f', DEFAULT, NULL, '1988-11-30T00:00:00.000Z', 'NOK', 400, 1200, 'Sertifisert negletekniker med 7 års erfaring. Ekspert på gel og akryl.', 'approved', 'Vi ipsa expetetiam theatro in facil necest nostrum, erundum malumquam imos talibusque pleriquis honesta.', 'Oslo', 'Norge', 'ingrid.olsen@example.com', 'Es non alia inquit es autem ibus antur, expetiuntur futur praetertimo vacari praecepicul vero soliditia invituptat.', 'Ingrid Olsen', '+4797890123', '0123', 'Håkons gate 5');
INSERT INTO public.application_categories (application_id,category_id) VALUES ('69da0a33-0eea-56e6-95d9-09f8e040951f', '774d6a93-1a7a-59f0-b70f-9b0cccb98376'), ('0cccb40e-27a8-53e0-825a-92dbec25a608', 'a1b8b547-cac9-5eef-87c4-eb2759d940ae'), ('0cccb40e-27a8-53e0-825a-92dbec25a608', '48d376e0-21ce-5ed7-b7bc-26086c834c23'), ('be682399-6e1d-5674-be93-9d36ad201f4f', '40613055-bb54-561d-9553-1fee5ba0e651');
INSERT INTO public.discounts (id,created_at,updated_at,code,description,discount_percentage,discount_amount,currency,max_uses,current_uses,max_uses_per_user,is_active,valid_from,expires_at,minimum_order_amount) VALUES ('4baed22a-1c43-5e30-9f18-1ca31b7d709c', DEFAULT, DEFAULT, 'VELKOMMEN20', '20% rabatt for nye kunder', 20, NULL, 'NOK', 100, 12, 1, 't', '2024-01-01T00:00:00.000Z', '2024-12-31T00:00:00.000Z', 50000), ('ac808bcf-8db9-5c85-92a7-d9843d3fdbf4', DEFAULT, DEFAULT, 'SOMMER100', '100 kr rabatt på alle tjenester', NULL, 10000, 'NOK', 50, 5, 2, 't', '2024-06-01T00:00:00.000Z', '2024-08-31T00:00:00.000Z', 80000);
-- Creating bookings for testing...
INSERT INTO public.addresses (id,created_at,updated_at,user_id,nickname,street_address,city,postal_code,country,entry_instructions,is_primary,location) VALUES ('2d6f9bc6-83fd-5644-a61e-15eaa11b8495', DEFAULT, DEFAULT, '71c8f57c-aae5-5ac8-8fc0-a1ff399b17b8', 'Sommerhus', 'Strandveien 123', 'Oslo', '0250', 'Norge', 'Ring på døren, kode 1234', 'f', 'POINT(10.6831 59.8897)');
INSERT INTO public.bookings (id,created_at,updated_at,customer_id,stylist_id,start_time,end_time,message_to_stylist,status,address_id,stripe_payment_intent_id,total_duration_minutes,total_price,cancellation_reason,cancelled_at,discount_applied,discount_id) VALUES ('c0e1033f-5c17-52d3-8ec8-639717723180', DEFAULT, DEFAULT, '71c8f57c-aae5-5ac8-8fc0-a1ff399b17b8', '5fef9e7c-116a-5504-a6ae-d16f4442d448', '2025-08-30T11:08:04.550Z', '2025-08-30T12:38:04.550Z', 'Håper du kan hjelpe meg med en fin balayage som passer til hudfarge!', 'confirmed', NULL, 'pi_test_upcoming_confirmed_001', 90, 1600, 'Aut or peccandi sed constituit et mediocrisque.', '2020-01-09T12:48:15.000Z', 400, NULL), ('19f4b02d-74c2-570e-b2ad-1c256ba2d948', DEFAULT, DEFAULT, '71c8f57c-aae5-5ac8-8fc0-a1ff399b17b8', '5ac46069-d153-5b50-a0be-8a017d379243', '2025-08-26T11:08:04.550Z', '2025-08-26T12:08:04.550Z', 'Første gang jeg skal ha festmakeup, er litt nervøs!', 'pending', NULL, 'pi_test_upcoming_pending_002', 60, 1200, 'Per nobis migrarertun quidem non genii expetendas quodsi.', '2020-11-07T23:05:20.000Z', 0, NULL), ('167546cc-eb80-5257-826e-c308d9230d34', DEFAULT, DEFAULT, '71c8f57c-aae5-5ac8-8fc0-a1ff399b17b8', '5f2c632c-1003-5d3e-94f5-6085899aa359', '2025-07-24T11:08:04.550Z', '2025-07-24T13:08:04.550Z', 'Trenger klassiske vipper for bryllupet til min søster', 'completed', NULL, 'pi_test_completed_003', 120, 2500, 'Consis virtutibus paene transferre maximamic entium tendisputat dicent.', '2020-04-12T03:43:03.000Z', 0, NULL), ('c78af2d8-74ad-55ca-b6ee-c3e04971e3b1', DEFAULT, DEFAULT, '71c8f57c-aae5-5ac8-8fc0-a1ff399b17b8', '5fef9e7c-116a-5504-a6ae-d16f4442d448', '2025-08-16T11:08:04.550Z', '2025-08-16T11:53:04.550Z', 'Bare et enkelt klipp, takk!', 'cancelled', NULL, 'pi_test_cancelled_004', 45, 800, 'Måtte reise på jobb uventet', '2025-08-15T11:08:04.550Z', 0, NULL), ('7c0f36cb-52ba-5b93-bdbd-14954cc91be0', DEFAULT, DEFAULT, '815c84a1-9088-5e6f-b1ab-0853285c0e5d', '5ac46069-d153-5b50-a0be-8a017d379243', '2025-09-06T11:08:04.550Z', '2025-09-06T14:08:04.550Z', 'Dette er til bryllupet mitt! Ønsker både makeup og hår til forloveden min. Vi møtes hjemme hos oss.', 'confirmed', NULL, 'pi_test_wedding_005', 180, 2900, 'Est ac posse nec concedere tentiae in tur, torquem nisi ipsius et intellegit brutus causa.', '2020-08-20T07:17:56.000Z', 100, NULL), ('6c98d217-a6dd-53cd-8ab5-c00f53f01401', DEFAULT, DEFAULT, '815c84a1-9088-5e6f-b1ab-0853285c0e5d', '5f2c632c-1003-5d3e-94f5-6085899aa359', '2025-07-09T11:08:04.550Z', '2025-07-09T12:23:04.550Z', 'Både brynslaminering og forming, takk!', 'completed', NULL, 'pi_test_multiple_services_006', 75, 1400, 'Sibus putatomit dici entur honesse, omneminquit si tentus inmorbos non modo negantia.', '2020-05-13T04:54:12.000Z', 0, NULL), ('742dfc0a-06b9-50f4-b9ad-fd3f05e329b6', DEFAULT, DEFAULT, '71c8f57c-aae5-5ac8-8fc0-a1ff399b17b8', '5ac46069-d153-5b50-a0be-8a017d379243', '2025-07-15T11:08:04.550Z', '2025-07-15T13:08:04.550Z', 'Samme som sist, det var perfekt', 'completed', NULL, 'pi_test_generated_7', 120, 2233, 'Honestiae hominclusae triarius sint prospermagnum ne sublatum, aequum est essariae ut ipsa stabillam.', '2020-07-07T06:13:13.000Z', 0, NULL), ('bf43b54c-a4bc-5d33-aa98-7eec9416e9b6', DEFAULT, DEFAULT, '71c8f57c-aae5-5ac8-8fc0-a1ff399b17b8', '5f2c632c-1003-5d3e-94f5-6085899aa359', '2025-07-11T11:08:04.550Z', '2025-07-11T13:08:04.550Z', 'Vanlig trim og styling, takk', 'completed', NULL, 'pi_test_generated_8', 120, 1244, 'Omnino sit vocet ipse natur quidem invenis.', '2020-11-07T22:18:58.000Z', 0, NULL), ('a809dcd7-58b5-5e49-b6de-c05da3b71dab', DEFAULT, DEFAULT, '815c84a1-9088-5e6f-b1ab-0853285c0e5d', '5fef9e7c-116a-5504-a6ae-d16f4442d448', '2025-07-16T11:08:04.550Z', '2025-07-16T13:08:04.550Z', 'Gleder meg til timen!', 'pending', NULL, 'pi_test_generated_9', 120, 1330, 'Qui accusatib maxime voluptatib sit rerum ero, il natur inquit et iis.', '2020-11-15T10:28:32.000Z', 0, NULL), ('18b9845f-a0b5-5cc0-826a-03b39be45e5a', DEFAULT, DEFAULT, '815c84a1-9088-5e6f-b1ab-0853285c0e5d', '5ac46069-d153-5b50-a0be-8a017d379243', '2025-09-20T11:08:04.550Z', '2025-09-20T12:38:04.550Z', 'Samme som sist, det var perfekt', 'cancelled', NULL, 'pi_test_generated_10', 90, 1892, 'Endret planer', '2025-09-19T11:08:04.550Z', 0, NULL), ('12388924-818e-57b5-8cbf-008d26ba5731', DEFAULT, DEFAULT, '71c8f57c-aae5-5ac8-8fc0-a1ff399b17b8', '5ac46069-d153-5b50-a0be-8a017d379243', '2025-09-21T11:08:04.550Z', '2025-09-21T12:08:04.550Z', 'Håper dere kan hjelpe meg med en fin look', 'completed', NULL, 'pi_test_generated_11', 60, 1065, 'Illa igimad evole es est.', '2020-09-05T08:35:35.000Z', 0, NULL), ('5d142947-2c8b-5f01-a3e6-a597b5983d50', DEFAULT, DEFAULT, '815c84a1-9088-5e6f-b1ab-0853285c0e5d', '5ac46069-d153-5b50-a0be-8a017d379243', '2025-09-06T11:08:04.550Z', '2025-09-06T12:08:04.550Z', 'Håper dere kan hjelpe meg med en fin look', 'completed', NULL, 'pi_test_generated_12', 60, 995, 'Dubitiae nis iudicur cum dissidua magna, quidem eo scribim rerum non inter.', '2020-06-26T17:21:09.000Z', 0, NULL), ('180afba5-b19e-58a3-84f9-afa14961b0f0', DEFAULT, DEFAULT, '815c84a1-9088-5e6f-b1ab-0853285c0e5d', '5ac46069-d153-5b50-a0be-8a017d379243', '2025-09-09T11:08:04.550Z', '2025-09-09T12:08:04.550Z', 'Vanlig trim og styling, takk', 'cancelled', NULL, 'pi_test_generated_13', 60, 2179, 'Endret planer', '2025-09-08T11:08:04.550Z', 0, NULL), ('c359410f-7413-58ed-b664-cf59e8151ea2', DEFAULT, DEFAULT, '815c84a1-9088-5e6f-b1ab-0853285c0e5d', '5fef9e7c-116a-5504-a6ae-d16f4442d448', '2025-09-15T11:08:04.550Z', '2025-09-15T12:08:04.550Z', 'Vil gjerne prøve noe nytt', 'confirmed', NULL, 'pi_test_generated_14', 60, 1784, 'Ipsi maximum putat cum atque quibus, ut neque controvere atque imi vitamur.', '2020-03-03T15:03:06.000Z', 0, NULL), ('598e93f1-c14d-56ef-85a3-0437066d6dfb', DEFAULT, DEFAULT, '71c8f57c-aae5-5ac8-8fc0-a1ff399b17b8', '5fef9e7c-116a-5504-a6ae-d16f4442d448', '2025-08-06T11:08:04.550Z', '2025-08-06T13:08:04.550Z', 'Første gang hos dere, er spent!', 'confirmed', NULL, 'pi_test_generated_15', 120, 2217, 'Primum quid legim voluptas vellem adquiescertam eo nihilia.', '2020-05-21T16:20:11.000Z', 0, NULL), ('02535940-f27a-5e0d-b17b-5cb03729c85b', DEFAULT, DEFAULT, '815c84a1-9088-5e6f-b1ab-0853285c0e5d', '5f2c632c-1003-5d3e-94f5-6085899aa359', '2025-09-03T11:08:04.550Z', '2025-09-03T12:38:04.550Z', 'Kan vi gjøre dette litt raskere denne gangen?', 'confirmed', NULL, 'pi_test_generated_16', 90, 1704, 'Ine etura statuam consum tem eadem voluptate.', '2020-12-24T11:26:05.000Z', 0, NULL), ('f60535d6-1ccc-5d73-bcaa-18569587486d', DEFAULT, DEFAULT, '815c84a1-9088-5e6f-b1ab-0853285c0e5d', '5ac46069-d153-5b50-a0be-8a017d379243', '2025-06-25T11:08:04.550Z', '2025-06-25T13:08:04.550Z', 'Vanlig trim og styling, takk', 'pending', NULL, 'pi_test_generated_17', 120, 2076, 'Vero facergo arte abhorrent aliqua, intellegis aeque quaedamotio quibus ere.', '2020-10-18T09:49:22.000Z', 0, NULL), ('05831bf0-1881-5c08-acd9-6cff74d1c135', DEFAULT, DEFAULT, '71c8f57c-aae5-5ac8-8fc0-a1ff399b17b8', '5fef9e7c-116a-5504-a6ae-d16f4442d448', '2025-09-10T11:08:04.550Z', '2025-09-10T12:38:04.550Z', 'Vanlig trim og styling, takk', 'completed', NULL, 'pi_test_generated_18', 90, 1901, 'Quibus ut ullius quis non facet est supere.', '2020-11-11T10:10:52.000Z', 0, NULL), ('02653efd-cd00-57cc-a7ea-e3e91097b494', DEFAULT, DEFAULT, '815c84a1-9088-5e6f-b1ab-0853285c0e5d', '5ac46069-d153-5b50-a0be-8a017d379243', '2025-07-20T11:08:04.550Z', '2025-07-20T12:38:04.550Z', 'Vanlig trim og styling, takk', 'confirmed', NULL, 'pi_test_generated_19', 90, 873, 'Quos venias es omni docet ipsi, modo dixitatque et voluptas quem at.', '2020-01-21T00:29:14.000Z', 0, NULL), ('a16b6848-d93e-52fd-8dee-885a237958e5', DEFAULT, DEFAULT, '815c84a1-9088-5e6f-b1ab-0853285c0e5d', '5ac46069-d153-5b50-a0be-8a017d379243', '2025-07-15T11:08:04.550Z', '2025-07-15T13:08:04.550Z', 'Kan vi gjøre dette litt raskere denne gangen?', 'completed', NULL, 'pi_test_generated_20', 120, 1284, 'Opem vivenimus excruciantur diogent suum ine litter consueverga, sunt crudeloquen exis qua reliquid num voluptatib diligitur.', '2020-03-03T15:01:42.000Z', 0, NULL), ('b549475f-23ea-51db-a00b-61d128d30f71', DEFAULT, DEFAULT, '71c8f57c-aae5-5ac8-8fc0-a1ff399b17b8', '5f2c632c-1003-5d3e-94f5-6085899aa359', '2025-07-20T11:08:04.550Z', '2025-07-20T12:38:04.550Z', 'Samme som sist, det var perfekt', 'pending', NULL, 'pi_test_generated_21', 90, 1025, 'Medeam haec eam quod ocritum carit mirare quae, il qui versa gratiam viti quidem es.', '2020-10-26T22:12:35.000Z', 0, NULL), ('6285f3b3-a529-5ce9-bafe-2a84cd98e61a', DEFAULT, DEFAULT, '815c84a1-9088-5e6f-b1ab-0853285c0e5d', '5fef9e7c-116a-5504-a6ae-d16f4442d448', '2025-08-09T11:08:04.550Z', '2025-08-09T12:08:04.550Z', 'Vil gjerne prøve noe nytt', 'cancelled', NULL, 'pi_test_generated_22', 60, 1649, 'Endret planer', '2025-08-08T11:08:04.550Z', 0, NULL), ('ce02ccc1-e039-5bde-80d1-40721f1e3eb3', DEFAULT, DEFAULT, '71c8f57c-aae5-5ac8-8fc0-a1ff399b17b8', '5f2c632c-1003-5d3e-94f5-6085899aa359', '2025-08-13T11:08:04.550Z', '2025-08-13T12:38:04.550Z', 'Samme som sist, det var perfekt', 'confirmed', NULL, 'pi_test_generated_23', 90, 1005, 'Privendi tantum omni res se, eum nullo ignavigit fuga manus tantalibus.', '2020-09-05T08:50:15.000Z', 0, NULL), ('b50a92d7-de0a-59a4-a473-2cb0cfc17371', DEFAULT, DEFAULT, '815c84a1-9088-5e6f-b1ab-0853285c0e5d', '5ac46069-d153-5b50-a0be-8a017d379243', '2025-09-12T11:08:04.550Z', '2025-09-12T13:08:04.550Z', 'Kan vi gjøre dette litt raskere denne gangen?', 'confirmed', NULL, 'pi_test_generated_24', 120, 888, 'Successerit atio ore terem possunt ea.', '2020-05-25T04:32:15.000Z', 0, NULL), ('5bf8ffd5-5ad2-5596-a46d-d086bc198ac0', DEFAULT, DEFAULT, '815c84a1-9088-5e6f-b1ab-0853285c0e5d', '5f2c632c-1003-5d3e-94f5-6085899aa359', '2025-08-28T11:08:04.550Z', '2025-08-28T12:08:04.550Z', 'Gleder meg til timen!', 'pending', NULL, 'pi_test_generated_25', 60, 987, 'Vidia sit defen distinere de brevisque albam.', '2020-04-12T15:12:17.000Z', 0, NULL), ('2eb5ac24-09cf-525e-aa97-0d5064f0bc3c', DEFAULT, DEFAULT, '71c8f57c-aae5-5ac8-8fc0-a1ff399b17b8', '5fef9e7c-116a-5504-a6ae-d16f4442d448', '2025-07-05T11:08:04.550Z', '2025-07-05T13:08:04.550Z', 'Vanlig trim og styling, takk', 'confirmed', NULL, 'pi_test_generated_26', 120, 1914, 'Brevitis carum minimi locum quae corrumpiter autem aptius, esse leniatur ad tant si.', '2020-08-16T08:02:08.000Z', 0, NULL);
UPDATE public.bookings SET discount_id = '4baed22a-1c43-5e30-9f18-1ca31b7d709c' WHERE id = 'c0e1033f-5c17-52d3-8ec8-639717723180';
UPDATE public.bookings SET address_id = '2d6f9bc6-83fd-5644-a61e-15eaa11b8495' WHERE id = '19f4b02d-74c2-570e-b2ad-1c256ba2d948';
UPDATE public.bookings SET discount_id = 'ac808bcf-8db9-5c85-92a7-d9843d3fdbf4' WHERE id = '7c0f36cb-52ba-5b93-bdbd-14954cc91be0';
UPDATE public.bookings SET address_id = '2d6f9bc6-83fd-5644-a61e-15eaa11b8495' WHERE id = 'ce02ccc1-e039-5bde-80d1-40721f1e3eb3';
UPDATE public.bookings SET address_id = '2d6f9bc6-83fd-5644-a61e-15eaa11b8495' WHERE id = '2eb5ac24-09cf-525e-aa97-0d5064f0bc3c';
-- Linking services to bookings...
INSERT INTO public.booking_services (booking_id,service_id) VALUES ('c0e1033f-5c17-52d3-8ec8-639717723180', '7c724ddb-a436-508b-954f-ea531f015c8e'), ('19f4b02d-74c2-570e-b2ad-1c256ba2d948', '6988ab5f-f1cf-533e-9e10-6250fa03d64e'), ('167546cc-eb80-5257-826e-c308d9230d34', 'e7cf44d6-9f4a-5776-853b-a7a4072a5d45'), ('c78af2d8-74ad-55ca-b6ee-c3e04971e3b1', '76182b33-2b88-55da-9317-c322cfc4cdb2'), ('7c0f36cb-52ba-5b93-bdbd-14954cc91be0', 'b50cd102-29cf-5eae-88fc-400d1de89af3'), ('7c0f36cb-52ba-5b93-bdbd-14954cc91be0', 'dc966564-92f1-506b-ba19-7d7bb1f740ab'), ('6c98d217-a6dd-53cd-8ab5-c00f53f01401', 'e45210c4-5037-5acd-828e-6a2c7da9a3db'), ('6c98d217-a6dd-53cd-8ab5-c00f53f01401', '624647d9-add1-5d7f-8000-30a3a9f0fb30'), ('742dfc0a-06b9-50f4-b9ad-fd3f05e329b6', '8379c4b0-1c06-5d40-b0fc-56513422c1d8'), ('742dfc0a-06b9-50f4-b9ad-fd3f05e329b6', '14178b43-5f90-51e4-b62a-dd642da598f8'), ('bf43b54c-a4bc-5d33-aa98-7eec9416e9b6', 'e7cf44d6-9f4a-5776-853b-a7a4072a5d45'), ('a809dcd7-58b5-5e49-b6de-c05da3b71dab', 'ae095deb-f4d1-5a82-93a8-6df231b7cb4c'), ('18b9845f-a0b5-5cc0-826a-03b39be45e5a', '223d99f1-5c50-536e-b2f1-21ff103a026e'), ('12388924-818e-57b5-8cbf-008d26ba5731', 'b341b4e7-48c7-52a0-b31a-cfc76698083a'), ('12388924-818e-57b5-8cbf-008d26ba5731', 'e2a5feea-e90d-5eb7-9c72-fef6ba325faf'), ('5d142947-2c8b-5f01-a3e6-a597b5983d50', 'ae095deb-f4d1-5a82-93a8-6df231b7cb4c'), ('180afba5-b19e-58a3-84f9-afa14961b0f0', 'dc966564-92f1-506b-ba19-7d7bb1f740ab'), ('180afba5-b19e-58a3-84f9-afa14961b0f0', '14988abd-97c9-5f3a-be9a-59d5637d4463'), ('c359410f-7413-58ed-b664-cf59e8151ea2', 'e45210c4-5037-5acd-828e-6a2c7da9a3db'), ('c359410f-7413-58ed-b664-cf59e8151ea2', '17e51b1a-6cc8-5fb8-a298-f35c9601008c'), ('598e93f1-c14d-56ef-85a3-0437066d6dfb', '7c724ddb-a436-508b-954f-ea531f015c8e'), ('598e93f1-c14d-56ef-85a3-0437066d6dfb', '17174d2b-fa53-516c-9c8f-328d1c1d0a8c'), ('02535940-f27a-5e0d-b17b-5cb03729c85b', 'e45210c4-5037-5acd-828e-6a2c7da9a3db'), ('f60535d6-1ccc-5d73-bcaa-18569587486d', 'e45210c4-5037-5acd-828e-6a2c7da9a3db'), ('05831bf0-1881-5c08-acd9-6cff74d1c135', 'aa0cf64c-2fee-545b-8b01-85b1642cc444'), ('02653efd-cd00-57cc-a7ea-e3e91097b494', '85540e24-0e5a-5ffc-97e6-90b2875c357c'), ('a16b6848-d93e-52fd-8dee-885a237958e5', '588ce9a6-824d-5ecc-ac30-0e0629217186'), ('b549475f-23ea-51db-a00b-61d128d30f71', '22bf4307-d5a9-538a-bcf4-909f5a7e33dc'), ('6285f3b3-a529-5ce9-bafe-2a84cd98e61a', 'f66c822d-c39b-5997-9fdd-1cc2906b1259'), ('ce02ccc1-e039-5bde-80d1-40721f1e3eb3', 'd7664d95-3caa-5e9b-ac21-e5f97a492422'), ('b50a92d7-de0a-59a4-a473-2cb0cfc17371', '6988ab5f-f1cf-533e-9e10-6250fa03d64e'), ('5bf8ffd5-5ad2-5596-a46d-d086bc198ac0', 'afd953ad-7147-5563-9533-021001caf7a2'), ('2eb5ac24-09cf-525e-aa97-0d5064f0bc3c', 'e0c122d0-a1c6-57e5-8e5a-a275d77d69a9'), ('2eb5ac24-09cf-525e-aa97-0d5064f0bc3c', '17174d2b-fa53-516c-9c8f-328d1c1d0a8c');
-- Creating chats for some bookings...
INSERT INTO public.chats (id,created_at,updated_at,booking_id) VALUES ('639b8a78-3db3-577f-ac95-c7f0480b85bc', DEFAULT, DEFAULT, 'c0e1033f-5c17-52d3-8ec8-639717723180'), ('544c32c9-5980-5a71-93f3-055040936dc3', DEFAULT, DEFAULT, '19f4b02d-74c2-570e-b2ad-1c256ba2d948'), ('de362e88-fda9-5494-8d8e-146245bb4f68', DEFAULT, DEFAULT, '7c0f36cb-52ba-5b93-bdbd-14954cc91be0');
-- Adding chat messages...
INSERT INTO public.chat_messages (id,created_at,chat_id,sender_id,content,is_read) VALUES ('c678ec7c-f99c-51fe-942f-0c4d319ee345', DEFAULT, '639b8a78-3db3-577f-ac95-c7f0480b85bc', '71c8f57c-aae5-5ac8-8fc0-a1ff399b17b8', 'Hei Maria! Gleder meg til å få balayage neste uke. Har du noen tips til hvordan jeg skal forberede håret?', 't'), ('4eb4a0d5-c54b-5992-8940-f56c1a772bc2', DEFAULT, '639b8a78-3db3-577f-ac95-c7f0480b85bc', '5fef9e7c-116a-5504-a6ae-d16f4442d448', 'Hei Kari! Så hyggelig at du kommer til meg. Unngå å vaske håret dagen før, så får vi best resultat 😊', 't'), ('1e313884-7556-506e-9149-caa06bd7fade', DEFAULT, '639b8a78-3db3-577f-ac95-c7f0480b85bc', '71c8f57c-aae5-5ac8-8fc0-a1ff399b17b8', 'Tusen takk for tipset! Sees neste uke!', 'f'), ('3d3e48e3-ec2c-5943-843d-56cc92558a2f', DEFAULT, '544c32c9-5980-5a71-93f3-055040936dc3', '71c8f57c-aae5-5ac8-8fc0-a1ff399b17b8', 'Hei Emma! Lurer på om du kan komme til sommerhuset mitt i stedet? Sender adressen i meldingen til stylisten.', 'f'), ('c18c3103-f982-5234-a964-e0df05296ea1', DEFAULT, 'de362e88-fda9-5494-8d8e-146245bb4f68', '815c84a1-9088-5e6f-b1ab-0853285c0e5d', 'Hei Emma! Dette er for bryllupet vårt. Har du gjort bryllupsstyling før?', 't'), ('dae870ef-3ab0-5863-91e3-bb7867f7628c', DEFAULT, 'de362e88-fda9-5494-8d8e-146245bb4f68', '5ac46069-d153-5b50-a0be-8a017d379243', 'Gratulerer med bryllupet! Ja, jeg har mye erfaring med bryllup. Dette blir fantastisk! 💍✨', 't');
-- Creating payment records...
INSERT INTO public.payments (id,created_at,updated_at,booking_id,payment_intent_id,total_amount,platform_fee,stylist_payout_amount,currency,stylist_transfer_id,status,succeeded_at,payout_initiated_at,payout_completed_at) VALUES ('d8c64b29-97d8-5131-98cb-b90c83254414', DEFAULT, DEFAULT, '167546cc-eb80-5257-826e-c308d9230d34', 'pi_test_completed_003', 250000, 50000, 200000, 'NOK', 'Provocendi me cum praetere non aliquarum nos inemus.', 'succeeded', '2025-07-25T11:08:04.554Z', '2020-02-14T01:12:39.000Z', '2025-07-26T11:08:04.554Z'), ('cf06fdcb-9ba1-5712-a11b-4d80e17202ae', DEFAULT, DEFAULT, '6c98d217-a6dd-53cd-8ab5-c00f53f01401', 'pi_test_multiple_services_006', 140000, 28000, 112000, 'NOK', 'Ad ata et operque sit primum.', 'succeeded', '2025-07-10T11:08:04.554Z', '2020-09-05T08:53:17.000Z', '2025-07-11T11:08:04.554Z');
-- Creating reviews and ratings...
INSERT INTO public.bookings (id,created_at,updated_at,customer_id,stylist_id,start_time,end_time,message_to_stylist,status,address_id,stripe_payment_intent_id,total_duration_minutes,total_price,cancellation_reason,cancelled_at,discount_applied,discount_id) VALUES ('612e443e-988b-5495-8f76-fd7bc6465b9c', DEFAULT, DEFAULT, '5ac46069-d153-5b50-a0be-8a017d379243', '5fef9e7c-116a-5504-a6ae-d16f4442d448', '2025-08-08T11:08:04.554Z', '2025-08-08T12:08:04.554Z', 'Trenger en oppfriskning av håret mitt!', 'completed', NULL, 'pi_test_stylist_customer_001', 60, 800, 'Romanturbat in sic quicquamvis amicur comparanes si.', '2020-06-06T06:00:40.000Z', DEFAULT, NULL), ('46a480a2-27c9-5af3-8dd9-97b2db92d43f', DEFAULT, DEFAULT, '5f2c632c-1003-5d3e-94f5-6085899aa359', '5ac46069-d153-5b50-a0be-8a017d379243', '2025-08-01T11:08:04.554Z', '2025-08-01T12:38:04.554Z', 'Vil gjerne prøve den nye gel-metoden din!', 'completed', NULL, 'pi_test_stylist_customer_002', 90, 650, 'Tum vertatemus obruamus es commensae summum ingenus.', '2020-10-14T21:09:55.000Z', DEFAULT, NULL), ('44816af4-673d-5df1-b7d7-d7d0c6b12e02', DEFAULT, DEFAULT, '5f2c632c-1003-5d3e-94f5-6085899aa359', '5fef9e7c-116a-5504-a6ae-d16f4442d448', '2025-08-15T11:08:04.554Z', '2025-08-15T13:08:04.554Z', 'Trenger makeup til fest på lørdag!', 'completed', NULL, 'pi_test_stylist_customer_003', 120, 1200, 'Ne sed solum sero acest bene.', '2020-04-16T03:56:51.000Z', DEFAULT, NULL), ('a2b06727-6b2a-5933-8aee-8ddf8f294101', DEFAULT, DEFAULT, '5ac46069-d153-5b50-a0be-8a017d379243', '5f2c632c-1003-5d3e-94f5-6085899aa359', '2025-07-19T11:08:04.554Z', '2025-07-19T12:38:04.554Z', 'Vil prøve lash lift for første gang!', 'completed', NULL, 'pi_test_stylist_customer_004', 90, 800, 'Quidem quod poris amicita saepti cognosci hinc, nec si esse confirmare natur homincompos.', '2020-09-01T21:08:50.000Z', DEFAULT, NULL), ('3c1e3879-62f2-5f34-bce0-f5aaf27d9324', DEFAULT, DEFAULT, '5f2c632c-1003-5d3e-94f5-6085899aa359', '5fef9e7c-116a-5504-a6ae-d16f4442d448', '2025-06-23T11:08:04.554Z', '2025-06-23T13:38:04.554Z', 'Trenger en fresh look!', 'completed', NULL, 'pi_test_extra_000', 150, 1200, 'Moles nec inosopho ad causasque, nullo quos ea utillum am expetenim salut.', '2020-05-25T04:32:02.000Z', DEFAULT, NULL), ('2a02830a-2636-5e4f-84c3-6d342f3c73a3', DEFAULT, DEFAULT, '5f2c632c-1003-5d3e-94f5-6085899aa359', '5fef9e7c-116a-5504-a6ae-d16f4442d448', '2025-07-18T11:08:04.554Z', '2025-07-18T13:08:04.554Z', 'Første gang hos deg!', 'completed', NULL, 'pi_test_extra_002', 120, 1200, 'Ut est plurimpenden causamus legeri delecta.', '2020-11-19T22:13:20.000Z', DEFAULT, NULL), ('4a27d247-c2bf-50c1-a2ac-57f93c8063f7', DEFAULT, DEFAULT, '5f2c632c-1003-5d3e-94f5-6085899aa359', '5ac46069-d153-5b50-a0be-8a017d379243', '2025-07-29T11:08:04.554Z', '2025-07-29T13:38:04.554Z', 'Samme som sist takk!', 'completed', NULL, 'pi_test_extra_003', 150, 650, 'Pacuvii compararem et ipsos ani, quantum verit sabinit virtutem statua quae per.', '2020-06-06T05:09:59.000Z', DEFAULT, NULL), ('724cc590-91ed-5190-8d6f-17939b16e5ba', DEFAULT, DEFAULT, '71c8f57c-aae5-5ac8-8fc0-a1ff399b17b8', '5ac46069-d153-5b50-a0be-8a017d379243', '2025-07-22T11:08:04.554Z', '2025-07-22T12:08:04.554Z', 'Første gang hos deg!', 'completed', NULL, 'pi_test_extra_004', 60, 1200, 'Nesque dolorum sunt sit exquisita, omum ut ari nihil prorsusceptur faciente.', '2020-08-20T08:09:47.000Z', DEFAULT, NULL), ('67ec4adb-6fb5-53a4-9d19-1440fe8cdca7', DEFAULT, DEFAULT, '71c8f57c-aae5-5ac8-8fc0-a1ff399b17b8', '5f2c632c-1003-5d3e-94f5-6085899aa359', '2025-07-08T11:08:04.554Z', '2025-07-08T12:08:04.554Z', 'Trenger en fresh look!', 'completed', NULL, 'pi_test_extra_005', 60, 1200, 'Si appetentes metum et quodsi legis.', '2020-03-19T14:27:29.000Z', DEFAULT, NULL), ('4f5ecdf9-3092-523f-99e9-11e8ad888546', DEFAULT, DEFAULT, '71c8f57c-aae5-5ac8-8fc0-a1ff399b17b8', '5fef9e7c-116a-5504-a6ae-d16f4442d448', '2025-06-20T11:08:04.555Z', '2025-06-20T12:08:04.555Z', 'Trenger en fresh look!', 'completed', NULL, 'pi_test_extra_006', 60, 800, 'In extremo nulla ut eum si quisque cupis.', '2020-10-18T21:58:20.000Z', DEFAULT, NULL), ('293a273d-dcae-5860-93ac-b71d70f83626', DEFAULT, DEFAULT, '5f2c632c-1003-5d3e-94f5-6085899aa359', '5ac46069-d153-5b50-a0be-8a017d379243', '2025-07-30T11:08:04.555Z', '2025-07-30T12:38:04.555Z', 'Trenger en fresh look!', 'completed', NULL, 'pi_test_extra_007', 90, 650, 'Vivendi imum eos imus tellegat quando.', '2020-12-28T23:41:17.000Z', DEFAULT, NULL), ('497d59ff-347b-5930-8da7-1a2f341df1e8', DEFAULT, DEFAULT, '71c8f57c-aae5-5ac8-8fc0-a1ff399b17b8', '5ac46069-d153-5b50-a0be-8a017d379243', '2025-07-17T11:08:04.555Z', '2025-07-17T13:38:04.555Z', 'Trenger en fresh look!', 'completed', NULL, 'pi_test_extra_008', 150, 500, 'Arbitrerum quippe et nec ulla placatomnes quae.', '2020-01-09T12:36:23.000Z', DEFAULT, NULL), ('c90fa8eb-cc23-5101-a427-696268215e26', DEFAULT, DEFAULT, '5f2c632c-1003-5d3e-94f5-6085899aa359', '5fef9e7c-116a-5504-a6ae-d16f4442d448', '2025-07-17T11:08:04.555Z', '2025-07-17T13:38:04.555Z', 'Samme som sist takk!', 'completed', NULL, 'pi_test_extra_009', 150, 500, 'Agam vitae es iis doloritor, honest quae dissentior ne brute.', '2020-08-12T19:39:14.000Z', DEFAULT, NULL), ('d9169c4b-322d-5312-a544-479e3f8b3e48', DEFAULT, DEFAULT, '5ac46069-d153-5b50-a0be-8a017d379243', '5f2c632c-1003-5d3e-94f5-6085899aa359', '2025-07-29T11:08:04.555Z', '2025-07-29T12:08:04.555Z', 'Noe nytt og spennende!', 'completed', NULL, 'pi_test_extra_010', 60, 1200, 'Et quod probare epicra nobisdemoc.', '2020-05-01T04:51:19.000Z', DEFAULT, NULL), ('e65e9495-0783-5e03-bf06-d753276745aa', DEFAULT, DEFAULT, '5f2c632c-1003-5d3e-94f5-6085899aa359', '5fef9e7c-116a-5504-a6ae-d16f4442d448', '2025-06-23T11:08:04.555Z', '2025-06-23T13:08:04.555Z', 'Første gang hos deg!', 'completed', NULL, 'pi_test_extra_013', 120, 1200, 'Tractate afferiora et corporis sed modum.', '2020-12-20T23:43:29.000Z', DEFAULT, NULL), ('88674cf3-deba-50f1-8ce8-9b2d65a7e4bf', DEFAULT, DEFAULT, '5ac46069-d153-5b50-a0be-8a017d379243', '5f2c632c-1003-5d3e-94f5-6085899aa359', '2025-07-30T11:08:04.555Z', '2025-07-30T13:38:04.555Z', 'Noe nytt og spennende!', 'completed', NULL, 'pi_test_extra_015', 150, 500, 'Autemus quae hones sed ut physicis, mutae conquis autem scientiam est et habeat cum.', '2020-03-03T14:11:50.000Z', DEFAULT, NULL), ('673c29dd-6c68-5ff5-b7d8-d406164b6d89', DEFAULT, DEFAULT, '71c8f57c-aae5-5ac8-8fc0-a1ff399b17b8', '5fef9e7c-116a-5504-a6ae-d16f4442d448', '2025-06-18T11:08:04.555Z', '2025-06-18T12:38:04.555Z', 'Samme som sist takk!', 'completed', NULL, 'pi_test_extra_018', 90, 800, 'Autemus aret iam et osam et commemin, non liberendus inerit aliquam noctes isque quem aptius.', '2020-11-23T10:15:58.000Z', DEFAULT, NULL), ('f7919f4f-0c99-597c-983c-1eb5590de3f1', DEFAULT, DEFAULT, '5f2c632c-1003-5d3e-94f5-6085899aa359', '5ac46069-d153-5b50-a0be-8a017d379243', '2025-07-03T11:08:04.555Z', '2025-07-03T12:08:04.555Z', 'Noe nytt og spennende!', 'completed', NULL, 'pi_test_extra_019', 60, 500, 'Si non detractio vult afficit probo salutrum qui.', '2020-07-27T06:22:17.000Z', DEFAULT, NULL), ('ee585ce6-086c-5ef1-bf19-e379dda27f2a', DEFAULT, DEFAULT, '5ac46069-d153-5b50-a0be-8a017d379243', '5f2c632c-1003-5d3e-94f5-6085899aa359', '2025-06-21T11:08:04.555Z', '2025-06-21T12:08:04.555Z', 'Samme som sist takk!', 'completed', NULL, 'pi_test_extra_020', 60, 500, 'Sequuntur et iisque corporro sine videravis inducuntiar.', '2020-02-18T13:17:01.000Z', DEFAULT, NULL), ('66ba785f-af4a-57b2-9350-bda587133953', DEFAULT, DEFAULT, '815c84a1-9088-5e6f-b1ab-0853285c0e5d', '5fef9e7c-116a-5504-a6ae-d16f4442d448', '2025-06-19T11:08:04.555Z', '2025-06-19T13:38:04.555Z', 'Samme som sist takk!', 'completed', NULL, 'pi_test_extra_021', 150, 1200, 'Turbamurrer desertis magnamentur ut possunt is non inquam, ipsos reperierun disceri et ponti sentendit idiscunt.', '2020-06-10T05:32:11.000Z', DEFAULT, NULL), ('a3e312c3-be01-5537-86e3-3c5301b732f0', DEFAULT, DEFAULT, '5fef9e7c-116a-5504-a6ae-d16f4442d448', '5f2c632c-1003-5d3e-94f5-6085899aa359', '2025-07-28T11:08:04.555Z', '2025-07-28T12:38:04.555Z', 'Samme som sist takk!', 'completed', NULL, 'pi_test_extra_022', 90, 800, 'De ego si fieri vivendum.', '2020-04-04T15:43:08.000Z', DEFAULT, NULL), ('8bf02f04-857f-565d-9557-5ccfda142025', DEFAULT, DEFAULT, '5fef9e7c-116a-5504-a6ae-d16f4442d448', '5f2c632c-1003-5d3e-94f5-6085899aa359', '2025-07-10T11:08:04.555Z', '2025-07-10T12:38:04.555Z', 'Trenger en fresh look!', 'completed', NULL, 'pi_test_extra_023', 90, 500, 'Et quem laudarem esse indus.', '2020-06-22T17:26:20.000Z', DEFAULT, NULL), ('e3463b91-5c9f-5432-9fbf-dc80dbe048aa', DEFAULT, DEFAULT, '5fef9e7c-116a-5504-a6ae-d16f4442d448', '5ac46069-d153-5b50-a0be-8a017d379243', '2025-06-30T11:08:04.555Z', '2025-06-30T12:08:04.555Z', 'Samme som sist takk!', 'completed', NULL, 'pi_test_extra_024', 60, 1500, 'Pleris sane quo neces repellate sint omnium vitamicus, esse triario semper non viveratio disputat ratu gendos.', '2020-11-11T22:25:19.000Z', DEFAULT, NULL);
INSERT INTO public.reviews (id,created_at,booking_id,customer_id,stylist_id,rating,comment) VALUES ('1b3a4894-b0fd-5bc9-9073-1e189f8f3f51', DEFAULT, '167546cc-eb80-5257-826e-c308d9230d34', '71c8f57c-aae5-5ac8-8fc0-a1ff399b17b8', '5f2c632c-1003-5d3e-94f5-6085899aa359', 5, 'Absolutt fantastisk! Emma er så dyktig og profesjonell. Resultatet overgikk mine forventninger. Kommer definitivt tilbake!'), ('11b8c1de-a501-5f44-804b-06d831683517', DEFAULT, '6c98d217-a6dd-53cd-8ab5-c00f53f01401', '815c84a1-9088-5e6f-b1ab-0853285c0e5d', '5f2c632c-1003-5d3e-94f5-6085899aa359', 5, 'Utrolig bra jobb! Sofia har virkelig peiling på det hun driver med. Anbefaler henne til alle!'), ('f9f72bc9-394e-5d52-8879-e0c2b394f2a3', DEFAULT, '742dfc0a-06b9-50f4-b9ad-fd3f05e329b6', '71c8f57c-aae5-5ac8-8fc0-a1ff399b17b8', '5ac46069-d153-5b50-a0be-8a017d379243', 5, 'Kunne ikke vært mer fornøyd! Maria lyttet til ønskene mine og leverte akkurat det jeg ønsket meg.'), ('7379d022-aa2a-510e-bb61-a9168729a731', DEFAULT, 'bf43b54c-a4bc-5d33-aa98-7eec9416e9b6', '71c8f57c-aae5-5ac8-8fc0-a1ff399b17b8', '5f2c632c-1003-5d3e-94f5-6085899aa359', 4, 'Bra opplevelse hos Sophia. Hun er profesjonell og resultatet ble som forventet. Kommer igjen!'), ('3e719494-33aa-507b-808e-897e0e2dae22', DEFAULT, '12388924-818e-57b5-8cbf-008d26ba5731', '71c8f57c-aae5-5ac8-8fc0-a1ff399b17b8', '5ac46069-d153-5b50-a0be-8a017d379243', 5, 'Absolutt fantastisk! Emma er så dyktig og profesjonell. Resultatet overgikk mine forventninger. Kommer definitivt tilbake!'), ('807aa1e1-7cbb-506f-a6c7-0750007a4e56', DEFAULT, '5d142947-2c8b-5f01-a3e6-a597b5983d50', '815c84a1-9088-5e6f-b1ab-0853285c0e5d', '5ac46069-d153-5b50-a0be-8a017d379243', 5, 'Utrolig bra jobb! Sofia har virkelig peiling på det hun driver med. Anbefaler henne til alle!'), ('9cbd790e-046f-590c-9877-a73a8a6b5151', DEFAULT, '05831bf0-1881-5c08-acd9-6cff74d1c135', '71c8f57c-aae5-5ac8-8fc0-a1ff399b17b8', '5fef9e7c-116a-5504-a6ae-d16f4442d448', 5, 'Kunne ikke vært mer fornøyd! Maria lyttet til ønskene mine og leverte akkurat det jeg ønsket meg.'), ('e6775ca7-ca37-529c-93bc-4fa5982ad84e', DEFAULT, 'a16b6848-d93e-52fd-8dee-885a237958e5', '815c84a1-9088-5e6f-b1ab-0853285c0e5d', '5ac46069-d153-5b50-a0be-8a017d379243', 4, 'Bra opplevelse hos Sophia. Hun er profesjonell og resultatet ble som forventet. Kommer igjen!'), ('da51e0e0-5c0f-5367-a48b-14bbc692f675', DEFAULT, '612e443e-988b-5495-8f76-fd7bc6465b9c', '5ac46069-d153-5b50-a0be-8a017d379243', '5fef9e7c-116a-5504-a6ae-d16f4442d448', 4, 'Perfekt utførelse! Anbefaler henne til alle mine kunder også.'), ('6040c8e6-57a8-5e41-9e35-fc9c049f077b', DEFAULT, '46a480a2-27c9-5af3-8dd9-97b2db92d43f', '5f2c632c-1003-5d3e-94f5-6085899aa359', '5ac46069-d153-5b50-a0be-8a017d379243', 5, 'Så bra service! Kommer til å anbefale henne til venner og familie.'), ('88d6ff0b-e872-5183-8b3e-3299df92467e', DEFAULT, '44816af4-673d-5df1-b7d7-d7d0c6b12e02', '5f2c632c-1003-5d3e-94f5-6085899aa359', '5fef9e7c-116a-5504-a6ae-d16f4442d448', 5, 'Flott opplevelse! God å finne noen som tar seg tid til å gjøre jobben skikkelig.'), ('384fad82-6ca6-5837-bb83-72d3b4920deb', DEFAULT, 'a2b06727-6b2a-5933-8aee-8ddf8f294101', '5ac46069-d153-5b50-a0be-8a017d379243', '5f2c632c-1003-5d3e-94f5-6085899aa359', 5, 'Kjempefornøyd! Hun er virkelig flink til det hun driver med.'), ('2582524a-86a9-5c45-81d3-2d2a55068447', DEFAULT, '3c1e3879-62f2-5f34-bce0-f5aaf27d9324', '5f2c632c-1003-5d3e-94f5-6085899aa359', '5fef9e7c-116a-5504-a6ae-d16f4442d448', 5, 'Så profesjonell og hyggelig! Resultatet ble akkurat som jeg ønsket.'), ('b72cf013-a8fb-5e48-b95a-92dad37c9e88', DEFAULT, '2a02830a-2636-5e4f-84c3-6d342f3c73a3', '5f2c632c-1003-5d3e-94f5-6085899aa359', '5fef9e7c-116a-5504-a6ae-d16f4442d448', 4, 'Fantastisk jobb! Jeg jobber selv i bransjen og kan virkelig sette pris på kvaliteten her.'), ('fd39907a-9aca-53dd-926b-056df80e00e0', DEFAULT, '4a27d247-c2bf-50c1-a2ac-57f93c8063f7', '5f2c632c-1003-5d3e-94f5-6085899aa359', '5ac46069-d153-5b50-a0be-8a017d379243', 5, 'Så bra service! Kommer til å anbefale henne til venner og familie.'), ('d7cc3175-3f9d-5d8c-ac74-24906df7fa0c', DEFAULT, '724cc590-91ed-5190-8d6f-17939b16e5ba', '71c8f57c-aae5-5ac8-8fc0-a1ff399b17b8', '5ac46069-d153-5b50-a0be-8a017d379243', 5, 'Som stylist selv kan jeg si at dette var virkelig profesjonelt utført! Imponert over teknikken og resultatet.'), ('1118db83-83a4-5a43-be97-941413e47e17', DEFAULT, '67ec4adb-6fb5-53a4-9d19-1440fe8cdca7', '71c8f57c-aae5-5ac8-8fc0-a1ff399b17b8', '5f2c632c-1003-5d3e-94f5-6085899aa359', 5, 'Perfekt utførelse! Anbefaler henne til alle mine kunder også.'), ('a890146a-738a-52a7-a041-55cc9fd7a3d4', DEFAULT, '4f5ecdf9-3092-523f-99e9-11e8ad888546', '71c8f57c-aae5-5ac8-8fc0-a1ff399b17b8', '5fef9e7c-116a-5504-a6ae-d16f4442d448', 5, 'Så bra å finne en kollega som leverer så høy kvalitet! Kommer definitivt tilbake.'), ('e9ee2238-b8dd-5de4-9b9a-f0af56ee131f', DEFAULT, '293a273d-dcae-5860-93ac-b71d70f83626', '5f2c632c-1003-5d3e-94f5-6085899aa359', '5ac46069-d153-5b50-a0be-8a017d379243', 5, 'Kjempefornøyd! Hun er virkelig flink til det hun driver med.'), ('6e8a31b5-6635-5c35-b562-8bf0ac0521ba', DEFAULT, '497d59ff-347b-5930-8da7-1a2f341df1e8', '71c8f57c-aae5-5ac8-8fc0-a1ff399b17b8', '5ac46069-d153-5b50-a0be-8a017d379243', 5, 'Kjempefornøyd! Hun er virkelig flink til det hun driver med.'), ('22bfa6bd-b70f-557b-89ec-8f6dcec03002', DEFAULT, 'c90fa8eb-cc23-5101-a427-696268215e26', '5f2c632c-1003-5d3e-94f5-6085899aa359', '5fef9e7c-116a-5504-a6ae-d16f4442d448', 5, 'Kjempefornøyd! Hun er virkelig flink til det hun driver med.'), ('840576bb-3d34-5f40-8e15-255fab9c38b9', DEFAULT, 'd9169c4b-322d-5312-a544-479e3f8b3e48', '5ac46069-d153-5b50-a0be-8a017d379243', '5f2c632c-1003-5d3e-94f5-6085899aa359', 4, 'Fantastisk resultat! Kunne ikke vært mer fornøyd med opplevelsen.'), ('aadb568a-1655-579b-ae5d-0e776b973795', DEFAULT, 'e65e9495-0783-5e03-bf06-d753276745aa', '5f2c632c-1003-5d3e-94f5-6085899aa359', '5fef9e7c-116a-5504-a6ae-d16f4442d448', 5, 'Fantastisk jobb! Jeg jobber selv i bransjen og kan virkelig sette pris på kvaliteten her.'), ('4754d9d3-0a3f-5d6b-ab75-ca6d4ff209a9', DEFAULT, '88674cf3-deba-50f1-8ce8-9b2d65a7e4bf', '5ac46069-d153-5b50-a0be-8a017d379243', '5f2c632c-1003-5d3e-94f5-6085899aa359', 5, 'Så bra service! Kommer til å anbefale henne til venner og familie.'), ('2745d202-e023-5fde-b7e9-50f0295fde9b', DEFAULT, '673c29dd-6c68-5ff5-b7d8-d406164b6d89', '71c8f57c-aae5-5ac8-8fc0-a1ff399b17b8', '5fef9e7c-116a-5504-a6ae-d16f4442d448', 5, 'Flott opplevelse! God å finne noen som tar seg tid til å gjøre jobben skikkelig.'), ('64df8cf2-0f85-510f-a791-d7803fed043e', DEFAULT, 'f7919f4f-0c99-597c-983c-1eb5590de3f1', '5f2c632c-1003-5d3e-94f5-6085899aa359', '5ac46069-d153-5b50-a0be-8a017d379243', 4, 'Så profesjonell og hyggelig! Resultatet ble akkurat som jeg ønsket.'), ('294822a0-371f-5231-b13c-f540f7b3260e', DEFAULT, 'ee585ce6-086c-5ef1-bf19-e379dda27f2a', '5ac46069-d153-5b50-a0be-8a017d379243', '5f2c632c-1003-5d3e-94f5-6085899aa359', 5, 'Utrolig dyktig! Som stylist vet jeg hva som kreves, og dette var toppklasse.'), ('7fec7245-8eaf-5266-a401-655e4007953c', DEFAULT, '66ba785f-af4a-57b2-9350-bda587133953', '815c84a1-9088-5e6f-b1ab-0853285c0e5d', '5fef9e7c-116a-5504-a6ae-d16f4442d448', 5, 'Flott opplevelse! God å finne noen som tar seg tid til å gjøre jobben skikkelig.'), ('9deab23c-9ef7-5f2b-8fda-0125c9728ae2', DEFAULT, 'a3e312c3-be01-5537-86e3-3c5301b732f0', '5fef9e7c-116a-5504-a6ae-d16f4442d448', '5f2c632c-1003-5d3e-94f5-6085899aa359', 5, 'Kjempefornøyd! Hun er virkelig flink til det hun driver med.'), ('a2d1c405-0cf8-524d-8974-cbf94eec3cc5', DEFAULT, '8bf02f04-857f-565d-9557-5ccfda142025', '5fef9e7c-116a-5504-a6ae-d16f4442d448', '5f2c632c-1003-5d3e-94f5-6085899aa359', 5, 'Fantastisk resultat! Kunne ikke vært mer fornøyd med opplevelsen.'), ('f7e2667e-69b1-5947-909b-c60087301e28', DEFAULT, 'e3463b91-5c9f-5432-9fbf-dc80dbe048aa', '5fef9e7c-116a-5504-a6ae-d16f4442d448', '5ac46069-d153-5b50-a0be-8a017d379243', 4, 'Fantastisk jobb! Jeg jobber selv i bransjen og kan virkelig sette pris på kvaliteten her.');
-- Created 31 reviews for completed bookings
INSERT INTO public.media (id,created_at,file_path,media_type,chat_message_id,service_id,owner_id,application_id,review_id,is_preview_image) VALUES ('de44e036-cbf0-529c-87ed-bd3345ca0b82', DEFAULT, 'https://images.unsplash.com/photo-1604654894610-df63bc536371?w=400', 'review_image', NULL, NULL, NULL, NULL, NULL, 'f'), ('22286c3a-ccb2-599c-b1e3-c56133ea7db0', DEFAULT, 'https://images.unsplash.com/photo-1571019613454-1cb2f99b2d8b?w=400', 'review_image', NULL, NULL, NULL, NULL, NULL, 'f'), ('e37e2e30-cafd-5cba-b5dc-72f782abc284', DEFAULT, 'https://images.unsplash.com/photo-1522337360788-8b13dee7a37e?w=400', 'review_image', NULL, NULL, NULL, NULL, NULL, 'f'), ('5203e243-39d8-547a-a11f-dee9f3dab258', DEFAULT, 'https://images.unsplash.com/photo-1522337360788-8b13dee7a37e?w=400', 'review_image', NULL, NULL, NULL, NULL, NULL, 'f'), ('f492612a-9a9c-5b32-983d-b0b009f72ddb', DEFAULT, 'https://images.unsplash.com/photo-1571019613454-1cb2f99b2d8b?w=400', 'review_image', NULL, NULL, NULL, NULL, NULL, 'f'), ('0016ee75-077f-5c2e-891b-f52828091242', DEFAULT, 'https://images.unsplash.com/photo-1560869713-c9e73ac4e93f?w=400', 'review_image', NULL, NULL, NULL, NULL, NULL, 'f'), ('0f0cbf70-6f49-56cc-aab1-0e1785a16d2d', DEFAULT, 'https://images.unsplash.com/photo-1571019613454-1cb2f99b2d8b?w=400', 'review_image', NULL, NULL, NULL, NULL, NULL, 'f'), ('daa13cc6-5bea-549c-a780-7727eadb6f45', DEFAULT, 'https://images.unsplash.com/photo-1560869713-c9e73ac4e93f?w=400', 'review_image', NULL, NULL, NULL, NULL, NULL, 'f'), ('df2ec377-9c9c-5267-9413-60d9ae6cc3a0', DEFAULT, 'https://images.unsplash.com/photo-1522337360788-8b13dee7a37e?w=400', 'review_image', NULL, NULL, NULL, NULL, NULL, 'f'), ('dcc0886e-159a-58a9-8a06-150f16c84cde', DEFAULT, 'https://images.unsplash.com/photo-1571019613454-1cb2f99b2d8b?w=400', 'review_image', NULL, NULL, NULL, NULL, NULL, 'f'), ('51a0f3f3-091a-5931-b035-99ccf6162f43', DEFAULT, 'https://images.unsplash.com/photo-1604654894610-df63bc536371?w=400', 'review_image', NULL, NULL, NULL, NULL, NULL, 'f'), ('dca66327-c2a5-598f-b7e5-ed64637d27bf', DEFAULT, 'https://images.unsplash.com/photo-1522337360788-8b13dee7a37e?w=400', 'review_image', NULL, NULL, NULL, NULL, NULL, 'f'), ('dec028db-16c4-5158-b304-42ded22dc345', DEFAULT, 'https://images.unsplash.com/photo-1522337360788-8b13dee7a37e?w=400', 'review_image', NULL, NULL, NULL, NULL, NULL, 'f'), ('fba596c5-03c1-53a8-8c0f-94b75a34942b', DEFAULT, 'https://images.unsplash.com/photo-1604654894610-df63bc536371?w=400', 'review_image', NULL, NULL, NULL, NULL, NULL, 'f'), ('d8342494-9fbc-55d5-a79c-cdc12b27e759', DEFAULT, 'https://images.unsplash.com/photo-1560869713-c9e73ac4e93f?w=400', 'review_image', NULL, NULL, NULL, NULL, NULL, 'f'), ('929170db-2fd4-516f-acf9-9f0bf490f5cd', DEFAULT, 'https://images.unsplash.com/photo-1583001931096-959e9a1a6223?w=400', 'review_image', NULL, NULL, NULL, NULL, NULL, 'f'), ('49622743-c543-58e0-9692-fb26c1325fda', DEFAULT, 'https://images.unsplash.com/photo-1583001931096-959e9a1a6223?w=400', 'review_image', NULL, NULL, NULL, NULL, NULL, 'f'), ('48239312-345b-56a1-af3b-0e64bb8b1f6c', DEFAULT, 'https://images.unsplash.com/photo-1560869713-c9e73ac4e93f?w=400', 'review_image', NULL, NULL, NULL, NULL, NULL, 'f'), ('0484db08-7e2c-596d-a4ef-c8a44c7f667a', DEFAULT, 'https://images.unsplash.com/photo-1604654894610-df63bc536371?w=400', 'review_image', NULL, NULL, NULL, NULL, NULL, 'f'), ('9a4577e0-fe37-579e-bdc9-4f2f8819f8f0', DEFAULT, 'https://images.unsplash.com/photo-1571019613454-1cb2f99b2d8b?w=400', 'review_image', NULL, NULL, NULL, NULL, NULL, 'f'), ('4d6f91d7-8ce6-59a4-a097-617d50434d63', DEFAULT, 'https://images.unsplash.com/photo-1583001931096-959e9a1a6223?w=400', 'review_image', NULL, NULL, NULL, NULL, NULL, 'f'), ('401999fc-7ccc-58b1-8d66-8055b20a565a', DEFAULT, 'https://images.unsplash.com/photo-1583001931096-959e9a1a6223?w=400', 'review_image', NULL, NULL, NULL, NULL, NULL, 'f'), ('ce9d0acb-b04a-5bd9-a9f5-db83c8e9d098', DEFAULT, 'https://images.unsplash.com/photo-1583001931096-959e9a1a6223?w=400', 'review_image', NULL, NULL, NULL, NULL, NULL, 'f');
UPDATE public.media SET owner_id = '71c8f57c-aae5-5ac8-8fc0-a1ff399b17b8', review_id = '1b3a4894-b0fd-5bc9-9073-1e189f8f3f51' WHERE id = 'de44e036-cbf0-529c-87ed-bd3345ca0b82';
UPDATE public.media SET owner_id = '71c8f57c-aae5-5ac8-8fc0-a1ff399b17b8', review_id = '1b3a4894-b0fd-5bc9-9073-1e189f8f3f51' WHERE id = '22286c3a-ccb2-599c-b1e3-c56133ea7db0';
UPDATE public.media SET owner_id = '71c8f57c-aae5-5ac8-8fc0-a1ff399b17b8', review_id = '7379d022-aa2a-510e-bb61-a9168729a731' WHERE id = 'e37e2e30-cafd-5cba-b5dc-72f782abc284';
UPDATE public.media SET owner_id = '71c8f57c-aae5-5ac8-8fc0-a1ff399b17b8', review_id = '7379d022-aa2a-510e-bb61-a9168729a731' WHERE id = '5203e243-39d8-547a-a11f-dee9f3dab258';
UPDATE public.media SET owner_id = '71c8f57c-aae5-5ac8-8fc0-a1ff399b17b8', review_id = '9cbd790e-046f-590c-9877-a73a8a6b5151' WHERE id = 'f492612a-9a9c-5b32-983d-b0b009f72ddb';
UPDATE public.media SET owner_id = '71c8f57c-aae5-5ac8-8fc0-a1ff399b17b8', review_id = '9cbd790e-046f-590c-9877-a73a8a6b5151' WHERE id = '0016ee75-077f-5c2e-891b-f52828091242';
UPDATE public.media SET owner_id = '5f2c632c-1003-5d3e-94f5-6085899aa359', review_id = '6040c8e6-57a8-5e41-9e35-fc9c049f077b' WHERE id = '0f0cbf70-6f49-56cc-aab1-0e1785a16d2d';
UPDATE public.media SET owner_id = '5f2c632c-1003-5d3e-94f5-6085899aa359', review_id = '2582524a-86a9-5c45-81d3-2d2a55068447' WHERE id = 'daa13cc6-5bea-549c-a780-7727eadb6f45';
UPDATE public.media SET owner_id = '5f2c632c-1003-5d3e-94f5-6085899aa359', review_id = '2582524a-86a9-5c45-81d3-2d2a55068447' WHERE id = 'df2ec377-9c9c-5267-9413-60d9ae6cc3a0';
UPDATE public.media SET owner_id = '71c8f57c-aae5-5ac8-8fc0-a1ff399b17b8', review_id = 'd7cc3175-3f9d-5d8c-ac74-24906df7fa0c' WHERE id = 'dcc0886e-159a-58a9-8a06-150f16c84cde';
UPDATE public.media SET owner_id = '5f2c632c-1003-5d3e-94f5-6085899aa359', review_id = 'e9ee2238-b8dd-5de4-9b9a-f0af56ee131f' WHERE id = '51a0f3f3-091a-5931-b035-99ccf6162f43';
UPDATE public.media SET owner_id = '5ac46069-d153-5b50-a0be-8a017d379243', review_id = '840576bb-3d34-5f40-8e15-255fab9c38b9' WHERE id = 'dca66327-c2a5-598f-b7e5-ed64637d27bf';
UPDATE public.media SET owner_id = '5ac46069-d153-5b50-a0be-8a017d379243', review_id = '840576bb-3d34-5f40-8e15-255fab9c38b9' WHERE id = 'dec028db-16c4-5158-b304-42ded22dc345';
UPDATE public.media SET owner_id = '5ac46069-d153-5b50-a0be-8a017d379243', review_id = '840576bb-3d34-5f40-8e15-255fab9c38b9' WHERE id = 'fba596c5-03c1-53a8-8c0f-94b75a34942b';
UPDATE public.media SET owner_id = '71c8f57c-aae5-5ac8-8fc0-a1ff399b17b8', review_id = '2745d202-e023-5fde-b7e9-50f0295fde9b' WHERE id = 'd8342494-9fbc-55d5-a79c-cdc12b27e759';
UPDATE public.media SET owner_id = '71c8f57c-aae5-5ac8-8fc0-a1ff399b17b8', review_id = '2745d202-e023-5fde-b7e9-50f0295fde9b' WHERE id = '929170db-2fd4-516f-acf9-9f0bf490f5cd';
UPDATE public.media SET owner_id = '71c8f57c-aae5-5ac8-8fc0-a1ff399b17b8', review_id = '2745d202-e023-5fde-b7e9-50f0295fde9b' WHERE id = '49622743-c543-58e0-9692-fb26c1325fda';
UPDATE public.media SET owner_id = '815c84a1-9088-5e6f-b1ab-0853285c0e5d', review_id = '7fec7245-8eaf-5266-a401-655e4007953c' WHERE id = '48239312-345b-56a1-af3b-0e64bb8b1f6c';
UPDATE public.media SET owner_id = '815c84a1-9088-5e6f-b1ab-0853285c0e5d', review_id = '7fec7245-8eaf-5266-a401-655e4007953c' WHERE id = '0484db08-7e2c-596d-a4ef-c8a44c7f667a';
UPDATE public.media SET owner_id = '815c84a1-9088-5e6f-b1ab-0853285c0e5d', review_id = '7fec7245-8eaf-5266-a401-655e4007953c' WHERE id = '9a4577e0-fe37-579e-bdc9-4f2f8819f8f0';
UPDATE public.media SET owner_id = '5fef9e7c-116a-5504-a6ae-d16f4442d448', review_id = 'f7e2667e-69b1-5947-909b-c60087301e28' WHERE id = '4d6f91d7-8ce6-59a4-a097-617d50434d63';
UPDATE public.media SET owner_id = '5fef9e7c-116a-5504-a6ae-d16f4442d448', review_id = 'f7e2667e-69b1-5947-909b-c60087301e28' WHERE id = '401999fc-7ccc-58b1-8d66-8055b20a565a';
UPDATE public.media SET owner_id = '5fef9e7c-116a-5504-a6ae-d16f4442d448', review_id = 'f7e2667e-69b1-5947-909b-c60087301e28' WHERE id = 'ce9d0acb-b04a-5bd9-a9f5-db83c8e9d098';
-- Added 23 review images
-- Successfully seeded database with reviews and ratings!
-- Test accounts:
--   Customer 1: kari.nordmann@example.com (6 bookings)
--   Customer 2: ole.hansen@example.com (2 bookings)
--   All stylists have reviews both received and written
--   Total reviews: 31
