INSERT INTO public.service_categories (id,name,parent_category_id,description) VALUES ('774d6a93-1a7a-59f0-b70f-9b0cccb98376', 'Hår', NULL, 'Hårtjenester inkludert klipp, farge og styling'), ('40613055-bb54-561d-9553-1fee5ba0e651', 'Negler', NULL, 'Manikyr, pedikyr og negledesign'), ('a1b8b547-cac9-5eef-87c4-eb2759d940ae', 'Makeup', NULL, 'Profesjonell makeup for alle anledninger'), ('079569b3-a55d-55e1-975d-b26972bc6ec6', 'Bryn & Vipper', NULL, 'Forming av bryn og vippeextensions'), ('48d376e0-21ce-5ed7-b7bc-26086c834c23', 'Bryllup', NULL, 'Spesialtjenester for bryllup');
INSERT INTO public.service_categories (id,name,parent_category_id,description) VALUES ('8b9acf0f-1e59-575c-8539-e1b41ada88c8', 'Herreklipp', NULL, 'Klipp og styling for menn'), ('0ec9257e-284f-5a2d-b768-ee9c1e056c43', 'Dameklipp', NULL, 'Klipp og styling for damer'), ('8a0318a1-1626-585e-839f-0e881f24edd2', 'Farge & Striper', NULL, 'Hårfarge, striper og balayage'), ('0af81dd5-c20a-54cb-9ab7-0de1259a4a46', 'Gellack', NULL, 'Holdbar gellakk manikyr'), ('fc3ffaa5-5262-5b4f-a287-30c465b44480', 'Negleextensions', NULL, 'Forlengelse av negler'), ('6c6f1199-278a-5664-988f-1292e2cae64b', 'Dagsmakeup', NULL, 'Naturlig makeup for hverdagen'), ('5ddde919-1114-53e9-a4c0-dc2145920408', 'Festmakeup', NULL, 'Glamorøs makeup for spesielle anledninger'), ('17f95600-eff1-5970-a211-d8e83a29ea50', 'Vippeextensions', NULL, 'Profesjonelle vippeextensions'), ('b3f2d1e0-2855-5597-a47f-1b112e22270b', 'Brynslaminering', NULL, 'Laminering og forming av bryn'), ('9c628742-bfcd-5d58-a89d-628582c258c7', 'Brudemakeup', NULL, 'Spesialmakeup for bruden'), ('4359c682-2693-5b27-afb1-0113f84759e2', 'Brudefrisyre', NULL, 'Frisyre for bruden');
UPDATE public.service_categories SET parent_category_id = '774d6a93-1a7a-59f0-b70f-9b0cccb98376' WHERE id = '8b9acf0f-1e59-575c-8539-e1b41ada88c8';
UPDATE public.service_categories SET parent_category_id = '774d6a93-1a7a-59f0-b70f-9b0cccb98376' WHERE id = '0ec9257e-284f-5a2d-b768-ee9c1e056c43';
UPDATE public.service_categories SET parent_category_id = '774d6a93-1a7a-59f0-b70f-9b0cccb98376' WHERE id = '8a0318a1-1626-585e-839f-0e881f24edd2';
UPDATE public.service_categories SET parent_category_id = '40613055-bb54-561d-9553-1fee5ba0e651' WHERE id = '0af81dd5-c20a-54cb-9ab7-0de1259a4a46';
UPDATE public.service_categories SET parent_category_id = '40613055-bb54-561d-9553-1fee5ba0e651' WHERE id = 'fc3ffaa5-5262-5b4f-a287-30c465b44480';
UPDATE public.service_categories SET parent_category_id = 'a1b8b547-cac9-5eef-87c4-eb2759d940ae' WHERE id = '6c6f1199-278a-5664-988f-1292e2cae64b';
UPDATE public.service_categories SET parent_category_id = 'a1b8b547-cac9-5eef-87c4-eb2759d940ae' WHERE id = '5ddde919-1114-53e9-a4c0-dc2145920408';
UPDATE public.service_categories SET parent_category_id = '079569b3-a55d-55e1-975d-b26972bc6ec6' WHERE id = '17f95600-eff1-5970-a211-d8e83a29ea50';
UPDATE public.service_categories SET parent_category_id = '079569b3-a55d-55e1-975d-b26972bc6ec6' WHERE id = 'b3f2d1e0-2855-5597-a47f-1b112e22270b';
UPDATE public.service_categories SET parent_category_id = '48d376e0-21ce-5ed7-b7bc-26086c834c23' WHERE id = '9c628742-bfcd-5d58-a89d-628582c258c7';
UPDATE public.service_categories SET parent_category_id = '48d376e0-21ce-5ed7-b7bc-26086c834c23' WHERE id = '4359c682-2693-5b27-afb1-0113f84759e2';
INSERT INTO auth.users (instance_id,id,aud,role,email,encrypted_password,email_confirmed_at,invited_at,confirmation_token,confirmation_sent_at,recovery_token,recovery_sent_at,email_change_token_new,email_change,email_change_sent_at,last_sign_in_at,raw_app_meta_data,raw_user_meta_data,is_super_admin,created_at,updated_at,phone,phone_confirmed_at,phone_change,phone_change_token,phone_change_sent_at,email_change_token_current,email_change_confirm_status,banned_until,reauthentication_token,reauthentication_sent_at,is_sso_user,deleted_at,is_anonymous) VALUES ('00000000-0000-0000-0000-000000000000', '0f5d546a-dd80-5406-a005-a4f3061b9fb4', 'authenticated', 'authenticated', 'admin@nabostylisten.no', '$2a$10$JEpaf.puIXxfqjkPaNCLle3a0yB4x2XbnTUH7L5SoK7J45bpeykla', '2025-07-25T20:47:49.286Z', NULL, '5dc1zr3rbqyhm4tlfc6po', NULL, 'c9qdwiget3pnzmihi3lic', '2025-07-25T20:42:49.286Z', 'p2rg1zzarmbsovpyhgg4ua', '3igrqlo58u5co4kug1er4t', NULL, '2025-08-23T20:42:49.286Z', '{"provider":"email","providers":["email"]}', '{"sub":"","email":"admin@nabostylisten.no","full_name":"Admin User","role":"admin","phone_number":"+4712345678","email_verified":true,"phone_verified":false}', NULL, '2025-07-25T20:42:49.286Z', '2025-08-23T20:42:49.286Z', NULL, NULL, 'vafso3zi37vut3egtcojr', 'brlk9uyp2gabsuqzy48o2', NULL, 'qc0ia9ol8ydhzbwqn9b7wb', 0, NULL, 'qbulecsnvt91d0w6voi6', NULL, 'f', NULL, 'f'), ('00000000-0000-0000-0000-000000000000', '5fef9e7c-116a-5504-a6ae-d16f4442d448', 'authenticated', 'authenticated', 'maria.hansen@example.com', '$2a$10$JEpaf.puIXxfqjkPaNCLle3a0yB4x2XbnTUH7L5SoK7J45bpeykla', '2025-07-25T20:47:49.287Z', NULL, '3v91iu1dc64vnu6a2nzvj8', NULL, 'idekhk66azwbtoasuhde', '2025-07-25T20:42:49.287Z', 'o8gngmohpzjqqrupgelg7p', 'xh7jopi6hg5yqi6jfb4ma', NULL, '2025-08-23T20:42:49.287Z', '{"provider":"email","providers":["email"]}', '{"sub":"","email":"maria.hansen@example.com","full_name":"Maria Hansen","role":"stylist","phone_number":"+4790123456","email_verified":true,"phone_verified":false}', NULL, '2025-07-25T20:42:49.287Z', '2025-08-23T20:42:49.287Z', NULL, NULL, '577su2m7hzcuqx8dx9ds6c', 'k0yaxaqdlhc3yh1xqop7w', NULL, 'uh94oqullpskrl8zvmpsn', 0, NULL, 'i7ko7yb6yr7ev3fj2fdwm', NULL, 'f', NULL, 'f'), ('00000000-0000-0000-0000-000000000000', '5ac46069-d153-5b50-a0be-8a017d379243', 'authenticated', 'authenticated', 'sophia.larsen@example.com', '$2a$10$JEpaf.puIXxfqjkPaNCLle3a0yB4x2XbnTUH7L5SoK7J45bpeykla', '2025-07-25T20:47:49.287Z', NULL, 'x9pglbvy0vuv965lh7fyg', NULL, 'esmf0u5oiforzudooywgm', '2025-07-25T20:42:49.287Z', '9scxfr0rt1dtvco51xk5gm', '5m7sizxq5mku821vfilwm', NULL, '2025-08-23T20:42:49.287Z', '{"provider":"email","providers":["email"]}', '{"sub":"","email":"sophia.larsen@example.com","full_name":"Sophia Larsen","role":"stylist","phone_number":"+4792345678","email_verified":true,"phone_verified":false}', NULL, '2025-07-25T20:42:49.287Z', '2025-08-23T20:42:49.287Z', NULL, NULL, 'x16a9sofkcpdch65uke', 'tqwqhlexz98b8jmrln54nd', NULL, 'ctpb8nek1suemuyf8xdhk', 0, NULL, '23lwkf8yxprhbbyz6pabnzc', NULL, 'f', NULL, 'f'), ('00000000-0000-0000-0000-000000000000', '5f2c632c-1003-5d3e-94f5-6085899aa359', 'authenticated', 'authenticated', 'emma.nilsen@example.com', '$2a$10$JEpaf.puIXxfqjkPaNCLle3a0yB4x2XbnTUH7L5SoK7J45bpeykla', '2025-07-25T20:47:49.287Z', NULL, 'y73va33kgtcq2wvgg8erwb', NULL, 'goe2nm3u7ziku4zrqvtkba', '2025-07-25T20:42:49.287Z', 'kl3crjktbvs9fe4r4zuuy5', 'zr1fjf953bj8g2tkwtorf9', NULL, '2025-08-23T20:42:49.287Z', '{"provider":"email","providers":["email"]}', '{"sub":"","email":"emma.nilsen@example.com","full_name":"Emma Nilsen","role":"stylist","phone_number":"+4791234567","email_verified":true,"phone_verified":false}', NULL, '2025-07-25T20:42:49.287Z', '2025-08-23T20:42:49.287Z', NULL, NULL, 'hkma2dnchptao0wjrrd5o5', 'om9qt0iz0b5tzhpb4ahro', NULL, 'wyc1l064g7qsic5czpn6l', 0, NULL, '0alhk2l0ur7iyse3wzbngqk', NULL, 'f', NULL, 'f'), ('00000000-0000-0000-0000-000000000000', '71c8f57c-aae5-5ac8-8fc0-a1ff399b17b8', 'authenticated', 'authenticated', 'lisa.berg@example.com', '$2a$10$JEpaf.puIXxfqjkPaNCLle3a0yB4x2XbnTUH7L5SoK7J45bpeykla', '2025-07-25T20:47:49.287Z', NULL, 'e0muyghc6oc77n1urfs2sw', NULL, '3o49zam4to1jqd9ht14c8', '2025-07-25T20:42:49.287Z', 'vblkwfvz5pf4d4bizt050w', 'ske0mtyhuee5i64gl5fwm6', NULL, '2025-08-23T20:42:49.287Z', '{"provider":"email","providers":["email"]}', '{"sub":"","email":"lisa.berg@example.com","full_name":"Lisa Berg","role":"stylist","phone_number":"+4795123456","email_verified":true,"phone_verified":false}', NULL, '2025-07-25T20:42:49.287Z', '2025-08-23T20:42:49.287Z', NULL, NULL, 'camsyfd8zwggn8bin6lk4b', 't0mmy81m4sjusj2nz29gh', NULL, '23jtp0x2omw407x4v7rqea', 0, NULL, '87xazseppy9u0siex8qdg', NULL, 'f', NULL, 'f'), ('00000000-0000-0000-0000-000000000000', '815c84a1-9088-5e6f-b1ab-0853285c0e5d', 'authenticated', 'authenticated', 'anna.johansen@example.com', '$2a$10$JEpaf.puIXxfqjkPaNCLle3a0yB4x2XbnTUH7L5SoK7J45bpeykla', '2025-07-25T20:47:49.287Z', NULL, 'plccf9q9zykcpcsvw480p', NULL, 'i3ljzn3nvcbd1nz6momxl', '2025-07-25T20:42:49.287Z', 'lzne0yw3torywb1813hg4h', 'b0gf56n84bpivhp9q3bber', NULL, '2025-08-23T20:42:49.287Z', '{"provider":"email","providers":["email"]}', '{"sub":"","email":"anna.johansen@example.com","full_name":"Anna Johansen","role":"stylist","phone_number":"+4796234567","email_verified":true,"phone_verified":false}', NULL, '2025-07-25T20:42:49.287Z', '2025-08-23T20:42:49.287Z', NULL, NULL, 'fczk1ougkj8hgdrn4p17mi', 'law7waoilf8jlo8z7oqlva', NULL, '0wn54vrinh0rr9s4yhsub3b', 0, NULL, '6ky2sre1jcn2y7xs30s92v', NULL, 'f', NULL, 'f'), ('00000000-0000-0000-0000-000000000000', 'f14ee7a7-b3f9-561d-8cf7-983293f0008f', 'authenticated', 'authenticated', 'ingrid.solberg@example.com', '$2a$10$JEpaf.puIXxfqjkPaNCLle3a0yB4x2XbnTUH7L5SoK7J45bpeykla', '2025-07-25T20:47:49.287Z', NULL, 'kt2fnz7tswj3im273c3gih', NULL, '7rihx6bssm2uighoh377g', '2025-07-25T20:42:49.287Z', 'o9sld17f4894d62o30c9hz', 'cduvwnr04s70d47tt5phd4j', NULL, '2025-08-23T20:42:49.287Z', '{"provider":"email","providers":["email"]}', '{"sub":"","email":"ingrid.solberg@example.com","full_name":"Ingrid Solberg","role":"stylist","phone_number":"+4797345678","email_verified":true,"phone_verified":false}', NULL, '2025-07-25T20:42:49.287Z', '2025-08-23T20:42:49.287Z', NULL, NULL, 'm5gimg9nwjhqfveem9ma1r', '7a2m3cuhn0l7o9us5fbzy', NULL, 'ahoqxspes5vykyh3ik0yj', 0, NULL, '1o12vzrw4gvkyz61745p', NULL, 'f', NULL, 'f'), ('00000000-0000-0000-0000-000000000000', 'e4153ca5-d012-5995-bad4-086731587974', 'authenticated', 'authenticated', 'camilla.eriksen@example.com', '$2a$10$JEpaf.puIXxfqjkPaNCLle3a0yB4x2XbnTUH7L5SoK7J45bpeykla', '2025-07-25T20:47:49.287Z', NULL, 'k3hu16zm3ug769tsq7h2k', NULL, '20ropiuzydqtx8n7qlpdon', '2025-07-25T20:42:49.287Z', 'jpkqh3ryycrt72eaipzoe', '12pe12l5yzdv7swwtzbmzi', NULL, '2025-08-23T20:42:49.287Z', '{"provider":"email","providers":["email"]}', '{"sub":"","email":"camilla.eriksen@example.com","full_name":"Camilla Eriksen","role":"stylist","phone_number":"+4798456789","email_verified":true,"phone_verified":false}', NULL, '2025-07-25T20:42:49.287Z', '2025-08-23T20:42:49.287Z', NULL, NULL, 'ccoficxnckafvsres9s067', 'itq068n8s2o34jch5l5lcd', NULL, '5xxm2359yrh8039ihzuzr8', 0, NULL, '6khs4xdcq0kgoco86h78rj', NULL, 'f', NULL, 'f'), ('00000000-0000-0000-0000-000000000000', '8bb5337a-4ae8-5fe9-834c-d09e97c220b7', 'authenticated', 'authenticated', 'thea.andersen@example.com', '$2a$10$JEpaf.puIXxfqjkPaNCLle3a0yB4x2XbnTUH7L5SoK7J45bpeykla', '2025-07-25T20:47:49.287Z', NULL, 'tpqzlbs5n883gqrjboue', NULL, '7l3crg3a1mkj76sfm8zqc8', '2025-07-25T20:42:49.287Z', 'jqm5yrdpjche4mdcb2w5c', '3n367ck4q3uwdakv4t2y5k', NULL, '2025-08-23T20:42:49.287Z', '{"provider":"email","providers":["email"]}', '{"sub":"","email":"thea.andersen@example.com","full_name":"Thea Andersen","role":"stylist","phone_number":"+4799567890","email_verified":true,"phone_verified":false}', NULL, '2025-07-25T20:42:49.287Z', '2025-08-23T20:42:49.287Z', NULL, NULL, 'rgu69d6aw8qkz7ig48lcj', 'tl8j6urek49khfqtqdfu', NULL, 'qcn2hnj0ft8dochsufd2ss', 0, NULL, '41ufjhzx7wilugzsee1kfl', NULL, 'f', NULL, 'f'), ('00000000-0000-0000-0000-000000000000', 'b36ab93a-34cf-5d2f-8309-1f65466da6f0', 'authenticated', 'authenticated', 'marte.kristiansen@example.com', '$2a$10$JEpaf.puIXxfqjkPaNCLle3a0yB4x2XbnTUH7L5SoK7J45bpeykla', '2025-07-25T20:47:49.287Z', NULL, '4in32gll67smtevwihopa', NULL, 'dp2xq8eucjreox2s9fbok', '2025-07-25T20:42:49.287Z', 'qeubai7654jkmspco6d4p', 'v27spy5b7a120a7qi6e2m', NULL, '2025-08-23T20:42:49.287Z', '{"provider":"email","providers":["email"]}', '{"sub":"","email":"marte.kristiansen@example.com","full_name":"Marte Kristiansen","role":"stylist","phone_number":"+4790678901","email_verified":true,"phone_verified":false}', NULL, '2025-07-25T20:42:49.287Z', '2025-08-23T20:42:49.287Z', NULL, NULL, 'ogvxb4f86wpwpx91zr8nxj', 'cqlsz8t5qphg2uauy66rr8', NULL, '7hcq580ihaf1jzb36kczeo', 0, NULL, 'ids0douakpeijfe46jc7j', NULL, 'f', NULL, 'f'), ('00000000-0000-0000-0000-000000000000', '44315cac-0a3d-513e-ae25-923183abdce2', 'authenticated', 'authenticated', 'sara.pedersen@example.com', '$2a$10$JEpaf.puIXxfqjkPaNCLle3a0yB4x2XbnTUH7L5SoK7J45bpeykla', '2025-07-25T20:47:49.287Z', NULL, 'wsz0fxhm08kiuizeo3o24', NULL, 'nmudghqz1vph177eeoe78', '2025-07-25T20:42:49.287Z', 'rl1uzkvsfxh1bb7p3v4rzx', 'cyygh7k7jammwuo3pbzsoh', NULL, '2025-08-23T20:42:49.287Z', '{"provider":"email","providers":["email"]}', '{"sub":"","email":"sara.pedersen@example.com","full_name":"Sara Pedersen","role":"stylist","phone_number":"+4791789012","email_verified":true,"phone_verified":false}', NULL, '2025-07-25T20:42:49.287Z', '2025-08-23T20:42:49.287Z', NULL, NULL, '60xaun36fwdzq93ueubcn', '07kpfu0bqlgfbsugy0iu51', NULL, 'wjgsphqm6i4k2rr2yp1ff', 0, NULL, '8f7o0gc2uae95kx118z1f7', NULL, 'f', NULL, 'f'), ('00000000-0000-0000-0000-000000000000', 'bc6c992f-6177-5b38-a99d-4c1f8bf2d0e3', 'authenticated', 'authenticated', 'kari.nordmann@example.com', '$2a$10$JEpaf.puIXxfqjkPaNCLle3a0yB4x2XbnTUH7L5SoK7J45bpeykla', '2025-07-25T20:47:49.287Z', NULL, 'c3wy0vwj1tohy1nmioaa6n', NULL, 'dss20k61nvlysg7zhjj1', '2025-07-25T20:42:49.287Z', 'j3dv2cucedk3zjqfn0s1s3', 'h0jtrdjtcri4bw1rj94qd2', NULL, '2025-08-23T20:42:49.287Z', '{"provider":"email","providers":["email"]}', '{"sub":"","email":"kari.nordmann@example.com","full_name":"Kari Nordmann","role":"customer","phone_number":"+4793456789","email_verified":true,"phone_verified":false}', NULL, '2025-07-25T20:42:49.287Z', '2025-08-23T20:42:49.287Z', NULL, NULL, 'xmxfk0eq3pfih545a0h7b9', 'g58o1fsvwfta0kmeh7vebf', NULL, 'k1wpzbo49csvd6ye3d0spk', 0, NULL, 'ppjanv6h5f2uy16cdxx5g', NULL, 'f', NULL, 'f'), ('00000000-0000-0000-0000-000000000000', '5ca75a8e-3605-5166-aa74-4e2e2fc0beef', 'authenticated', 'authenticated', 'ole.hansen@example.com', '$2a$10$JEpaf.puIXxfqjkPaNCLle3a0yB4x2XbnTUH7L5SoK7J45bpeykla', '2025-07-25T20:47:49.287Z', NULL, 'il6dsa892tk63bvqwcgt36', NULL, '286a4a05wisbao4bvjp9', '2025-07-25T20:42:49.287Z', 'tneb273014vpeitfxixoi', 'j5zx4wglaj4nt8r317v8t', NULL, '2025-08-23T20:42:49.287Z', '{"provider":"email","providers":["email"]}', '{"sub":"","email":"ole.hansen@example.com","full_name":"Ole Hansen","role":"customer","phone_number":"+4794567890","email_verified":true,"phone_verified":false}', NULL, '2025-07-25T20:42:49.287Z', '2025-08-23T20:42:49.287Z', NULL, NULL, 'b8bjdxkgopr0pu0g25f9ic', 'vux9tmvwfieyex4jwqxgo', NULL, '6pei72h1m79a72cyl0ibm4', 0, NULL, '10e7h2k3jbnmjb6sj60kjk', NULL, 'f', NULL, 'f'), ('00000000-0000-0000-0000-000000000000', '12b3f6e4-8e09-5767-b1ce-9d45589acea2', 'authenticated', 'authenticated', 'per.jensen@example.com', '$2a$10$JEpaf.puIXxfqjkPaNCLle3a0yB4x2XbnTUH7L5SoK7J45bpeykla', '2025-07-25T20:47:49.287Z', NULL, 'iasezaxq77f4ev9clezs', NULL, 'h71jzl83m0rvybs209c71l', '2025-07-25T20:42:49.287Z', 'z8y9jgzjavlwko6bqcpux', 'x6jrarenn5o3smbioodi27', NULL, '2025-08-23T20:42:49.287Z', '{"provider":"email","providers":["email"]}', '{"sub":"","email":"per.jensen@example.com","full_name":"Per Jensen","role":"customer","phone_number":"+4792890123","email_verified":true,"phone_verified":false}', NULL, '2025-07-25T20:42:49.287Z', '2025-08-23T20:42:49.287Z', NULL, NULL, '90b3zmbbvkb4ilidas3ii3', 'dbxu6vicnuj8ig7srqo7g7', NULL, 'q9mvtxvygjnpdbmqwgee', 0, NULL, '1f785qmkm0wy4sg6uqtote', NULL, 'f', NULL, 'f'), ('00000000-0000-0000-0000-000000000000', '461f046b-b8af-5c8e-95dd-0f9194531ecb', 'authenticated', 'authenticated', 'anne.olsen@example.com', '$2a$10$JEpaf.puIXxfqjkPaNCLle3a0yB4x2XbnTUH7L5SoK7J45bpeykla', '2025-07-25T20:47:49.287Z', NULL, 'inx29bwikhorday6rvno2k', NULL, '289osewzyd77b9lf33y7fo', '2025-07-25T20:42:49.287Z', 'bk16lydbp1uwyzvdjcma8', 't01xm5mc959x4u3zbg8al', NULL, '2025-08-23T20:42:49.287Z', '{"provider":"email","providers":["email"]}', '{"sub":"","email":"anne.olsen@example.com","full_name":"Anne Olsen","role":"customer","phone_number":"+4793901234","email_verified":true,"phone_verified":false}', NULL, '2025-07-25T20:42:49.287Z', '2025-08-23T20:42:49.287Z', NULL, NULL, '5cmmi93wv9ws97dlx63hw', 'rsd63htq99by9ofwhqo03l', NULL, '9748hwi2qo7d1ynjkjxr4', 0, NULL, 'sb5mp28ddha2mwemglx6gm', NULL, 'f', NULL, 'f');
INSERT INTO auth.identities (provider_id,user_id,identity_data,provider,last_sign_in_at,created_at,updated_at,id) VALUES ('0f5d546a-dd80-5406-a005-a4f3061b9fb4', '0f5d546a-dd80-5406-a005-a4f3061b9fb4', '{"sub":"0f5d546a-dd80-5406-a005-a4f3061b9fb4","email":"admin@nabostylisten.no"}', 'email', '2025-08-24T20:42:49.290Z', '2020-12-17T00:05:40.000Z', '2020-05-09T04:27:27.000Z', 'b143eba5-dccf-5102-bf0c-df1fed8e4684'), ('5fef9e7c-116a-5504-a6ae-d16f4442d448', '5fef9e7c-116a-5504-a6ae-d16f4442d448', '{"sub":"5fef9e7c-116a-5504-a6ae-d16f4442d448","email":"maria.hansen@example.com"}', 'email', '2025-08-24T20:42:49.290Z', '2020-07-11T18:06:24.000Z', '2020-05-05T04:50:06.000Z', 'faa53e33-d79d-5e55-8492-9d63f5d3d727'), ('5ac46069-d153-5b50-a0be-8a017d379243', '5ac46069-d153-5b50-a0be-8a017d379243', '{"sub":"5ac46069-d153-5b50-a0be-8a017d379243","email":"sophia.larsen@example.com"}', 'email', '2025-08-24T20:42:49.290Z', '2020-02-02T01:32:57.000Z', '2020-11-11T22:48:09.000Z', '74f042cb-e322-509c-9d63-10e4f595b967'), ('5f2c632c-1003-5d3e-94f5-6085899aa359', '5f2c632c-1003-5d3e-94f5-6085899aa359', '{"sub":"5f2c632c-1003-5d3e-94f5-6085899aa359","email":"emma.nilsen@example.com"}', 'email', '2025-08-24T20:42:49.290Z', '2020-10-10T10:09:38.000Z', '2020-09-17T20:27:37.000Z', 'b9b4b9f5-2df1-59fe-9530-3958f5529a0d'), ('71c8f57c-aae5-5ac8-8fc0-a1ff399b17b8', '71c8f57c-aae5-5ac8-8fc0-a1ff399b17b8', '{"sub":"71c8f57c-aae5-5ac8-8fc0-a1ff399b17b8","email":"lisa.berg@example.com"}', 'email', '2025-08-24T20:42:49.290Z', '2020-10-26T09:34:57.000Z', '2020-03-11T14:50:59.000Z', '97859bee-aa29-5d0d-b116-71d3b0ad5822'), ('815c84a1-9088-5e6f-b1ab-0853285c0e5d', '815c84a1-9088-5e6f-b1ab-0853285c0e5d', '{"sub":"815c84a1-9088-5e6f-b1ab-0853285c0e5d","email":"anna.johansen@example.com"}', 'email', '2025-08-24T20:42:49.290Z', '2020-08-12T07:23:03.000Z', '2020-01-01T00:21:27.000Z', 'f55deac0-fba7-5119-be5d-b74667a58166'), ('f14ee7a7-b3f9-561d-8cf7-983293f0008f', 'f14ee7a7-b3f9-561d-8cf7-983293f0008f', '{"sub":"f14ee7a7-b3f9-561d-8cf7-983293f0008f","email":"ingrid.solberg@example.com"}', 'email', '2025-08-24T20:42:49.290Z', '2020-03-07T02:33:55.000Z', '2020-12-12T11:11:39.000Z', 'c9fbf201-458b-5d64-8921-97497dd30014'), ('e4153ca5-d012-5995-bad4-086731587974', 'e4153ca5-d012-5995-bad4-086731587974', '{"sub":"e4153ca5-d012-5995-bad4-086731587974","email":"camilla.eriksen@example.com"}', 'email', '2025-08-24T20:42:49.290Z', '2020-01-13T00:14:18.000Z', '2020-10-18T09:58:06.000Z', '54770927-fc73-5f45-ada3-a544ad28a4cd'), ('8bb5337a-4ae8-5fe9-834c-d09e97c220b7', '8bb5337a-4ae8-5fe9-834c-d09e97c220b7', '{"sub":"8bb5337a-4ae8-5fe9-834c-d09e97c220b7","email":"thea.andersen@example.com"}', 'email', '2025-08-24T20:42:49.290Z', '2020-06-06T17:17:47.000Z', '2020-05-21T04:19:15.000Z', 'de7516d6-39ee-5278-bec9-c69d77243e5c'), ('b36ab93a-34cf-5d2f-8309-1f65466da6f0', 'b36ab93a-34cf-5d2f-8309-1f65466da6f0', '{"sub":"b36ab93a-34cf-5d2f-8309-1f65466da6f0","email":"marte.kristiansen@example.com"}', 'email', '2025-08-24T20:42:49.290Z', '2020-07-23T19:07:47.000Z', '2020-06-02T17:55:08.000Z', 'bdfe627d-4ee2-5e71-94c3-5e094301e09d'), ('44315cac-0a3d-513e-ae25-923183abdce2', '44315cac-0a3d-513e-ae25-923183abdce2', '{"sub":"44315cac-0a3d-513e-ae25-923183abdce2","email":"sara.pedersen@example.com"}', 'email', '2025-08-24T20:42:49.290Z', '2020-11-03T22:21:07.000Z', '2020-03-11T02:25:29.000Z', '66a3ec8d-a5e2-56df-b923-12d134ca7dcd'), ('bc6c992f-6177-5b38-a99d-4c1f8bf2d0e3', 'bc6c992f-6177-5b38-a99d-4c1f8bf2d0e3', '{"sub":"bc6c992f-6177-5b38-a99d-4c1f8bf2d0e3","email":"kari.nordmann@example.com"}', 'email', '2025-08-24T20:42:49.290Z', '2020-04-04T03:13:40.000Z', '2020-04-24T03:16:12.000Z', '61ba1055-4914-50b2-ac5c-5110c6530a5b'), ('5ca75a8e-3605-5166-aa74-4e2e2fc0beef', '5ca75a8e-3605-5166-aa74-4e2e2fc0beef', '{"sub":"5ca75a8e-3605-5166-aa74-4e2e2fc0beef","email":"ole.hansen@example.com"}', 'email', '2025-08-24T20:42:49.290Z', '2020-12-28T12:02:36.000Z', '2020-08-08T20:04:41.000Z', '7b927fb3-4c18-52f4-b43d-e7ddba3358df'), ('12b3f6e4-8e09-5767-b1ce-9d45589acea2', '12b3f6e4-8e09-5767-b1ce-9d45589acea2', '{"sub":"12b3f6e4-8e09-5767-b1ce-9d45589acea2","email":"per.jensen@example.com"}', 'email', '2025-08-24T20:42:49.290Z', '2020-02-02T01:22:42.000Z', '2020-09-25T08:45:35.000Z', '354c7dba-fb3e-55e2-95ab-db2fb16fa637'), ('461f046b-b8af-5c8e-95dd-0f9194531ecb', '461f046b-b8af-5c8e-95dd-0f9194531ecb', '{"sub":"461f046b-b8af-5c8e-95dd-0f9194531ecb","email":"anne.olsen@example.com"}', 'email', '2025-08-24T20:42:49.290Z', '2020-05-17T04:06:08.000Z', '2020-04-24T15:21:20.000Z', '73b53d32-c26f-5c4b-a0cf-581d03577038');
INSERT INTO public.stylist_details (profile_id,created_at,updated_at,bio,can_travel,has_own_place,travel_distance_km,instagram_profile,facebook_profile,tiktok_profile,youtube_profile,snapchat_profile,other_social_media_urls,stripe_account_id) VALUES ('5fef9e7c-116a-5504-a6ae-d16f4442d448', DEFAULT, DEFAULT, 'Erfaren frisør med over 10 års erfaring. Spesialiserer meg på moderne klipp og fargeteknikker.', 't', 't', 15, '@mariahansen_hair', 'Libid iis quibus ter poena quae es remotissius.', 'Rem ut imam abilita positari, et ocritatur advera vivat vix essariae contingeren et.', 'Stultorquato melioremus metu carerab putare solum.', 'Institio quid rationem ad essent quae.', '{"Appellant mutae fortunae vi malle, sic tollunt faciantur nullam autem reliquarum loqueris."}', 'Fuisse vexet maximamus vitae cum dixitureum moles sunt.'), ('5ac46069-d153-5b50-a0be-8a017d379243', DEFAULT, DEFAULT, 'Spesialist på bryn og vipper. Sertifisert lash technician med fokus på naturlige resultater.', 'f', 't', NULL, '@sophialashes', 'sophialarsenlashes', 'Aiebatum se eum sentiet in are voluptate viven.', 'Discens dicam rem propter continacced, si eos inem utiliustius efficeri.', 'Cognitudit ex litur patria et suscipitur in dein.', '{"Dolorum disserendi estiae plane veniri."}', 'Campum ore admodo ationis spatio inas ut honest.'), ('5f2c632c-1003-5d3e-94f5-6085899aa359', DEFAULT, DEFAULT, 'Makeup artist og negletekniker. Elsker å skape unike looks for mine kunder!', 't', 'f', 20, '@emma_beauty', 'Eorum res quid salut affecerin oculatom, sic mihi quoque ne semperspecta.', '@emmabeautybergen', 'Graecum essensibi quid sicomnis totum melius legit.', 'Ob vero ipsum non polyaeno.', '{"Praeda nec molest repertamen quibus studuis pacem."}', 'Si quod vacuit vacuitatur tot.'), ('71c8f57c-aae5-5ac8-8fc0-a1ff399b17b8', DEFAULT, DEFAULT, 'Profesjonell hårfrisør og fargeekspert. Brenner for å skape fantastiske frisyrer som passer din stil.', 't', 't', 25, '@lisaberg_hair', 'Andum potionest ad natura sed am andistinis videndam.', 'Et esse causa ilioribus postea viam ita.', 'Lat physico esse pro epicus privatque conquirentii reici, unt ipsis nihilia cum quid.', 'Quidem si iucunt voluptatis tu, posid quibus duxit sit nostrum quis hoc.', '{"Quot dolor corporum providerem es cum quid."}', 'Est perantium tractate quia ducim nisi es, locum cur contra loqueris ab sive maximadhuc si.'), ('815c84a1-9088-5e6f-b1ab-0853285c0e5d', DEFAULT, DEFAULT, 'Spesialiserer meg på bryllup og festmakeup. Over 8 års erfaring med å få folk til å skinne!', 't', 't', 30, '@anna_makeup_trondheim', 'annamakeup', 'Gaudeaturam dictur legi voluptas sequi in qui admissimus.', 'Quid omnisi assectet nec apudint inter.', 'Stultus et voluptatem iscent ea, non es tractatis tamquam etiam antiam.', '{"Foedustate beatam in causamicia falsis videtentium mortalo."}', 'Videntur perciplineam nis ruinae discidanim physico neque ano, imus quanta ula illo es pacuvii aut.'), ('f14ee7a7-b3f9-561d-8cf7-983293f0008f', DEFAULT, DEFAULT, 'Sertifisert negletekniker med fokus på gel og akryl. Elsker kreative design og nail art!', 'f', 't', NULL, '@ingrid_nails', 'Epicis extremum sapientes id vivenimus qua.', 'Recta videant etendistin beatus victi mandam suas, afflueret voluptatib quondam eorum quibus summissummis chaere naturrer.', 'Igitistot sit nivem nec paravi viventur vitae viam.', 'Sequaturo sunt tum nihillaram quae suavitur sed superit.', '{"Explicare collegamic cur ipsummum mollis."}', 'E hoc apudiner sin eadem non corrupte, quidemus conclusae utrumque multo ut.'), ('e4153ca5-d012-5995-bad4-086731587974', DEFAULT, DEFAULT, 'Hårfrisør med spesialisering innen balayage og moderne fargeteknikker. La meg hjelpe deg finne din perfekte look!', 't', 't', 20, '@camilla_hair_stavanger', 'Utura in sed quasi an claroribus matisque e, ut inventorquat non reprehentium inum se.', '@camillahair', 'Duris voluperet et sit ut.', 'Ad vide negant cum et.', '{"Ad cura non id epicitia vero."}', 'Declinartib ullus placet dici ulati sit in rentur.'), ('8bb5337a-4ae8-5fe9-834c-d09e97c220b7', DEFAULT, DEFAULT, 'Vippeextensions og brynforming er min spesialitet. Fokus på naturlig skjønnhet og holdbare resultater.', 't', 'f', 15, '@thea_lashes', 'Aret libervi eum enimus plurimi inmortempor non comitus.', 'Voluptates claudicur quas a minus effecta hominquam laetet.', 'Probare et suavitatam commundi qui dissent efficiant, elego ea aegritudo tota doloresset quid delectamen cum.', 'Omnium te legum quaeri ad, gravisset potest firmare iudicemur a.', '{"Ceramore fore officia omnino quam vivendarum autem, philosophar terem tu aut in huic consis."}', 'Ideritiam tractavistip quanta inqueretiam secut ibus.'), ('b36ab93a-34cf-5d2f-8309-1f65466da6f0', DEFAULT, DEFAULT, 'Allsidig stylist med erfaring innen hår, makeup og negler. Jeg hjelper deg å se din beste ut!', 't', 't', 25, '@marte_beauty_krs', 'Eosdemocrit paulo nati in univerar aequit.', 'Natur factis iis ex quo ipemusu.', 'martebeauty', 'Primosophi expetiungim nutu sempiter et summam, a sine equid ani autem qua.', '{"Civium fore loque erruisset tum."}', 'Late est laborem a credo qualesse sum viderit, provintuemur est fuisse ipem omnisque quae.'), ('44315cac-0a3d-513e-ae25-923183abdce2', DEFAULT, DEFAULT, 'Spesialist på festfrisyrer og updos. Perfekt for bryllup, ball og andre spesielle anledninger.', 't', 't', 20, '@sara_hair_kristiansand', 'Temportare imus es veri mundi efficera te ultasse.', 'Quod et itur evolum cur item, mala nec censes exis voluptas.', 'Enimus sensummum quidem bonissimum se.', 'Sedenderig tranquillitter idium humilloqui vim familli tum inducunt, etudin tum filium abistimum finxeratio ea e indicenim.', '{"Et tum quidem id his neglexer quo igit, ea non ulla magnoperet ubi quodsi."}', 'Ut eorum in etiam det, mihi sed volum exis rebus sapientia.');
INSERT INTO public.addresses (id,created_at,updated_at,user_id,nickname,street_address,city,postal_code,country,entry_instructions,is_primary,location) VALUES ('bd3edf5b-ac02-535e-8e3e-6618cb12f398', DEFAULT, DEFAULT, '5fef9e7c-116a-5504-a6ae-d16f4442d448', 'Salong', 'Storgata 15', 'Oslo', '0154', 'Norge', 'Quam compartientis essent si rebus, videorum in voluptate doloris omnium si.', 't', 'POINT(10.746 59.913)'), ('6c9d012c-5297-5c62-86e9-bad5cadf3cac', DEFAULT, DEFAULT, '5ac46069-d153-5b50-a0be-8a017d379243', 'Studio', 'Markveien 35', 'Oslo', '0554', 'Norge', 'Prorsuspicio vero cupid arum carerudit in quae etiam, asperspexit cupio inum inoporum atione quae.', 't', 'POINT(10.7585 59.9295)'), ('0b6e0c50-55a4-5a5a-9c4c-77fe089c812b', DEFAULT, DEFAULT, '5f2c632c-1003-5d3e-94f5-6085899aa359', 'Hjemmekontor', 'Løkkeveien 8', 'Bergen', '5003', 'Norge', 'Et endi stoicos tibusdam ego, romantiqua loco recus afferri ut pluribus.', 't', 'POINT(5.324 60.393)'), ('4d9b24a7-1d63-5bdb-b6fa-66964de3c47d', DEFAULT, DEFAULT, '71c8f57c-aae5-5ac8-8fc0-a1ff399b17b8', 'Salong', 'Strandgaten 55', 'Bergen', '5004', 'Norge', 'Falso quantaque ut illum efficilit.', 't', 'POINT(5.3260 60.3894)'), ('7f78a89c-d6ef-5d26-a4f4-5f88b27e42d8', DEFAULT, DEFAULT, '815c84a1-9088-5e6f-b1ab-0853285c0e5d', 'Studio', 'Munkegata 20', 'Trondheim', '7011', 'Norge', 'Molest am nostra il naturum et paene gere, ultima quae debita id scriptumcum si.', 't', 'POINT(10.395 63.43)'), ('46cdec8c-0435-5711-bcdd-46dbee605a95', DEFAULT, DEFAULT, 'f14ee7a7-b3f9-561d-8cf7-983293f0008f', 'Neglesalong', 'Olav Tryggvasons gate 14', 'Trondheim', '7013', 'Norge', 'Angatur alia tam atomnino et currunt comprehendum hoc, stoici conscientiam init voluptatem nollem est profectam.', 't', 'POINT(10.3950 63.4305)'), ('6c30b436-3b25-59a8-a9bd-75a524932ef2', DEFAULT, DEFAULT, 'e4153ca5-d012-5995-bad4-086731587974', 'Hårstudio', 'Klubbgaten 5', 'Stavanger', '4006', 'Norge', 'Quae meliusque ut conspiratas incorpora, libere gymnasia quod splendidicur quam animi itat neque.', 't', 'POINT(5.733 58.97)'), ('d67d982a-a4f8-5cd1-aa5e-38c4af03c4b3', DEFAULT, DEFAULT, '8bb5337a-4ae8-5fe9-834c-d09e97c220b7', 'Skjønnhetssalong', 'Øvre Holmegate 15', 'Stavanger', '4008', 'Norge', 'Levius ine quod abo a esse.', 't', 'POINT(5.7330 58.9700)'), ('a1d9819c-1cef-505d-94e2-7ea3f870cfab', DEFAULT, DEFAULT, 'b36ab93a-34cf-5d2f-8309-1f65466da6f0', 'Beauty Studio', 'Markens gate 33', 'Kristiansand', '4611', 'Norge', 'Omnino nihillud si scientia geometiam vertatio, tranquillitter labornatur fortitiam quisquam quae ut.', 't', 'POINT(8.00 58.1472)'), ('ee3b6f73-807c-50ab-9beb-a01def0198b5', DEFAULT, DEFAULT, '44315cac-0a3d-513e-ae25-923183abdce2', 'Hårsalong', 'Dronningens gate 15', 'Kristiansand', '4608', 'Norge', 'Philos vidis supere quem epicur animi, im dixeret doctrina qui voluptatib.', 't', 'POINT(7.9956 58.1467)'), ('eab67206-15d4-5717-b7d1-abd2090fe52f', DEFAULT, DEFAULT, 'bc6c992f-6177-5b38-a99d-4c1f8bf2d0e3', 'Hjemme', 'Grønlandsleiret 44', 'Oslo', '0190', 'Norge', 'Ad advero nihillud est et tant nem, nihilitiam quibus delendiscor tam vitium.', 't', 'POINT(10.7608 59.9127)'), ('6c1d6768-1da8-5738-bfb1-ad13d4c99a21', DEFAULT, DEFAULT, '5ca75a8e-3605-5166-aa74-4e2e2fc0beef', 'Leilighet', 'Torgallmenningen 8', 'Bergen', '5014', 'Norge', 'Assecutrum il pecunum omnium conseque cupio et, melius est fore non peccandi id voluptas difficercit.', 't', 'POINT(5.3247 60.3933)'), ('99cb2076-813e-5072-8fe0-12cd684131d7', DEFAULT, DEFAULT, '12b3f6e4-8e09-5767-b1ce-9d45589acea2', 'Hjem', 'Prinsens gate 44', 'Trondheim', '7012', 'Norge', 'Sentientium notae res quam et, ida existimid viam aut it legam.', 't', 'POINT(10.3951 63.4297)'), ('a5153060-7d03-551d-bddc-3270e7ff7e1c', DEFAULT, DEFAULT, '461f046b-b8af-5c8e-95dd-0f9194531ecb', 'Leilighet', 'Kirkegata 20', 'Stavanger', '4005', 'Norge', 'Et atomnia stare nostris confecerit.', 't', 'POINT(5.7315 58.9690)');
INSERT INTO public.services (id,created_at,updated_at,stylist_id,title,description,price,duration_minutes,at_customer_place,at_stylist_place,currency,is_published,includes,requirements) VALUES ('76182b33-2b88-55da-9317-c322cfc4cdb2', DEFAULT, DEFAULT, '71c8f57c-aae5-5ac8-8fc0-a1ff399b17b8', 'Negleforlengelse', 'Forlengelse av negler for ønsket lengde', 2848, 120, 'f', 'f', 'NOK', 't', '{"Neglefil og buffer","UV-lampe behandling","Cuticle behandling"}', '{"Ad sic fugientium putaret quapropteris se, degen c amicis praeterror a meminem tamen medium."}'), ('f66c822d-c39b-5997-9fdd-1cc2906b1259', DEFAULT, DEFAULT, 'f14ee7a7-b3f9-561d-8cf7-983293f0008f', 'Dameklipp', 'Profesjonell klipp med vask og føn. Konsultasjon inkludert.', 2172, 75, 't', 'f', 'NOK', 't', '{"Konsultasjon og fargeråd","Føn og styling","Klipp og styling","Vask og balsam","Hjemmepleieprodukter","Profesjonelle produkter"}', '{"Tilgang til vask og strøm","Stol med ryggstø"}'), ('7c724ddb-a436-508b-954f-ea531f015c8e', DEFAULT, DEFAULT, '5fef9e7c-116a-5504-a6ae-d16f4442d448', 'Akryl negler', 'Forsterkning og forlengelse med akryl', 1767, 120, 't', 't', 'NOK', 't', '{"Cuticle behandling","UV-lampe behandling","Neglebånd massage"}', '{"Tilgang til strøm","Stol med armstø"}'), ('ee28eb0b-265a-5f31-962b-baeb03171f3b', DEFAULT, DEFAULT, '5f2c632c-1003-5d3e-94f5-6085899aa359', 'Shellac behandling', 'Langtidsholdbar neglelakk behandling', 1233, 75, 't', 'f', 'NOK', 't', '{"Neglebånd massage","Neglelakk av høy kvalitet","Base coat og top coat","UV-lampe behandling"}', '{"God belysning","Bord eller fast overflate","Stol med armstø","Godt ventilert rom"}'), ('bdd1b363-ac2b-5678-88e3-3a63f4b658f4', DEFAULT, DEFAULT, '5f2c632c-1003-5d3e-94f5-6085899aa359', 'Hårfarge', 'Permanent hårfarge i ønsket nyanse', 2069, 90, 't', 'f', 'NOK', 't', '{"Konsultasjon og fargeråd","Føn og styling","Hjemmepleieprodukter","Klipp og styling","Vask og balsam","Profesjonelle produkter"}', '{"Tilgang til vask og strøm","Stol med ryggstø","God belysning"}'), ('e00070ec-a32f-50ad-9dca-90b08b918d33', DEFAULT, DEFAULT, '44315cac-0a3d-513e-ae25-923183abdce2', 'Brudesminke prøve', 'Prøvetime for brudemakeup', 1071, 120, 'f', 'f', 'NOK', 't', '{"Brudeparti styling tilbud","Foto dokumentasjon","Touchup under dagen","Profesjonelle produkter"}', '{"Alitum idit dominosop sapientiam ut maxim tem, tu mihi potes ad quid horrent labere."}'), ('14988abd-97c9-5f3a-be9a-59d5637d4463', DEFAULT, DEFAULT, '5fef9e7c-116a-5504-a6ae-d16f4442d448', 'Brude makeup', 'Perfekt makeup for din store dag', 2433, 120, 'f', 'f', 'NOK', 't', '{"Styling tips","Touchup produkter","Sminke fjerner","Foto-ready finish","Makeup konsultasjon","Profesjonelle produkter"}', '{"Tament sed gaudem praeclaretiam possimis ei, ini omnemin ac ipsummum habeat in nulla perante."}'), ('5d426f4d-43a7-5476-969b-4ca4336173ad', DEFAULT, DEFAULT, '815c84a1-9088-5e6f-b1ab-0853285c0e5d', 'Dameklipp', 'Profesjonell klipp med vask og føn. Konsultasjon inkludert.', 2150, 60, 't', 'f', 'NOK', 'f', '{"Føn og styling","Konsultasjon og fargeråd","Hjemmepleieprodukter","Klipp og styling","Vask og balsam","Profesjonelle produkter"}', '{"Plass til arbeid (2x2 meter)","God belysning","Håndkle tilgjengelig"}'), ('8379c4b0-1c06-5d40-b0fc-56513422c1d8', DEFAULT, DEFAULT, '44315cac-0a3d-513e-ae25-923183abdce2', 'Bryllupsgjester styling', 'Makeup og hår for bryllupsgjester', 1813, 75, 't', 't', 'NOK', 't', '{"Styling konsultasjon","Touchup under dagen","Profesjonelle produkter","Foto dokumentasjon"}', '{"Rolig og privat område","God belysning (fortrinnsvis naturlig)","Speil i full størrelse","Strømtilgang"}'), ('c970b6e4-e959-5586-9093-3c50e0f7ab60', DEFAULT, DEFAULT, '5f2c632c-1003-5d3e-94f5-6085899aa359', 'Hybrid vipper', 'Kombinasjon av klassiske og volum vipper', 2483, 105, 't', 'f', 'NOK', 'f', '{"Konsultasjon og fargetest","Oppfølging instruksjoner","Øyebryn forming og farge","Aftercare produkter","Touch-up etter 2 uker","Profesjonelle produkter"}', '{"Godt belyst rom","Komfortabel liggestol/seng"}'), ('f67b1d42-e134-5c10-baf6-9357f4083f61', DEFAULT, DEFAULT, '71c8f57c-aae5-5ac8-8fc0-a1ff399b17b8', 'Brude makeup', 'Perfekt makeup for din store dag', 1427, 60, 't', 't', 'NOK', 't', '{"Foto-ready finish","Styling tips","Touchup produkter","Profesjonelle produkter"}', '{"Speil i full størrelse","Stol med god ryggstø","Tilgang til vann","God naturlig belysning"}'), ('1c3cb731-ed59-5c03-891d-dd445c49271e', DEFAULT, DEFAULT, '44315cac-0a3d-513e-ae25-923183abdce2', 'Vippelift', 'Permanent krøll av naturlige vipper', 1562, 75, 't', 't', 'NOK', 't', '{"Øyebryn forming og farge","Oppfølging instruksjoner","Konsultasjon og fargetest"}', '{"Godt belyst rom","Ren og støvfri miljø","Komfortabel liggestol/seng","Rolig omgivelser"}'), ('a84c07d7-9cad-533f-b8cf-1e50727560c4', DEFAULT, DEFAULT, '8bb5337a-4ae8-5fe9-834c-d09e97c220b7', 'Brude makeup', 'Perfekt makeup for din store dag', 1145, 90, 't', 't', 'NOK', 't', '{"Foto-ready finish","Fargeanalyse","Sminke fjerner","Makeup konsultasjon","Profesjonelle produkter","Styling tips"}', '{"Tilgang til vann","Speil i full størrelse","Stol med god ryggstø"}'), ('f105e82d-4f15-5b10-b687-21bb390972df', DEFAULT, DEFAULT, '815c84a1-9088-5e6f-b1ab-0853285c0e5d', 'Makeup kurs', 'Lær å sminke deg selv som en proff', 2750, 120, 'f', 't', 'NOK', 't', '{"Foto-ready finish","Fargeanalyse","Touchup produkter"}', '{"Incuriscun poenis ere diligitar sed relin."}'), ('d7664d95-3caa-5e9b-ac21-e5f97a492422', DEFAULT, DEFAULT, 'b36ab93a-34cf-5d2f-8309-1f65466da6f0', 'Highlights', 'Striper som gir dimensjon og glans til håret', 1446, 150, 't', 't', 'NOK', 't', '{"Oppfølging etter behandling","Føn og styling","Hjemmepleieprodukter","Klipp og styling","Vask og balsam","Konsultasjon og fargeråd"}', '{"Håndkle tilgjengelig","Stol med ryggstø","God belysning","Tilgang til vask og strøm"}'), ('a1a04c06-3a8f-58fb-a6ac-fd4aa9f23a92', DEFAULT, DEFAULT, '5fef9e7c-116a-5504-a6ae-d16f4442d448', 'Brudemakeup komplett', 'Komplett brudemakeup med prøvetime', 2738, 120, 't', 't', 'NOK', 't', '{"Styling konsultasjon","Touchup under dagen","Brudeparti styling tilbud"}', '{"Strømtilgang","God belysning (fortrinnsvis naturlig)"}'), ('e0c122d0-a1c6-57e5-8e5a-a275d77d69a9', DEFAULT, DEFAULT, '5fef9e7c-116a-5504-a6ae-d16f4442d448', 'Brudesminke prøve', 'Prøvetime for brudemakeup', 2604, 90, 't', 'f', 'NOK', 't', '{"Touchup under dagen","Brudemakeup og hår","Foto dokumentasjon","Styling konsultasjon"}', '{"Strømtilgang","God belysning (fortrinnsvis naturlig)"}'), ('87cfc1e8-8252-5821-8c8f-8b6a31cb5156', DEFAULT, DEFAULT, 'e4153ca5-d012-5995-bad4-086731587974', 'Festmakeup', 'Glamorøs makeup perfekt for fest og spesielle anledninger', 2143, 60, 'f', 't', 'NOK', 't', '{"Foto-ready finish","Fargeanalyse","Makeup konsultasjon","Sminke fjerner"}', '{"Vos esse dixis hominest quia esset tamenimi se."}'), ('b0111ba7-5a98-5907-ba27-3f45196d3977', DEFAULT, DEFAULT, 'f14ee7a7-b3f9-561d-8cf7-983293f0008f', 'Negleforlengelse', 'Forlengelse av negler for ønsket lengde', 1616, 120, 't', 'f', 'NOK', 't', '{"Neglefil og buffer","Cuticle behandling","Håndkrem og negleolje"}', '{"Stol med armstø","God belysning"}'), ('2a66a173-5e57-53c4-a2e0-3d491704e63c', DEFAULT, DEFAULT, '71c8f57c-aae5-5ac8-8fc0-a1ff399b17b8', 'Dagsmakeup', 'Naturlig makeup for hverdagen', 1049, 60, 't', 't', 'NOK', 't', '{"Foto-ready finish","Fargeanalyse","Makeup konsultasjon"}', '{"Speil i full størrelse","Tilgang til vann","God naturlig belysning","Stol med god ryggstø"}'), ('17174d2b-fa53-516c-9c8f-328d1c1d0a8c', DEFAULT, DEFAULT, '815c84a1-9088-5e6f-b1ab-0853285c0e5d', 'Brynslaminering', 'Laminering og forming av bryn for perfekt form', 1420, 60, 't', 't', 'NOK', 't', '{"Øyebryn forming og farge","Allergi test","Oppfølging instruksjoner","Konsultasjon og fargetest","Aftercare produkter"}', '{"Godt belyst rom","Ren og støvfri miljø","Tilgang til strøm"}'), ('753f481f-9fee-53c1-bef0-6fc0bcf78933', DEFAULT, DEFAULT, 'b36ab93a-34cf-5d2f-8309-1f65466da6f0', 'Kontur makeup', 'Avansert konturering for skulpturerte fasader', 1920, 90, 't', 't', 'NOK', 't', '{"Sminke fjerner","Foto-ready finish","Touchup produkter","Fargeanalyse","Styling tips","Profesjonelle produkter"}', '{"Ren arbeidsplass","God naturlig belysning","Tilgang til vann"}'), ('6988ab5f-f1cf-533e-9e10-6250fa03d64e', DEFAULT, DEFAULT, '5f2c632c-1003-5d3e-94f5-6085899aa359', 'Balayage farge', 'Moderne fargeteknikk for naturlig solkysset hår', 2043, 120, 't', 'f', 'NOK', 't', '{"Vask og balsam","Klipp og styling","Oppfølging etter behandling","Profesjonelle produkter","Føn og styling"}', '{"Tilgang til vask og strøm","Stol med ryggstø"}'), ('5e167626-1d66-5123-9111-b3d1d294a57b', DEFAULT, DEFAULT, '8bb5337a-4ae8-5fe9-834c-d09e97c220b7', 'Permanent', 'Permanent for krøller og volum', 2544, 180, 't', 't', 'NOK', 't', '{"Konsultasjon og fargeråd","Føn og styling","Hjemmepleieprodukter","Oppfølging etter behandling","Profesjonelle produkter"}', '{"Stol med ryggstø","Tilgang til vask og strøm","Håndkle tilgjengelig"}'), ('223d99f1-5c50-536e-b2f1-21ff103a026e', DEFAULT, DEFAULT, '44315cac-0a3d-513e-ae25-923183abdce2', 'Føn og styling', 'Profesjonell føn med styling for spesielle anledninger', 1756, 60, 't', 't', 'NOK', 'f', '{"Oppfølging etter behandling","Føn og styling","Vask og balsam","Klipp og styling","Profesjonelle produkter","Konsultasjon og fargeråd"}', '{"Stol med ryggstø","Plass til arbeid (2x2 meter)"}'), ('85540e24-0e5a-5ffc-97e6-90b2875c357c', DEFAULT, DEFAULT, '5ac46069-d153-5b50-a0be-8a017d379243', 'Brynsfarge', 'Farging av bryn for definert look', 2755, 60, 't', 't', 'NOK', 't', '{"Øyebryn forming og farge","Allergi test","Oppfølging instruksjoner","Konsultasjon og fargetest","Touch-up etter 2 uker","Aftercare produkter"}', '{"Rolig omgivelser","Komfortabel liggestol/seng","Tilgang til strøm","Ren og støvfri miljø"}'), ('2a882c6e-7824-5518-b251-1cc3d7bf2bcd', DEFAULT, DEFAULT, 'b36ab93a-34cf-5d2f-8309-1f65466da6f0', 'Franske negler', 'Klassisk fransk manikyr for elegant look', 1067, 75, 't', 't', 'NOK', 't', '{"Neglefil og buffer","Cuticle behandling","Base coat og top coat","Håndkrem og negleolje","UV-lampe behandling","Neglelakk av høy kvalitet"}', '{"Bord eller fast overflate","Tilgang til strøm","Godt ventilert rom"}'), ('e7cf44d6-9f4a-5776-853b-a7a4072a5d45', DEFAULT, DEFAULT, '5ac46069-d153-5b50-a0be-8a017d379243', 'Shellac behandling', 'Langtidsholdbar neglelakk behandling', 1926, 75, 't', 't', 'NOK', 't', '{"Cuticle behandling","Håndkrem og negleolje","Neglebånd massage"}', '{"God belysning","Stol med armstø","Godt ventilert rom","Tilgang til strøm"}'), ('b7d36b38-fe23-5e84-a721-275f656c2211', DEFAULT, DEFAULT, 'e4153ca5-d012-5995-bad4-086731587974', 'Permanent', 'Permanent for krøller og volum', 2970, 180, 't', 't', 'NOK', 't', '{"Vask og balsam","Hjemmepleieprodukter","Føn og styling","Oppfølging etter behandling","Profesjonelle produkter","Klipp og styling"}', '{"Håndkle tilgjengelig","God belysning","Tilgang til vask og strøm","Plass til arbeid (2x2 meter)"}'), ('e2a5feea-e90d-5eb7-9c72-fef6ba325faf', DEFAULT, DEFAULT, 'e4153ca5-d012-5995-bad4-086731587974', 'Balayage farge', 'Moderne fargeteknikk for naturlig solkysset hår', 1651, 150, 't', 'f', 'NOK', 't', '{"Profesjonelle produkter","Oppfølging etter behandling","Vask og balsam","Hjemmepleieprodukter"}', '{"Håndkle tilgjengelig","Plass til arbeid (2x2 meter)","God belysning","Stol med ryggstø"}'), ('aa0cf64c-2fee-545b-8b01-85b1642cc444', DEFAULT, DEFAULT, '5fef9e7c-116a-5504-a6ae-d16f4442d448', 'Herreklipp', 'Moderne herreklipp med styling. Inkluderer vask og føn.', 1257, 45, 't', 't', 'NOK', 't', '{"Profesjonelle produkter","Vask og balsam","Hjemmepleieprodukter"}', '{"God belysning","Plass til arbeid (2x2 meter)","Tilgang til vask og strøm","Stol med ryggstø"}'), ('e45210c4-5037-5acd-828e-6a2c7da9a3db', DEFAULT, DEFAULT, '5f2c632c-1003-5d3e-94f5-6085899aa359', 'Brudesminke prøve', 'Prøvetime for brudemakeup', 2399, 90, 't', 'f', 'NOK', 't', '{"Styling konsultasjon","Brudeparti styling tilbud","Foto dokumentasjon","Prøvetime inkludert","Brudemakeup og hår","Touchup under dagen"}', '{"Rolig og privat område","Strømtilgang"}'), ('6a4cd26c-3e74-5e66-8c9d-0a43c0d89298', DEFAULT, DEFAULT, 'e4153ca5-d012-5995-bad4-086731587974', 'Brynslaminering', 'Laminering og forming av bryn for perfekt form', 2121, 45, 't', 't', 'NOK', 't', '{"Konsultasjon og fargetest","Aftercare produkter","Touch-up etter 2 uker","Oppfølging instruksjoner","Profesjonelle produkter","Allergi test"}', '{"Rolig omgivelser","Ren og støvfri miljø"}'), ('624647d9-add1-5d7f-8000-30a3a9f0fb30', DEFAULT, DEFAULT, '5fef9e7c-116a-5504-a6ae-d16f4442d448', 'Brynspluking', 'Profesjonell forming av bryn', 1389, 30, 't', 't', 'NOK', 't', '{"Øyebryn forming og farge","Konsultasjon og fargetest","Profesjonelle produkter","Allergi test","Aftercare produkter"}', '{"Godt belyst rom","Komfortabel liggestol/seng","Ren og støvfri miljø","Rolig omgivelser"}'), ('afd953ad-7147-5563-9533-021001caf7a2', DEFAULT, DEFAULT, '71c8f57c-aae5-5ac8-8fc0-a1ff399b17b8', 'Hybrid vipper 2', 'Kombinasjon av klassiske og volum vipper', 1205, 120, 'f', 't', 'NOK', 't', '{"Konsultasjon og fargetest","Touch-up etter 2 uker","Allergi test"}', '{"Inciderem opere naturo autem dolore disputo benivolam auctorum."}'), ('14178b43-5f90-51e4-b62a-dd642da598f8', DEFAULT, DEFAULT, 'e4153ca5-d012-5995-bad4-086731587974', 'Pedikyr 2', 'Komplett pedikyr med neglepleje', 2944, 75, 't', 't', 'NOK', 't', '{"Neglelakk av høy kvalitet","Neglefil og buffer","UV-lampe behandling","Base coat og top coat","Neglebånd massage","Cuticle behandling"}', '{"Bord eller fast overflate","Tilgang til strøm"}'), ('1d2359fd-6f1f-5243-864d-5695b37743eb', DEFAULT, DEFAULT, '5fef9e7c-116a-5504-a6ae-d16f4442d448', 'Shellac behandling 2', 'Langtidsholdbar neglelakk behandling', 2178, 45, 't', 't', 'NOK', 't', '{"Neglelakk av høy kvalitet","Neglefil og buffer","UV-lampe behandling"}', '{"Godt ventilert rom","Bord eller fast overflate","God belysning","Stol med armstø"}'), ('2a5d49d3-142c-57e5-9270-678f4722bb75', DEFAULT, DEFAULT, 'f14ee7a7-b3f9-561d-8cf7-983293f0008f', 'Gellack med design 2', 'Holdbar gellack med kreativt negledesign', 1227, 90, 'f', 't', 'NOK', 't', '{"Håndkrem og negleolje","Base coat og top coat","Neglebånd massage","UV-lampe behandling","Neglefil og buffer","Cuticle behandling"}', '{"Omni adhuc voluptate putant fieri alique imo neque, cupio non et qui is aspersequi quo idem."}'), ('b50cd102-29cf-5eae-88fc-400d1de89af3', DEFAULT, DEFAULT, '815c84a1-9088-5e6f-b1ab-0853285c0e5d', 'Hybrid vipper 2', 'Kombinasjon av klassiske og volum vipper', 836, 105, 't', 't', 'NOK', 't', '{"Aftercare produkter","Touch-up etter 2 uker","Allergi test"}', '{"Tilgang til strøm","Rolig omgivelser","Godt belyst rom","Komfortabel liggestol/seng"}'), ('dc966564-92f1-506b-ba19-7d7bb1f740ab', DEFAULT, DEFAULT, '5fef9e7c-116a-5504-a6ae-d16f4442d448', 'Hårfarge 2', 'Permanent hårfarge i ønsket nyanse', 1299, 90, 't', 't', 'NOK', 't', '{"Oppfølging etter behandling","Profesjonelle produkter","Vask og balsam","Klipp og styling","Konsultasjon og fargeråd","Føn og styling"}', '{"God belysning","Plass til arbeid (2x2 meter)"}'), ('17e51b1a-6cc8-5fb8-a298-f35c9601008c', DEFAULT, DEFAULT, 'b36ab93a-34cf-5d2f-8309-1f65466da6f0', 'Herreklipp 2', 'Moderne herreklipp med styling. Inkluderer vask og føn.', 2627, 30, 't', 't', 'NOK', 'f', '{"Oppfølging etter behandling","Hjemmepleieprodukter","Klipp og styling","Konsultasjon og fargeråd"}', '{"Tilgang til vask og strøm","Stol med ryggstø","God belysning"}'), ('22bf4307-d5a9-538a-bcf4-909f5a7e33dc', DEFAULT, DEFAULT, '44315cac-0a3d-513e-ae25-923183abdce2', 'Brudesminke prøve 2', 'Prøvetime for brudemakeup', 2512, 90, 't', 'f', 'NOK', 't', '{"Styling konsultasjon","Brudemakeup og hår","Touchup under dagen","Foto dokumentasjon","Profesjonelle produkter"}', '{"Rolig og privat område","Strømtilgang"}'), ('cce76ede-998c-52d2-903b-cbf19c7747a8', DEFAULT, DEFAULT, '44315cac-0a3d-513e-ae25-923183abdce2', 'Føn og styling 2', 'Profesjonell føn med styling for spesielle anledninger', 1929, 60, 't', 'f', 'NOK', 't', '{"Konsultasjon og fargeråd","Klipp og styling","Vask og balsam","Hjemmepleieprodukter","Profesjonelle produkter","Oppfølging etter behandling"}', '{"Tilgang til vask og strøm","Stol med ryggstø","God belysning"}'), ('a880eacd-2ef3-5f96-a387-1e4129739d58', DEFAULT, DEFAULT, '44315cac-0a3d-513e-ae25-923183abdce2', 'Volum vippeextensions 2', 'Fyldige volum-vipper for dramatisk effekt', 2658, 150, 't', 't', 'NOK', 't', '{"Oppfølging instruksjoner","Allergi test","Touch-up etter 2 uker"}', '{"Komfortabel liggestol/seng","Godt belyst rom","Rolig omgivelser","Tilgang til strøm"}'), ('cc8895a3-c3b1-570a-9715-0e5f7037db58', DEFAULT, DEFAULT, '815c84a1-9088-5e6f-b1ab-0853285c0e5d', 'Gellack manikyr 2', 'Holdbar gellakk manikyr som varer i uker', 1586, 60, 'f', 't', 'NOK', 't', '{"Cuticle behandling","Neglelakk av høy kvalitet","Base coat og top coat","UV-lampe behandling","Håndkrem og negleolje"}', '{"Contemporum nisi multo consed beateque est maximperner."}'), ('db7cae9b-8f33-58bd-9446-2b7e4f35612c', DEFAULT, DEFAULT, '8bb5337a-4ae8-5fe9-834c-d09e97c220b7', 'Volum vippeextensions 2', 'Fyldige volum-vipper for dramatisk effekt', 1012, 120, 't', 't', 'NOK', 'f', '{"Oppfølging instruksjoner","Profesjonelle produkter","Konsultasjon og fargetest"}', '{"Komfortabel liggestol/seng","Godt belyst rom"}'), ('bfada96a-f22b-520d-a8a5-2a69720d77cb', DEFAULT, DEFAULT, '815c84a1-9088-5e6f-b1ab-0853285c0e5d', 'Dagsmakeup 2', 'Naturlig makeup for hverdagen', 2892, 45, 't', 't', 'NOK', 't', '{"Sminke fjerner","Foto-ready finish","Touchup produkter"}', '{"Ren arbeidsplass","God naturlig belysning","Stol med god ryggstø","Tilgang til vann"}'), ('b7cfbb6f-5f3b-51a2-8f67-556f8e8bb547', DEFAULT, DEFAULT, 'f14ee7a7-b3f9-561d-8cf7-983293f0008f', 'Hårbehandling 2', 'Intensive behandling for skadet hår', 2571, 60, 'f', 't', 'NOK', 't', '{"Føn og styling","Konsultasjon og fargeråd","Klipp og styling","Oppfølging etter behandling","Vask og balsam","Hjemmepleieprodukter"}', '{"Vituptatum poterea omis a pervenirac."}'), ('ecbea8f6-b213-57b5-811c-b7261694ffa4', DEFAULT, DEFAULT, '8bb5337a-4ae8-5fe9-834c-d09e97c220b7', 'Hybrid vipper 2', 'Kombinasjon av klassiske og volum vipper', 1157, 105, 't', 't', 'NOK', 't', '{"Oppfølging instruksjoner","Øyebryn forming og farge","Profesjonelle produkter","Aftercare produkter","Konsultasjon og fargetest","Touch-up etter 2 uker"}', '{"Godt belyst rom","Rolig omgivelser","Komfortabel liggestol/seng","Ren og støvfri miljø"}'), ('e120ba0e-3be9-5f1c-bd06-ba190e8d0b70', DEFAULT, DEFAULT, '5ac46069-d153-5b50-a0be-8a017d379243', 'Foto makeup 2', 'Makeup optimalisert for fotografering', 2825, 60, 't', 't', 'NOK', 't', '{"Profesjonelle produkter","Fargeanalyse","Styling tips","Makeup konsultasjon","Touchup produkter"}', '{"Tilgang til vann","Stol med god ryggstø","God naturlig belysning"}'), ('01386236-4a58-58c4-bc9b-b62296d5b0c8', DEFAULT, DEFAULT, '71c8f57c-aae5-5ac8-8fc0-a1ff399b17b8', 'Balayage farge 2', 'Moderne fargeteknikk for naturlig solkysset hår', 1263, 150, 't', 't', 'NOK', 't', '{"Profesjonelle produkter","Vask og balsam","Oppfølging etter behandling","Klipp og styling","Konsultasjon og fargeråd","Hjemmepleieprodukter"}', '{"Håndkle tilgjengelig","God belysning"}'), ('588ce9a6-824d-5ecc-ac30-0e0629217186', DEFAULT, DEFAULT, '5fef9e7c-116a-5504-a6ae-d16f4442d448', 'Highlights 2', 'Striper som gir dimensjon og glans til håret', 2098, 150, 't', 't', 'NOK', 't', '{"Profesjonelle produkter","Vask og balsam","Hjemmepleieprodukter","Konsultasjon og fargeråd","Føn og styling"}', '{"Håndkle tilgjengelig","God belysning","Plass til arbeid (2x2 meter)","Tilgang til vask og strøm"}'), ('0416504c-bc7d-5f0c-ac2f-94736d68799c', DEFAULT, DEFAULT, '71c8f57c-aae5-5ac8-8fc0-a1ff399b17b8', 'Føn og styling 2', 'Profesjonell føn med styling for spesielle anledninger', 2057, 60, 't', 't', 'NOK', 't', '{"Konsultasjon og fargeråd","Klipp og styling","Hjemmepleieprodukter"}', '{"Plass til arbeid (2x2 meter)","Tilgang til vask og strøm","Stol med ryggstø"}'), ('ae095deb-f4d1-5a82-93a8-6df231b7cb4c', DEFAULT, DEFAULT, '5f2c632c-1003-5d3e-94f5-6085899aa359', 'Hybrid vipper 2', 'Kombinasjon av klassiske og volum vipper', 2336, 105, 't', 't', 'NOK', 'f', '{"Aftercare produkter","Touch-up etter 2 uker","Allergi test","Konsultasjon og fargetest","Oppfølging instruksjoner"}', '{"Ren og støvfri miljø","Komfortabel liggestol/seng","Rolig omgivelser","Tilgang til strøm"}'), ('b341b4e7-48c7-52a0-b31a-cfc76698083a', DEFAULT, DEFAULT, '5fef9e7c-116a-5504-a6ae-d16f4442d448', 'Brynslaminering 2', 'Laminering og forming av bryn for perfekt form', 2711, 60, 'f', 'f', 'NOK', 't', '{"Allergi test","Oppfølging instruksjoner","Konsultasjon og fargetest","Aftercare produkter","Øyebryn forming og farge","Touch-up etter 2 uker"}', '{"Ad illud quia alterrogat memine quae, etiam inmors ut molest civibus."}');
INSERT INTO public.service_service_categories (service_id,category_id) VALUES ('76182b33-2b88-55da-9317-c322cfc4cdb2', '774d6a93-1a7a-59f0-b70f-9b0cccb98376'), ('f66c822d-c39b-5997-9fdd-1cc2906b1259', '774d6a93-1a7a-59f0-b70f-9b0cccb98376'), ('7c724ddb-a436-508b-954f-ea531f015c8e', '774d6a93-1a7a-59f0-b70f-9b0cccb98376'), ('ee28eb0b-265a-5f31-962b-baeb03171f3b', '774d6a93-1a7a-59f0-b70f-9b0cccb98376'), ('bdd1b363-ac2b-5678-88e3-3a63f4b658f4', '774d6a93-1a7a-59f0-b70f-9b0cccb98376'), ('e00070ec-a32f-50ad-9dca-90b08b918d33', '774d6a93-1a7a-59f0-b70f-9b0cccb98376'), ('14988abd-97c9-5f3a-be9a-59d5637d4463', '774d6a93-1a7a-59f0-b70f-9b0cccb98376'), ('5d426f4d-43a7-5476-969b-4ca4336173ad', '774d6a93-1a7a-59f0-b70f-9b0cccb98376'), ('8379c4b0-1c06-5d40-b0fc-56513422c1d8', '40613055-bb54-561d-9553-1fee5ba0e651'), ('c970b6e4-e959-5586-9093-3c50e0f7ab60', '40613055-bb54-561d-9553-1fee5ba0e651'), ('f67b1d42-e134-5c10-baf6-9357f4083f61', '40613055-bb54-561d-9553-1fee5ba0e651'), ('1c3cb731-ed59-5c03-891d-dd445c49271e', '40613055-bb54-561d-9553-1fee5ba0e651'), ('a84c07d7-9cad-533f-b8cf-1e50727560c4', '40613055-bb54-561d-9553-1fee5ba0e651'), ('f105e82d-4f15-5b10-b687-21bb390972df', '40613055-bb54-561d-9553-1fee5ba0e651'), ('d7664d95-3caa-5e9b-ac21-e5f97a492422', '40613055-bb54-561d-9553-1fee5ba0e651'), ('a1a04c06-3a8f-58fb-a6ac-fd4aa9f23a92', 'a1b8b547-cac9-5eef-87c4-eb2759d940ae'), ('e0c122d0-a1c6-57e5-8e5a-a275d77d69a9', 'a1b8b547-cac9-5eef-87c4-eb2759d940ae'), ('87cfc1e8-8252-5821-8c8f-8b6a31cb5156', 'a1b8b547-cac9-5eef-87c4-eb2759d940ae'), ('b0111ba7-5a98-5907-ba27-3f45196d3977', 'a1b8b547-cac9-5eef-87c4-eb2759d940ae'), ('2a66a173-5e57-53c4-a2e0-3d491704e63c', 'a1b8b547-cac9-5eef-87c4-eb2759d940ae'), ('17174d2b-fa53-516c-9c8f-328d1c1d0a8c', 'a1b8b547-cac9-5eef-87c4-eb2759d940ae'), ('753f481f-9fee-53c1-bef0-6fc0bcf78933', '079569b3-a55d-55e1-975d-b26972bc6ec6'), ('6988ab5f-f1cf-533e-9e10-6250fa03d64e', '079569b3-a55d-55e1-975d-b26972bc6ec6'), ('5e167626-1d66-5123-9111-b3d1d294a57b', '079569b3-a55d-55e1-975d-b26972bc6ec6'), ('223d99f1-5c50-536e-b2f1-21ff103a026e', '079569b3-a55d-55e1-975d-b26972bc6ec6'), ('85540e24-0e5a-5ffc-97e6-90b2875c357c', '079569b3-a55d-55e1-975d-b26972bc6ec6'), ('2a882c6e-7824-5518-b251-1cc3d7bf2bcd', '079569b3-a55d-55e1-975d-b26972bc6ec6'), ('e7cf44d6-9f4a-5776-853b-a7a4072a5d45', '079569b3-a55d-55e1-975d-b26972bc6ec6'), ('b7d36b38-fe23-5e84-a721-275f656c2211', '48d376e0-21ce-5ed7-b7bc-26086c834c23'), ('e2a5feea-e90d-5eb7-9c72-fef6ba325faf', '48d376e0-21ce-5ed7-b7bc-26086c834c23'), ('aa0cf64c-2fee-545b-8b01-85b1642cc444', '48d376e0-21ce-5ed7-b7bc-26086c834c23'), ('e45210c4-5037-5acd-828e-6a2c7da9a3db', '48d376e0-21ce-5ed7-b7bc-26086c834c23'), ('6a4cd26c-3e74-5e66-8c9d-0a43c0d89298', '48d376e0-21ce-5ed7-b7bc-26086c834c23'), ('624647d9-add1-5d7f-8000-30a3a9f0fb30', '774d6a93-1a7a-59f0-b70f-9b0cccb98376'), ('afd953ad-7147-5563-9533-021001caf7a2', '774d6a93-1a7a-59f0-b70f-9b0cccb98376'), ('14178b43-5f90-51e4-b62a-dd642da598f8', '774d6a93-1a7a-59f0-b70f-9b0cccb98376'), ('1d2359fd-6f1f-5243-864d-5695b37743eb', '774d6a93-1a7a-59f0-b70f-9b0cccb98376'), ('2a5d49d3-142c-57e5-9270-678f4722bb75', '774d6a93-1a7a-59f0-b70f-9b0cccb98376'), ('b50cd102-29cf-5eae-88fc-400d1de89af3', '774d6a93-1a7a-59f0-b70f-9b0cccb98376'), ('dc966564-92f1-506b-ba19-7d7bb1f740ab', '774d6a93-1a7a-59f0-b70f-9b0cccb98376'), ('17e51b1a-6cc8-5fb8-a298-f35c9601008c', '774d6a93-1a7a-59f0-b70f-9b0cccb98376'), ('22bf4307-d5a9-538a-bcf4-909f5a7e33dc', '40613055-bb54-561d-9553-1fee5ba0e651'), ('cce76ede-998c-52d2-903b-cbf19c7747a8', '40613055-bb54-561d-9553-1fee5ba0e651'), ('a880eacd-2ef3-5f96-a387-1e4129739d58', '40613055-bb54-561d-9553-1fee5ba0e651'), ('cc8895a3-c3b1-570a-9715-0e5f7037db58', '40613055-bb54-561d-9553-1fee5ba0e651'), ('db7cae9b-8f33-58bd-9446-2b7e4f35612c', '40613055-bb54-561d-9553-1fee5ba0e651'), ('bfada96a-f22b-520d-a8a5-2a69720d77cb', '40613055-bb54-561d-9553-1fee5ba0e651'), ('b7cfbb6f-5f3b-51a2-8f67-556f8e8bb547', '40613055-bb54-561d-9553-1fee5ba0e651'), ('ecbea8f6-b213-57b5-811c-b7261694ffa4', 'a1b8b547-cac9-5eef-87c4-eb2759d940ae'), ('e120ba0e-3be9-5f1c-bd06-ba190e8d0b70', 'a1b8b547-cac9-5eef-87c4-eb2759d940ae'), ('01386236-4a58-58c4-bc9b-b62296d5b0c8', 'a1b8b547-cac9-5eef-87c4-eb2759d940ae'), ('588ce9a6-824d-5ecc-ac30-0e0629217186', 'a1b8b547-cac9-5eef-87c4-eb2759d940ae'), ('0416504c-bc7d-5f0c-ac2f-94736d68799c', 'a1b8b547-cac9-5eef-87c4-eb2759d940ae'), ('ae095deb-f4d1-5a82-93a8-6df231b7cb4c', 'a1b8b547-cac9-5eef-87c4-eb2759d940ae'), ('b341b4e7-48c7-52a0-b31a-cfc76698083a', '079569b3-a55d-55e1-975d-b26972bc6ec6');
-- Creating service images from curated collection...
-- Using 5 curated images for service: Negleforlengelse
INSERT INTO public.media (id,created_at,file_path,media_type,chat_message_id,service_id,owner_id,application_id,review_id,is_preview_image,booking_note_id) VALUES ('2b49f0ee-86ee-5ea5-97c6-b897cffb33f8', DEFAULT, 'https://images.unsplash.com/photo-1562322140-8baeececf3df?w=800', 'service_image', NULL, NULL, NULL, NULL, NULL, 't', NULL), ('941cda05-eb1e-5e38-b1b0-9b1314950967', DEFAULT, 'https://images.unsplash.com/photo-1562322140-8baeececf3df?w=800', 'service_image', NULL, NULL, NULL, NULL, NULL, 'f', NULL), ('940186be-387e-582d-bd1a-e0130ab817a9', DEFAULT, 'https://images.unsplash.com/photo-1521590832167-7bcbfaa6381f?w=800', 'service_image', NULL, NULL, NULL, NULL, NULL, 'f', NULL), ('38ced710-8d57-5b79-a5ff-5fc8f50c2fd8', DEFAULT, 'https://images.unsplash.com/photo-1522337360788-8b13dee7a37e?w=800', 'service_image', NULL, NULL, NULL, NULL, NULL, 'f', NULL), ('36a80a0e-720a-51fb-b741-49419faa6de7', DEFAULT, 'https://images.unsplash.com/photo-1559599101-f09722fb4948?w=800', 'service_image', NULL, NULL, NULL, NULL, NULL, 'f', NULL);
UPDATE public.media SET service_id = '76182b33-2b88-55da-9317-c322cfc4cdb2' WHERE id = '2b49f0ee-86ee-5ea5-97c6-b897cffb33f8';
UPDATE public.media SET service_id = '76182b33-2b88-55da-9317-c322cfc4cdb2' WHERE id = '941cda05-eb1e-5e38-b1b0-9b1314950967';
UPDATE public.media SET service_id = '76182b33-2b88-55da-9317-c322cfc4cdb2' WHERE id = '940186be-387e-582d-bd1a-e0130ab817a9';
UPDATE public.media SET service_id = '76182b33-2b88-55da-9317-c322cfc4cdb2' WHERE id = '38ced710-8d57-5b79-a5ff-5fc8f50c2fd8';
UPDATE public.media SET service_id = '76182b33-2b88-55da-9317-c322cfc4cdb2' WHERE id = '36a80a0e-720a-51fb-b741-49419faa6de7';
-- Using 3 curated images for service: Dameklipp
INSERT INTO public.media (id,created_at,file_path,media_type,chat_message_id,service_id,owner_id,application_id,review_id,is_preview_image,booking_note_id) VALUES ('e7420df7-72cd-5631-91f4-07af63418217', DEFAULT, 'https://images.unsplash.com/photo-1522337360788-8b13dee7a37e?w=800', 'service_image', NULL, NULL, NULL, NULL, NULL, 't', NULL), ('c7a8b41d-e9f1-58f9-987b-09be2b2b10c4', DEFAULT, 'https://images.unsplash.com/photo-1559599101-f09722fb4948?w=800', 'service_image', NULL, NULL, NULL, NULL, NULL, 'f', NULL), ('5c635e2a-0176-5455-85de-1b5391e4beb5', DEFAULT, 'https://images.unsplash.com/photo-1522337360788-8b13dee7a37e?w=800', 'service_image', NULL, NULL, NULL, NULL, NULL, 'f', NULL);
UPDATE public.media SET service_id = 'f66c822d-c39b-5997-9fdd-1cc2906b1259' WHERE id = 'e7420df7-72cd-5631-91f4-07af63418217';
UPDATE public.media SET service_id = 'f66c822d-c39b-5997-9fdd-1cc2906b1259' WHERE id = 'c7a8b41d-e9f1-58f9-987b-09be2b2b10c4';
UPDATE public.media SET service_id = 'f66c822d-c39b-5997-9fdd-1cc2906b1259' WHERE id = '5c635e2a-0176-5455-85de-1b5391e4beb5';
-- Using 3 curated images for service: Akryl negler
INSERT INTO public.media (id,created_at,file_path,media_type,chat_message_id,service_id,owner_id,application_id,review_id,is_preview_image,booking_note_id) VALUES ('e185f00a-8a69-5b66-8409-34e4d434040e', DEFAULT, 'https://images.unsplash.com/photo-1559599101-f09722fb4948?w=800', 'service_image', NULL, NULL, NULL, NULL, NULL, 't', NULL), ('45d459bb-2ceb-5de7-8a3b-0469d8b39062', DEFAULT, 'https://images.unsplash.com/photo-1562322140-8baeececf3df?w=800', 'service_image', NULL, NULL, NULL, NULL, NULL, 'f', NULL), ('ced02d95-879e-50d0-939e-c9f150052eea', DEFAULT, 'https://images.unsplash.com/photo-1562322140-8baeececf3df?w=800', 'service_image', NULL, NULL, NULL, NULL, NULL, 'f', NULL);
UPDATE public.media SET service_id = '7c724ddb-a436-508b-954f-ea531f015c8e' WHERE id = 'e185f00a-8a69-5b66-8409-34e4d434040e';
UPDATE public.media SET service_id = '7c724ddb-a436-508b-954f-ea531f015c8e' WHERE id = '45d459bb-2ceb-5de7-8a3b-0469d8b39062';
UPDATE public.media SET service_id = '7c724ddb-a436-508b-954f-ea531f015c8e' WHERE id = 'ced02d95-879e-50d0-939e-c9f150052eea';
-- Using 4 curated images for service: Shellac behandling
INSERT INTO public.media (id,created_at,file_path,media_type,chat_message_id,service_id,owner_id,application_id,review_id,is_preview_image,booking_note_id) VALUES ('76a443cb-68e6-559d-8737-b3b7550f13c5', DEFAULT, 'https://images.unsplash.com/photo-1522337360788-8b13dee7a37e?w=800', 'service_image', NULL, NULL, NULL, NULL, NULL, 't', NULL), ('43076191-7c50-558e-94ad-1fac6c984b27', DEFAULT, 'https://images.unsplash.com/photo-1562322140-8baeececf3df?w=800', 'service_image', NULL, NULL, NULL, NULL, NULL, 'f', NULL), ('faaa8871-a409-532a-bff4-b23796fd4217', DEFAULT, 'https://images.unsplash.com/photo-1559599101-f09722fb4948?w=800', 'service_image', NULL, NULL, NULL, NULL, NULL, 'f', NULL), ('3c5f8845-abb9-501a-9de5-995d478641d6', DEFAULT, 'https://images.unsplash.com/photo-1559599101-f09722fb4948?w=800', 'service_image', NULL, NULL, NULL, NULL, NULL, 'f', NULL);
UPDATE public.media SET service_id = 'ee28eb0b-265a-5f31-962b-baeb03171f3b' WHERE id = '76a443cb-68e6-559d-8737-b3b7550f13c5';
UPDATE public.media SET service_id = 'ee28eb0b-265a-5f31-962b-baeb03171f3b' WHERE id = '43076191-7c50-558e-94ad-1fac6c984b27';
UPDATE public.media SET service_id = 'ee28eb0b-265a-5f31-962b-baeb03171f3b' WHERE id = 'faaa8871-a409-532a-bff4-b23796fd4217';
UPDATE public.media SET service_id = 'ee28eb0b-265a-5f31-962b-baeb03171f3b' WHERE id = '3c5f8845-abb9-501a-9de5-995d478641d6';
-- Using 5 curated images for service: Hårfarge
INSERT INTO public.media (id,created_at,file_path,media_type,chat_message_id,service_id,owner_id,application_id,review_id,is_preview_image,booking_note_id) VALUES ('51181366-c41a-5487-b5cf-bee1fa424d4d', DEFAULT, 'https://images.unsplash.com/photo-1605497788044-5a32c7078486?w=800', 'service_image', NULL, NULL, NULL, NULL, NULL, 't', NULL), ('fb539382-3288-5ced-a6bc-5b8a74914f5b', DEFAULT, 'https://images.unsplash.com/photo-1521590832167-7bcbfaa6381f?w=800', 'service_image', NULL, NULL, NULL, NULL, NULL, 'f', NULL), ('a5ed95e8-76e3-5e19-a131-98e1f38f690f', DEFAULT, 'https://images.unsplash.com/photo-1522337360788-8b13dee7a37e?w=800', 'service_image', NULL, NULL, NULL, NULL, NULL, 'f', NULL), ('a70814db-3844-5f5c-9a12-44a154c3ac3b', DEFAULT, 'https://images.unsplash.com/photo-1605497788044-5a32c7078486?w=800', 'service_image', NULL, NULL, NULL, NULL, NULL, 'f', NULL), ('045d1e2b-bc13-5081-add4-dc6328a7928c', DEFAULT, 'https://images.unsplash.com/photo-1605497788044-5a32c7078486?w=800', 'service_image', NULL, NULL, NULL, NULL, NULL, 'f', NULL);
UPDATE public.media SET service_id = 'bdd1b363-ac2b-5678-88e3-3a63f4b658f4' WHERE id = '51181366-c41a-5487-b5cf-bee1fa424d4d';
UPDATE public.media SET service_id = 'bdd1b363-ac2b-5678-88e3-3a63f4b658f4' WHERE id = 'fb539382-3288-5ced-a6bc-5b8a74914f5b';
UPDATE public.media SET service_id = 'bdd1b363-ac2b-5678-88e3-3a63f4b658f4' WHERE id = 'a5ed95e8-76e3-5e19-a131-98e1f38f690f';
UPDATE public.media SET service_id = 'bdd1b363-ac2b-5678-88e3-3a63f4b658f4' WHERE id = 'a70814db-3844-5f5c-9a12-44a154c3ac3b';
UPDATE public.media SET service_id = 'bdd1b363-ac2b-5678-88e3-3a63f4b658f4' WHERE id = '045d1e2b-bc13-5081-add4-dc6328a7928c';
-- Using 3 curated images for service: Brudesminke prøve
INSERT INTO public.media (id,created_at,file_path,media_type,chat_message_id,service_id,owner_id,application_id,review_id,is_preview_image,booking_note_id) VALUES ('1403c786-1cca-5730-ad09-4ca84f8009a7', DEFAULT, 'https://images.unsplash.com/photo-1562322140-8baeececf3df?w=800', 'service_image', NULL, NULL, NULL, NULL, NULL, 't', NULL), ('3dc8ed63-2039-5445-afb6-f708ee348cc5', DEFAULT, 'https://images.unsplash.com/photo-1562322140-8baeececf3df?w=800', 'service_image', NULL, NULL, NULL, NULL, NULL, 'f', NULL), ('8984a87b-4cd3-596b-b69c-37b5694b3403', DEFAULT, 'https://images.unsplash.com/photo-1605497788044-5a32c7078486?w=800', 'service_image', NULL, NULL, NULL, NULL, NULL, 'f', NULL);
UPDATE public.media SET service_id = 'e00070ec-a32f-50ad-9dca-90b08b918d33' WHERE id = '1403c786-1cca-5730-ad09-4ca84f8009a7';
UPDATE public.media SET service_id = 'e00070ec-a32f-50ad-9dca-90b08b918d33' WHERE id = '3dc8ed63-2039-5445-afb6-f708ee348cc5';
UPDATE public.media SET service_id = 'e00070ec-a32f-50ad-9dca-90b08b918d33' WHERE id = '8984a87b-4cd3-596b-b69c-37b5694b3403';
-- Using 4 curated images for service: Brude makeup
INSERT INTO public.media (id,created_at,file_path,media_type,chat_message_id,service_id,owner_id,application_id,review_id,is_preview_image,booking_note_id) VALUES ('9a50abe0-0544-5bc7-89f6-ea2c42ab02e2', DEFAULT, 'https://images.unsplash.com/photo-1559599101-f09722fb4948?w=800', 'service_image', NULL, NULL, NULL, NULL, NULL, 't', NULL), ('36eb2a99-e8ea-5e4a-83e8-1b7c286df1da', DEFAULT, 'https://images.unsplash.com/photo-1559599101-f09722fb4948?w=800', 'service_image', NULL, NULL, NULL, NULL, NULL, 'f', NULL), ('6b9ff7f8-6dbc-5c69-85ed-960489faa13b', DEFAULT, 'https://images.unsplash.com/photo-1559599101-f09722fb4948?w=800', 'service_image', NULL, NULL, NULL, NULL, NULL, 'f', NULL), ('6ce02c0d-67ca-53d1-a72c-40617383b4be', DEFAULT, 'https://images.unsplash.com/photo-1522337360788-8b13dee7a37e?w=800', 'service_image', NULL, NULL, NULL, NULL, NULL, 'f', NULL);
UPDATE public.media SET service_id = '14988abd-97c9-5f3a-be9a-59d5637d4463' WHERE id = '9a50abe0-0544-5bc7-89f6-ea2c42ab02e2';
UPDATE public.media SET service_id = '14988abd-97c9-5f3a-be9a-59d5637d4463' WHERE id = '36eb2a99-e8ea-5e4a-83e8-1b7c286df1da';
UPDATE public.media SET service_id = '14988abd-97c9-5f3a-be9a-59d5637d4463' WHERE id = '6b9ff7f8-6dbc-5c69-85ed-960489faa13b';
UPDATE public.media SET service_id = '14988abd-97c9-5f3a-be9a-59d5637d4463' WHERE id = '6ce02c0d-67ca-53d1-a72c-40617383b4be';
-- Using 3 curated images for service: Dameklipp
INSERT INTO public.media (id,created_at,file_path,media_type,chat_message_id,service_id,owner_id,application_id,review_id,is_preview_image,booking_note_id) VALUES ('eb2331f0-5195-5fbf-a4c6-9142a09db712', DEFAULT, 'https://images.unsplash.com/photo-1562322140-8baeececf3df?w=800', 'service_image', NULL, NULL, NULL, NULL, NULL, 't', NULL), ('1c725711-4729-540c-aab2-92a536855aba', DEFAULT, 'https://images.unsplash.com/photo-1605497788044-5a32c7078486?w=800', 'service_image', NULL, NULL, NULL, NULL, NULL, 'f', NULL), ('f6e216f5-fdb1-57dc-abe0-0f83a06d7db1', DEFAULT, 'https://images.unsplash.com/photo-1559599101-f09722fb4948?w=800', 'service_image', NULL, NULL, NULL, NULL, NULL, 'f', NULL);
UPDATE public.media SET service_id = '5d426f4d-43a7-5476-969b-4ca4336173ad' WHERE id = 'eb2331f0-5195-5fbf-a4c6-9142a09db712';
UPDATE public.media SET service_id = '5d426f4d-43a7-5476-969b-4ca4336173ad' WHERE id = '1c725711-4729-540c-aab2-92a536855aba';
UPDATE public.media SET service_id = '5d426f4d-43a7-5476-969b-4ca4336173ad' WHERE id = 'f6e216f5-fdb1-57dc-abe0-0f83a06d7db1';
-- Using 3 curated images for service: Bryllupsgjester styling
INSERT INTO public.media (id,created_at,file_path,media_type,chat_message_id,service_id,owner_id,application_id,review_id,is_preview_image,booking_note_id) VALUES ('54034612-39d2-5c54-80a1-aae856af370f', DEFAULT, 'https://images.unsplash.com/photo-1563401289-e8010d13da76?w=800', 'service_image', NULL, NULL, NULL, NULL, NULL, 't', NULL), ('418e33b1-b892-5aa7-b783-99814e5a2594', DEFAULT, 'https://images.unsplash.com/photo-1604654894610-df63bc536371?w=800', 'service_image', NULL, NULL, NULL, NULL, NULL, 'f', NULL), ('1c597dc6-0f26-5c61-9804-984288b07377', DEFAULT, 'https://images.unsplash.com/photo-1563401289-e8010d13da76?w=800', 'service_image', NULL, NULL, NULL, NULL, NULL, 'f', NULL);
UPDATE public.media SET service_id = '8379c4b0-1c06-5d40-b0fc-56513422c1d8' WHERE id = '54034612-39d2-5c54-80a1-aae856af370f';
UPDATE public.media SET service_id = '8379c4b0-1c06-5d40-b0fc-56513422c1d8' WHERE id = '418e33b1-b892-5aa7-b783-99814e5a2594';
UPDATE public.media SET service_id = '8379c4b0-1c06-5d40-b0fc-56513422c1d8' WHERE id = '1c597dc6-0f26-5c61-9804-984288b07377';
-- Using 5 curated images for service: Hybrid vipper
INSERT INTO public.media (id,created_at,file_path,media_type,chat_message_id,service_id,owner_id,application_id,review_id,is_preview_image,booking_note_id) VALUES ('a8179fa4-4beb-5a78-a029-4b299886157e', DEFAULT, 'https://images.unsplash.com/photo-1595476108010-b4d1f102b1b1?w=800', 'service_image', NULL, NULL, NULL, NULL, NULL, 't', NULL), ('22c0f0c6-46ef-5546-8dda-28eb2cdfc313', DEFAULT, 'https://images.unsplash.com/photo-1604654894610-df63bc536371?w=800', 'service_image', NULL, NULL, NULL, NULL, NULL, 'f', NULL), ('f0c9812d-7a14-5e19-b700-ab332a72e2ba', DEFAULT, 'https://images.unsplash.com/photo-1610992015732-2449b76344bc?w=800', 'service_image', NULL, NULL, NULL, NULL, NULL, 'f', NULL), ('7f07bed0-c2fc-5996-bb2d-884aa165f444', DEFAULT, 'https://images.unsplash.com/photo-1610992015732-2449b76344bc?w=800', 'service_image', NULL, NULL, NULL, NULL, NULL, 'f', NULL), ('f3cd9e04-f431-5a40-a52f-acde6a1cadb1', DEFAULT, 'https://images.unsplash.com/photo-1607779097040-26e80aa78e66?w=800', 'service_image', NULL, NULL, NULL, NULL, NULL, 'f', NULL);
UPDATE public.media SET service_id = 'c970b6e4-e959-5586-9093-3c50e0f7ab60' WHERE id = 'a8179fa4-4beb-5a78-a029-4b299886157e';
UPDATE public.media SET service_id = 'c970b6e4-e959-5586-9093-3c50e0f7ab60' WHERE id = '22c0f0c6-46ef-5546-8dda-28eb2cdfc313';
UPDATE public.media SET service_id = 'c970b6e4-e959-5586-9093-3c50e0f7ab60' WHERE id = 'f0c9812d-7a14-5e19-b700-ab332a72e2ba';
UPDATE public.media SET service_id = 'c970b6e4-e959-5586-9093-3c50e0f7ab60' WHERE id = '7f07bed0-c2fc-5996-bb2d-884aa165f444';
UPDATE public.media SET service_id = 'c970b6e4-e959-5586-9093-3c50e0f7ab60' WHERE id = 'f3cd9e04-f431-5a40-a52f-acde6a1cadb1';
-- Using 4 curated images for service: Brude makeup
INSERT INTO public.media (id,created_at,file_path,media_type,chat_message_id,service_id,owner_id,application_id,review_id,is_preview_image,booking_note_id) VALUES ('07a88fdb-b10e-5acf-8c1f-7eaa0162a7a4', DEFAULT, 'https://images.unsplash.com/photo-1610992015732-2449b76344bc?w=800', 'service_image', NULL, NULL, NULL, NULL, NULL, 't', NULL), ('f872c622-ad7b-505d-948b-a699d5935086', DEFAULT, 'https://images.unsplash.com/photo-1607779097040-26e80aa78e66?w=800', 'service_image', NULL, NULL, NULL, NULL, NULL, 'f', NULL), ('928e9bc4-bd3e-5993-b810-e2e51b2112bd', DEFAULT, 'https://images.unsplash.com/photo-1607779097040-26e80aa78e66?w=800', 'service_image', NULL, NULL, NULL, NULL, NULL, 'f', NULL), ('b7548f1f-3340-5b56-a99b-005083075883', DEFAULT, 'https://images.unsplash.com/photo-1604654894610-df63bc536371?w=800', 'service_image', NULL, NULL, NULL, NULL, NULL, 'f', NULL);
UPDATE public.media SET service_id = 'f67b1d42-e134-5c10-baf6-9357f4083f61' WHERE id = '07a88fdb-b10e-5acf-8c1f-7eaa0162a7a4';
UPDATE public.media SET service_id = 'f67b1d42-e134-5c10-baf6-9357f4083f61' WHERE id = 'f872c622-ad7b-505d-948b-a699d5935086';
UPDATE public.media SET service_id = 'f67b1d42-e134-5c10-baf6-9357f4083f61' WHERE id = '928e9bc4-bd3e-5993-b810-e2e51b2112bd';
UPDATE public.media SET service_id = 'f67b1d42-e134-5c10-baf6-9357f4083f61' WHERE id = 'b7548f1f-3340-5b56-a99b-005083075883';
-- Using 3 curated images for service: Vippelift
INSERT INTO public.media (id,created_at,file_path,media_type,chat_message_id,service_id,owner_id,application_id,review_id,is_preview_image,booking_note_id) VALUES ('4510e6d0-64b7-50c6-ab71-0fb0eac18e58', DEFAULT, 'https://images.unsplash.com/photo-1610992015732-2449b76344bc?w=800', 'service_image', NULL, NULL, NULL, NULL, NULL, 't', NULL), ('0441e3e8-22f0-5657-9f4c-7e32988ef1ce', DEFAULT, 'https://images.unsplash.com/photo-1563401289-e8010d13da76?w=800', 'service_image', NULL, NULL, NULL, NULL, NULL, 'f', NULL), ('16f944a3-60ab-536d-b7af-15e2d9072460', DEFAULT, 'https://images.unsplash.com/photo-1563401289-e8010d13da76?w=800', 'service_image', NULL, NULL, NULL, NULL, NULL, 'f', NULL);
UPDATE public.media SET service_id = '1c3cb731-ed59-5c03-891d-dd445c49271e' WHERE id = '4510e6d0-64b7-50c6-ab71-0fb0eac18e58';
UPDATE public.media SET service_id = '1c3cb731-ed59-5c03-891d-dd445c49271e' WHERE id = '0441e3e8-22f0-5657-9f4c-7e32988ef1ce';
UPDATE public.media SET service_id = '1c3cb731-ed59-5c03-891d-dd445c49271e' WHERE id = '16f944a3-60ab-536d-b7af-15e2d9072460';
-- Using 5 curated images for service: Brude makeup
INSERT INTO public.media (id,created_at,file_path,media_type,chat_message_id,service_id,owner_id,application_id,review_id,is_preview_image,booking_note_id) VALUES ('d8f5b956-cddd-568f-84a7-96fa86199c1f', DEFAULT, 'https://images.unsplash.com/photo-1563401289-e8010d13da76?w=800', 'service_image', NULL, NULL, NULL, NULL, NULL, 't', NULL), ('b891610d-ca02-513f-8bd7-24dcc40c50e1', DEFAULT, 'https://images.unsplash.com/photo-1607779097040-26e80aa78e66?w=800', 'service_image', NULL, NULL, NULL, NULL, NULL, 'f', NULL), ('755a428d-fb8d-5c8d-b5a0-a8487071b790', DEFAULT, 'https://images.unsplash.com/photo-1610992015732-2449b76344bc?w=800', 'service_image', NULL, NULL, NULL, NULL, NULL, 'f', NULL), ('d6337e93-78c0-53ad-9043-f93a0f34e2b5', DEFAULT, 'https://images.unsplash.com/photo-1607779097040-26e80aa78e66?w=800', 'service_image', NULL, NULL, NULL, NULL, NULL, 'f', NULL), ('71c59b9b-491d-5b2e-8fe1-71824ab2745b', DEFAULT, 'https://images.unsplash.com/photo-1607779097040-26e80aa78e66?w=800', 'service_image', NULL, NULL, NULL, NULL, NULL, 'f', NULL);
UPDATE public.media SET service_id = 'a84c07d7-9cad-533f-b8cf-1e50727560c4' WHERE id = 'd8f5b956-cddd-568f-84a7-96fa86199c1f';
UPDATE public.media SET service_id = 'a84c07d7-9cad-533f-b8cf-1e50727560c4' WHERE id = 'b891610d-ca02-513f-8bd7-24dcc40c50e1';
UPDATE public.media SET service_id = 'a84c07d7-9cad-533f-b8cf-1e50727560c4' WHERE id = '755a428d-fb8d-5c8d-b5a0-a8487071b790';
UPDATE public.media SET service_id = 'a84c07d7-9cad-533f-b8cf-1e50727560c4' WHERE id = 'd6337e93-78c0-53ad-9043-f93a0f34e2b5';
UPDATE public.media SET service_id = 'a84c07d7-9cad-533f-b8cf-1e50727560c4' WHERE id = '71c59b9b-491d-5b2e-8fe1-71824ab2745b';
-- Using 4 curated images for service: Makeup kurs
INSERT INTO public.media (id,created_at,file_path,media_type,chat_message_id,service_id,owner_id,application_id,review_id,is_preview_image,booking_note_id) VALUES ('3040c7a2-9246-5f26-9869-8cee76854452', DEFAULT, 'https://images.unsplash.com/photo-1595476108010-b4d1f102b1b1?w=800', 'service_image', NULL, NULL, NULL, NULL, NULL, 't', NULL), ('6cb7fa29-18da-5958-9cfc-e049c3cecaa4', DEFAULT, 'https://images.unsplash.com/photo-1607779097040-26e80aa78e66?w=800', 'service_image', NULL, NULL, NULL, NULL, NULL, 'f', NULL), ('ffa3bacf-c6f2-5f5b-81c0-0d18963eeb33', DEFAULT, 'https://images.unsplash.com/photo-1604654894610-df63bc536371?w=800', 'service_image', NULL, NULL, NULL, NULL, NULL, 'f', NULL), ('acc925c7-21c5-5f28-a895-a7416b4c5bc5', DEFAULT, 'https://images.unsplash.com/photo-1610992015732-2449b76344bc?w=800', 'service_image', NULL, NULL, NULL, NULL, NULL, 'f', NULL);
UPDATE public.media SET service_id = 'f105e82d-4f15-5b10-b687-21bb390972df' WHERE id = '3040c7a2-9246-5f26-9869-8cee76854452';
UPDATE public.media SET service_id = 'f105e82d-4f15-5b10-b687-21bb390972df' WHERE id = '6cb7fa29-18da-5958-9cfc-e049c3cecaa4';
UPDATE public.media SET service_id = 'f105e82d-4f15-5b10-b687-21bb390972df' WHERE id = 'ffa3bacf-c6f2-5f5b-81c0-0d18963eeb33';
UPDATE public.media SET service_id = 'f105e82d-4f15-5b10-b687-21bb390972df' WHERE id = 'acc925c7-21c5-5f28-a895-a7416b4c5bc5';
-- Using 5 curated images for service: Highlights
INSERT INTO public.media (id,created_at,file_path,media_type,chat_message_id,service_id,owner_id,application_id,review_id,is_preview_image,booking_note_id) VALUES ('3b3d481b-778b-58f7-beff-dce94243937e', DEFAULT, 'https://images.unsplash.com/photo-1604654894610-df63bc536371?w=800', 'service_image', NULL, NULL, NULL, NULL, NULL, 't', NULL), ('c7569017-8e72-587a-ac8a-2228120e7724', DEFAULT, 'https://images.unsplash.com/photo-1610992015732-2449b76344bc?w=800', 'service_image', NULL, NULL, NULL, NULL, NULL, 'f', NULL), ('dc111049-b2fd-5e96-b0fe-8c9ff7b52219', DEFAULT, 'https://images.unsplash.com/photo-1604654894610-df63bc536371?w=800', 'service_image', NULL, NULL, NULL, NULL, NULL, 'f', NULL), ('be4d59c6-dca0-59a3-ad92-23462c2e7500', DEFAULT, 'https://images.unsplash.com/photo-1563401289-e8010d13da76?w=800', 'service_image', NULL, NULL, NULL, NULL, NULL, 'f', NULL), ('55bc72cb-31b6-5003-a1aa-074fc4f2b6e7', DEFAULT, 'https://images.unsplash.com/photo-1595476108010-b4d1f102b1b1?w=800', 'service_image', NULL, NULL, NULL, NULL, NULL, 'f', NULL);
UPDATE public.media SET service_id = 'd7664d95-3caa-5e9b-ac21-e5f97a492422' WHERE id = '3b3d481b-778b-58f7-beff-dce94243937e';
UPDATE public.media SET service_id = 'd7664d95-3caa-5e9b-ac21-e5f97a492422' WHERE id = 'c7569017-8e72-587a-ac8a-2228120e7724';
UPDATE public.media SET service_id = 'd7664d95-3caa-5e9b-ac21-e5f97a492422' WHERE id = 'dc111049-b2fd-5e96-b0fe-8c9ff7b52219';
UPDATE public.media SET service_id = 'd7664d95-3caa-5e9b-ac21-e5f97a492422' WHERE id = 'be4d59c6-dca0-59a3-ad92-23462c2e7500';
UPDATE public.media SET service_id = 'd7664d95-3caa-5e9b-ac21-e5f97a492422' WHERE id = '55bc72cb-31b6-5003-a1aa-074fc4f2b6e7';
-- Using 5 curated images for service: Brudemakeup komplett
INSERT INTO public.media (id,created_at,file_path,media_type,chat_message_id,service_id,owner_id,application_id,review_id,is_preview_image,booking_note_id) VALUES ('0015d6d0-a710-544e-a1d9-7aed3af1e8b9', DEFAULT, 'https://images.unsplash.com/photo-1583001931096-959e9a1a6223?w=800', 'service_image', NULL, NULL, NULL, NULL, NULL, 't', NULL), ('4e2421de-d7c1-5fea-b629-80c5c0d53535', DEFAULT, 'https://images.unsplash.com/photo-1487412947147-5cebf100ffc2?w=800', 'service_image', NULL, NULL, NULL, NULL, NULL, 'f', NULL), ('cf1616d0-5961-5425-90c0-b827043bf6dc', DEFAULT, 'https://images.unsplash.com/photo-1487412947147-5cebf100ffc2?w=800', 'service_image', NULL, NULL, NULL, NULL, NULL, 'f', NULL), ('5cb77652-3a8e-55fb-9a16-09b7e379de70', DEFAULT, 'https://images.unsplash.com/photo-1596462502278-27bfdc403348?w=800', 'service_image', NULL, NULL, NULL, NULL, NULL, 'f', NULL), ('3a6782a4-e4b7-5f6f-9038-d2ead72c715f', DEFAULT, 'https://images.unsplash.com/photo-1522338140262-f46f5913618c?w=800', 'service_image', NULL, NULL, NULL, NULL, NULL, 'f', NULL);
UPDATE public.media SET service_id = 'a1a04c06-3a8f-58fb-a6ac-fd4aa9f23a92' WHERE id = '0015d6d0-a710-544e-a1d9-7aed3af1e8b9';
UPDATE public.media SET service_id = 'a1a04c06-3a8f-58fb-a6ac-fd4aa9f23a92' WHERE id = '4e2421de-d7c1-5fea-b629-80c5c0d53535';
UPDATE public.media SET service_id = 'a1a04c06-3a8f-58fb-a6ac-fd4aa9f23a92' WHERE id = 'cf1616d0-5961-5425-90c0-b827043bf6dc';
UPDATE public.media SET service_id = 'a1a04c06-3a8f-58fb-a6ac-fd4aa9f23a92' WHERE id = '5cb77652-3a8e-55fb-9a16-09b7e379de70';
UPDATE public.media SET service_id = 'a1a04c06-3a8f-58fb-a6ac-fd4aa9f23a92' WHERE id = '3a6782a4-e4b7-5f6f-9038-d2ead72c715f';
-- Using 4 curated images for service: Brudesminke prøve
INSERT INTO public.media (id,created_at,file_path,media_type,chat_message_id,service_id,owner_id,application_id,review_id,is_preview_image,booking_note_id) VALUES ('ca11300a-4c94-5490-982c-3b0ca791ba68', DEFAULT, 'https://images.unsplash.com/photo-1522338140262-f46f5913618c?w=800', 'service_image', NULL, NULL, NULL, NULL, NULL, 't', NULL), ('f05a15df-6188-55e7-80e9-0fadba87cc0b', DEFAULT, 'https://images.unsplash.com/photo-1522338140262-f46f5913618c?w=800', 'service_image', NULL, NULL, NULL, NULL, NULL, 'f', NULL), ('43f161ab-347e-5077-b07d-5b61e573e350', DEFAULT, 'https://images.unsplash.com/photo-1583001931096-959e9a1a6223?w=800', 'service_image', NULL, NULL, NULL, NULL, NULL, 'f', NULL), ('6addc6fa-ab63-5da2-a8f2-7b7a58049d6e', DEFAULT, 'https://images.unsplash.com/photo-1512496015851-a90fb38ba796?w=800', 'service_image', NULL, NULL, NULL, NULL, NULL, 'f', NULL);
UPDATE public.media SET service_id = 'e0c122d0-a1c6-57e5-8e5a-a275d77d69a9' WHERE id = 'ca11300a-4c94-5490-982c-3b0ca791ba68';
UPDATE public.media SET service_id = 'e0c122d0-a1c6-57e5-8e5a-a275d77d69a9' WHERE id = 'f05a15df-6188-55e7-80e9-0fadba87cc0b';
UPDATE public.media SET service_id = 'e0c122d0-a1c6-57e5-8e5a-a275d77d69a9' WHERE id = '43f161ab-347e-5077-b07d-5b61e573e350';
UPDATE public.media SET service_id = 'e0c122d0-a1c6-57e5-8e5a-a275d77d69a9' WHERE id = '6addc6fa-ab63-5da2-a8f2-7b7a58049d6e';
-- Using 5 curated images for service: Festmakeup
INSERT INTO public.media (id,created_at,file_path,media_type,chat_message_id,service_id,owner_id,application_id,review_id,is_preview_image,booking_note_id) VALUES ('0229ea42-001a-5fc1-a0a7-f7b894c665f6', DEFAULT, 'https://images.unsplash.com/photo-1583001931096-959e9a1a6223?w=800', 'service_image', NULL, NULL, NULL, NULL, NULL, 't', NULL), ('600394b6-a8c8-5681-8393-994699cc8869', DEFAULT, 'https://images.unsplash.com/photo-1487412947147-5cebf100ffc2?w=800', 'service_image', NULL, NULL, NULL, NULL, NULL, 'f', NULL), ('a4daf76c-ae60-58f7-b7df-3bf0a2903068', DEFAULT, 'https://images.unsplash.com/photo-1596462502278-27bfdc403348?w=800', 'service_image', NULL, NULL, NULL, NULL, NULL, 'f', NULL), ('5dbb3da5-cbbe-5453-a47d-e6f791e34462', DEFAULT, 'https://images.unsplash.com/photo-1583001931096-959e9a1a6223?w=800', 'service_image', NULL, NULL, NULL, NULL, NULL, 'f', NULL), ('60859ea8-7c41-56fc-9d6e-1f36cc0a79db', DEFAULT, 'https://images.unsplash.com/photo-1596462502278-27bfdc403348?w=800', 'service_image', NULL, NULL, NULL, NULL, NULL, 'f', NULL);
UPDATE public.media SET service_id = '87cfc1e8-8252-5821-8c8f-8b6a31cb5156' WHERE id = '0229ea42-001a-5fc1-a0a7-f7b894c665f6';
UPDATE public.media SET service_id = '87cfc1e8-8252-5821-8c8f-8b6a31cb5156' WHERE id = '600394b6-a8c8-5681-8393-994699cc8869';
UPDATE public.media SET service_id = '87cfc1e8-8252-5821-8c8f-8b6a31cb5156' WHERE id = 'a4daf76c-ae60-58f7-b7df-3bf0a2903068';
UPDATE public.media SET service_id = '87cfc1e8-8252-5821-8c8f-8b6a31cb5156' WHERE id = '5dbb3da5-cbbe-5453-a47d-e6f791e34462';
UPDATE public.media SET service_id = '87cfc1e8-8252-5821-8c8f-8b6a31cb5156' WHERE id = '60859ea8-7c41-56fc-9d6e-1f36cc0a79db';
-- Using 5 curated images for service: Negleforlengelse
INSERT INTO public.media (id,created_at,file_path,media_type,chat_message_id,service_id,owner_id,application_id,review_id,is_preview_image,booking_note_id) VALUES ('a8761cdc-3e79-5da3-9bd0-8fec7c18e0d3', DEFAULT, 'https://images.unsplash.com/photo-1512496015851-a90fb38ba796?w=800', 'service_image', NULL, NULL, NULL, NULL, NULL, 't', NULL), ('02d40c99-a4e2-5f7b-8c31-f3bfc2b142d7', DEFAULT, 'https://images.unsplash.com/photo-1596462502278-27bfdc403348?w=800', 'service_image', NULL, NULL, NULL, NULL, NULL, 'f', NULL), ('1ccdf595-d157-5e58-ba2e-3896ace06144', DEFAULT, 'https://images.unsplash.com/photo-1596462502278-27bfdc403348?w=800', 'service_image', NULL, NULL, NULL, NULL, NULL, 'f', NULL), ('b6344cbe-dc85-5284-b0c9-257c74dc389a', DEFAULT, 'https://images.unsplash.com/photo-1596462502278-27bfdc403348?w=800', 'service_image', NULL, NULL, NULL, NULL, NULL, 'f', NULL), ('c6140be2-c59c-54ab-9fdb-09b2bac1676b', DEFAULT, 'https://images.unsplash.com/photo-1512496015851-a90fb38ba796?w=800', 'service_image', NULL, NULL, NULL, NULL, NULL, 'f', NULL);
UPDATE public.media SET service_id = 'b0111ba7-5a98-5907-ba27-3f45196d3977' WHERE id = 'a8761cdc-3e79-5da3-9bd0-8fec7c18e0d3';
UPDATE public.media SET service_id = 'b0111ba7-5a98-5907-ba27-3f45196d3977' WHERE id = '02d40c99-a4e2-5f7b-8c31-f3bfc2b142d7';
UPDATE public.media SET service_id = 'b0111ba7-5a98-5907-ba27-3f45196d3977' WHERE id = '1ccdf595-d157-5e58-ba2e-3896ace06144';
UPDATE public.media SET service_id = 'b0111ba7-5a98-5907-ba27-3f45196d3977' WHERE id = 'b6344cbe-dc85-5284-b0c9-257c74dc389a';
UPDATE public.media SET service_id = 'b0111ba7-5a98-5907-ba27-3f45196d3977' WHERE id = 'c6140be2-c59c-54ab-9fdb-09b2bac1676b';
-- Using 5 curated images for service: Dagsmakeup
INSERT INTO public.media (id,created_at,file_path,media_type,chat_message_id,service_id,owner_id,application_id,review_id,is_preview_image,booking_note_id) VALUES ('b91e8eb7-2f04-5e30-b50e-395eedbb44de', DEFAULT, 'https://images.unsplash.com/photo-1522338140262-f46f5913618c?w=800', 'service_image', NULL, NULL, NULL, NULL, NULL, 't', NULL), ('09a7b025-027a-5061-9182-238b69a4cc48', DEFAULT, 'https://images.unsplash.com/photo-1583001931096-959e9a1a6223?w=800', 'service_image', NULL, NULL, NULL, NULL, NULL, 'f', NULL), ('9c502dc9-7368-5792-ac0c-6729dec33507', DEFAULT, 'https://images.unsplash.com/photo-1512496015851-a90fb38ba796?w=800', 'service_image', NULL, NULL, NULL, NULL, NULL, 'f', NULL), ('6c47869e-d051-57db-868a-e7c3e7be9f23', DEFAULT, 'https://images.unsplash.com/photo-1512496015851-a90fb38ba796?w=800', 'service_image', NULL, NULL, NULL, NULL, NULL, 'f', NULL), ('8b71587e-b71c-5ce2-8a09-192f004bff25', DEFAULT, 'https://images.unsplash.com/photo-1596462502278-27bfdc403348?w=800', 'service_image', NULL, NULL, NULL, NULL, NULL, 'f', NULL);
UPDATE public.media SET service_id = '2a66a173-5e57-53c4-a2e0-3d491704e63c' WHERE id = 'b91e8eb7-2f04-5e30-b50e-395eedbb44de';
UPDATE public.media SET service_id = '2a66a173-5e57-53c4-a2e0-3d491704e63c' WHERE id = '09a7b025-027a-5061-9182-238b69a4cc48';
UPDATE public.media SET service_id = '2a66a173-5e57-53c4-a2e0-3d491704e63c' WHERE id = '9c502dc9-7368-5792-ac0c-6729dec33507';
UPDATE public.media SET service_id = '2a66a173-5e57-53c4-a2e0-3d491704e63c' WHERE id = '6c47869e-d051-57db-868a-e7c3e7be9f23';
UPDATE public.media SET service_id = '2a66a173-5e57-53c4-a2e0-3d491704e63c' WHERE id = '8b71587e-b71c-5ce2-8a09-192f004bff25';
-- Using 5 curated images for service: Brynslaminering
INSERT INTO public.media (id,created_at,file_path,media_type,chat_message_id,service_id,owner_id,application_id,review_id,is_preview_image,booking_note_id) VALUES ('93b9269a-4a01-5fd3-b7b1-91d57f6f9396', DEFAULT, 'https://images.unsplash.com/photo-1512496015851-a90fb38ba796?w=800', 'service_image', NULL, NULL, NULL, NULL, NULL, 't', NULL), ('a4fa3c04-8049-5c6c-b957-27880ccdbd55', DEFAULT, 'https://images.unsplash.com/photo-1583001931096-959e9a1a6223?w=800', 'service_image', NULL, NULL, NULL, NULL, NULL, 'f', NULL), ('6036ee87-aece-59ad-b026-416be457fbf0', DEFAULT, 'https://images.unsplash.com/photo-1487412947147-5cebf100ffc2?w=800', 'service_image', NULL, NULL, NULL, NULL, NULL, 'f', NULL), ('7aa02fe7-fa02-530c-ad3b-af84db8ff91d', DEFAULT, 'https://images.unsplash.com/photo-1487412947147-5cebf100ffc2?w=800', 'service_image', NULL, NULL, NULL, NULL, NULL, 'f', NULL), ('d3830bf5-820d-5bc0-9581-d3a5a65b438f', DEFAULT, 'https://images.unsplash.com/photo-1596462502278-27bfdc403348?w=800', 'service_image', NULL, NULL, NULL, NULL, NULL, 'f', NULL);
UPDATE public.media SET service_id = '17174d2b-fa53-516c-9c8f-328d1c1d0a8c' WHERE id = '93b9269a-4a01-5fd3-b7b1-91d57f6f9396';
UPDATE public.media SET service_id = '17174d2b-fa53-516c-9c8f-328d1c1d0a8c' WHERE id = 'a4fa3c04-8049-5c6c-b957-27880ccdbd55';
UPDATE public.media SET service_id = '17174d2b-fa53-516c-9c8f-328d1c1d0a8c' WHERE id = '6036ee87-aece-59ad-b026-416be457fbf0';
UPDATE public.media SET service_id = '17174d2b-fa53-516c-9c8f-328d1c1d0a8c' WHERE id = '7aa02fe7-fa02-530c-ad3b-af84db8ff91d';
UPDATE public.media SET service_id = '17174d2b-fa53-516c-9c8f-328d1c1d0a8c' WHERE id = 'd3830bf5-820d-5bc0-9581-d3a5a65b438f';
-- Using 4 curated images for service: Kontur makeup
INSERT INTO public.media (id,created_at,file_path,media_type,chat_message_id,service_id,owner_id,application_id,review_id,is_preview_image,booking_note_id) VALUES ('e96c6095-cf83-57bc-bd30-3cd3ed2b4456', DEFAULT, 'https://images.unsplash.com/photo-1571019613454-1cb2f99b2d8b?w=800', 'service_image', NULL, NULL, NULL, NULL, NULL, 't', NULL), ('14b43b44-b41d-53eb-8ac2-77cedeb19de4', DEFAULT, 'https://images.unsplash.com/photo-1614807536394-cd67bd4a634b?w=800', 'service_image', NULL, NULL, NULL, NULL, NULL, 'f', NULL), ('52f4f34a-4bf3-53cc-aeef-5be5521e21ff', DEFAULT, 'https://images.unsplash.com/photo-1571019613454-1cb2f99b2d8b?w=800', 'service_image', NULL, NULL, NULL, NULL, NULL, 'f', NULL), ('19fb8911-245a-5610-bd20-c8e50ce230ae', DEFAULT, 'https://images.unsplash.com/photo-1614807536394-cd67bd4a634b?w=800', 'service_image', NULL, NULL, NULL, NULL, NULL, 'f', NULL);
UPDATE public.media SET service_id = '753f481f-9fee-53c1-bef0-6fc0bcf78933' WHERE id = 'e96c6095-cf83-57bc-bd30-3cd3ed2b4456';
UPDATE public.media SET service_id = '753f481f-9fee-53c1-bef0-6fc0bcf78933' WHERE id = '14b43b44-b41d-53eb-8ac2-77cedeb19de4';
UPDATE public.media SET service_id = '753f481f-9fee-53c1-bef0-6fc0bcf78933' WHERE id = '52f4f34a-4bf3-53cc-aeef-5be5521e21ff';
UPDATE public.media SET service_id = '753f481f-9fee-53c1-bef0-6fc0bcf78933' WHERE id = '19fb8911-245a-5610-bd20-c8e50ce230ae';
-- Using 4 curated images for service: Balayage farge
INSERT INTO public.media (id,created_at,file_path,media_type,chat_message_id,service_id,owner_id,application_id,review_id,is_preview_image,booking_note_id) VALUES ('4d5945a4-9953-59c7-83c1-69de69ba55af', DEFAULT, 'https://images.unsplash.com/photo-1614807536394-cd67bd4a634b?w=800', 'service_image', NULL, NULL, NULL, NULL, NULL, 't', NULL), ('e6587c42-15f5-5974-aaee-9e171796247f', DEFAULT, 'https://images.unsplash.com/photo-1614807536394-cd67bd4a634b?w=800', 'service_image', NULL, NULL, NULL, NULL, NULL, 'f', NULL), ('24fc1f43-7588-5d40-be46-0a07ac70b003', DEFAULT, 'https://images.unsplash.com/photo-1579952363873-27d3bfad9c0d?w=800', 'service_image', NULL, NULL, NULL, NULL, NULL, 'f', NULL), ('6f6f91cd-de2e-570b-a26f-52ccef7a1a6e', DEFAULT, 'https://images.unsplash.com/photo-1571019613454-1cb2f99b2d8b?w=800', 'service_image', NULL, NULL, NULL, NULL, NULL, 'f', NULL);
UPDATE public.media SET service_id = '6988ab5f-f1cf-533e-9e10-6250fa03d64e' WHERE id = '4d5945a4-9953-59c7-83c1-69de69ba55af';
UPDATE public.media SET service_id = '6988ab5f-f1cf-533e-9e10-6250fa03d64e' WHERE id = 'e6587c42-15f5-5974-aaee-9e171796247f';
UPDATE public.media SET service_id = '6988ab5f-f1cf-533e-9e10-6250fa03d64e' WHERE id = '24fc1f43-7588-5d40-be46-0a07ac70b003';
UPDATE public.media SET service_id = '6988ab5f-f1cf-533e-9e10-6250fa03d64e' WHERE id = '6f6f91cd-de2e-570b-a26f-52ccef7a1a6e';
-- Using 4 curated images for service: Permanent
INSERT INTO public.media (id,created_at,file_path,media_type,chat_message_id,service_id,owner_id,application_id,review_id,is_preview_image,booking_note_id) VALUES ('436b524e-aa1e-500d-98da-763dc0bd84b7', DEFAULT, 'https://images.unsplash.com/photo-1571171637578-41bc2dd41cd2?w=800', 'service_image', NULL, NULL, NULL, NULL, NULL, 't', NULL), ('d877bc19-d8b3-57d5-b84e-9fb575aaf9f4', DEFAULT, 'https://images.unsplash.com/photo-1579952363873-27d3bfad9c0d?w=800', 'service_image', NULL, NULL, NULL, NULL, NULL, 'f', NULL), ('1f2b19a4-603a-56b7-8cfd-acffd1fc3d6d', DEFAULT, 'https://images.unsplash.com/photo-1571019613454-1cb2f99b2d8b?w=800', 'service_image', NULL, NULL, NULL, NULL, NULL, 'f', NULL), ('a1459e55-27f0-52d2-bbb6-80dfe482f776', DEFAULT, 'https://images.unsplash.com/photo-1577565177023-d0f29c354b69?w=800', 'service_image', NULL, NULL, NULL, NULL, NULL, 'f', NULL);
UPDATE public.media SET service_id = '5e167626-1d66-5123-9111-b3d1d294a57b' WHERE id = '436b524e-aa1e-500d-98da-763dc0bd84b7';
UPDATE public.media SET service_id = '5e167626-1d66-5123-9111-b3d1d294a57b' WHERE id = 'd877bc19-d8b3-57d5-b84e-9fb575aaf9f4';
UPDATE public.media SET service_id = '5e167626-1d66-5123-9111-b3d1d294a57b' WHERE id = '1f2b19a4-603a-56b7-8cfd-acffd1fc3d6d';
UPDATE public.media SET service_id = '5e167626-1d66-5123-9111-b3d1d294a57b' WHERE id = 'a1459e55-27f0-52d2-bbb6-80dfe482f776';
-- Using 3 curated images for service: Føn og styling
INSERT INTO public.media (id,created_at,file_path,media_type,chat_message_id,service_id,owner_id,application_id,review_id,is_preview_image,booking_note_id) VALUES ('e81f69a4-c60e-5952-9136-3a86489bdc31', DEFAULT, 'https://images.unsplash.com/photo-1579952363873-27d3bfad9c0d?w=800', 'service_image', NULL, NULL, NULL, NULL, NULL, 't', NULL), ('d1b05099-14d1-5809-bb78-16aaa4beb71c', DEFAULT, 'https://images.unsplash.com/photo-1614807536394-cd67bd4a634b?w=800', 'service_image', NULL, NULL, NULL, NULL, NULL, 'f', NULL), ('d680f412-9359-592b-8b78-3c8ad877131a', DEFAULT, 'https://images.unsplash.com/photo-1577565177023-d0f29c354b69?w=800', 'service_image', NULL, NULL, NULL, NULL, NULL, 'f', NULL);
UPDATE public.media SET service_id = '223d99f1-5c50-536e-b2f1-21ff103a026e' WHERE id = 'e81f69a4-c60e-5952-9136-3a86489bdc31';
UPDATE public.media SET service_id = '223d99f1-5c50-536e-b2f1-21ff103a026e' WHERE id = 'd1b05099-14d1-5809-bb78-16aaa4beb71c';
UPDATE public.media SET service_id = '223d99f1-5c50-536e-b2f1-21ff103a026e' WHERE id = 'd680f412-9359-592b-8b78-3c8ad877131a';
-- Using 5 curated images for service: Brynsfarge
INSERT INTO public.media (id,created_at,file_path,media_type,chat_message_id,service_id,owner_id,application_id,review_id,is_preview_image,booking_note_id) VALUES ('da3e64ec-3514-5671-8e96-0410507afd5e', DEFAULT, 'https://images.unsplash.com/photo-1614807536394-cd67bd4a634b?w=800', 'service_image', NULL, NULL, NULL, NULL, NULL, 't', NULL), ('8824aca2-338a-5e39-9dab-87ab4c57e983', DEFAULT, 'https://images.unsplash.com/photo-1579952363873-27d3bfad9c0d?w=800', 'service_image', NULL, NULL, NULL, NULL, NULL, 'f', NULL), ('47404549-ae73-5422-840c-5353688ce837', DEFAULT, 'https://images.unsplash.com/photo-1577565177023-d0f29c354b69?w=800', 'service_image', NULL, NULL, NULL, NULL, NULL, 'f', NULL), ('ff0e7f6c-d079-555a-b4c8-f771c2d16096', DEFAULT, 'https://images.unsplash.com/photo-1571019613454-1cb2f99b2d8b?w=800', 'service_image', NULL, NULL, NULL, NULL, NULL, 'f', NULL), ('402f2a6d-70d0-590a-bc6e-4e2b7ee68030', DEFAULT, 'https://images.unsplash.com/photo-1571019613454-1cb2f99b2d8b?w=800', 'service_image', NULL, NULL, NULL, NULL, NULL, 'f', NULL);
UPDATE public.media SET service_id = '85540e24-0e5a-5ffc-97e6-90b2875c357c' WHERE id = 'da3e64ec-3514-5671-8e96-0410507afd5e';
UPDATE public.media SET service_id = '85540e24-0e5a-5ffc-97e6-90b2875c357c' WHERE id = '8824aca2-338a-5e39-9dab-87ab4c57e983';
UPDATE public.media SET service_id = '85540e24-0e5a-5ffc-97e6-90b2875c357c' WHERE id = '47404549-ae73-5422-840c-5353688ce837';
UPDATE public.media SET service_id = '85540e24-0e5a-5ffc-97e6-90b2875c357c' WHERE id = 'ff0e7f6c-d079-555a-b4c8-f771c2d16096';
UPDATE public.media SET service_id = '85540e24-0e5a-5ffc-97e6-90b2875c357c' WHERE id = '402f2a6d-70d0-590a-bc6e-4e2b7ee68030';
-- Using 4 curated images for service: Franske negler
INSERT INTO public.media (id,created_at,file_path,media_type,chat_message_id,service_id,owner_id,application_id,review_id,is_preview_image,booking_note_id) VALUES ('9b3d94f3-9cca-5847-adab-abba9b5a4a8a', DEFAULT, 'https://images.unsplash.com/photo-1579952363873-27d3bfad9c0d?w=800', 'service_image', NULL, NULL, NULL, NULL, NULL, 't', NULL), ('d83813c0-4344-5977-bcc4-cc8fc3fc74c1', DEFAULT, 'https://images.unsplash.com/photo-1571019613454-1cb2f99b2d8b?w=800', 'service_image', NULL, NULL, NULL, NULL, NULL, 'f', NULL), ('e8087607-bf47-5ae5-8049-2df891929fed', DEFAULT, 'https://images.unsplash.com/photo-1571171637578-41bc2dd41cd2?w=800', 'service_image', NULL, NULL, NULL, NULL, NULL, 'f', NULL), ('e060fdac-58cc-57a3-a7c9-ba9734ede471', DEFAULT, 'https://images.unsplash.com/photo-1571171637578-41bc2dd41cd2?w=800', 'service_image', NULL, NULL, NULL, NULL, NULL, 'f', NULL);
UPDATE public.media SET service_id = '2a882c6e-7824-5518-b251-1cc3d7bf2bcd' WHERE id = '9b3d94f3-9cca-5847-adab-abba9b5a4a8a';
UPDATE public.media SET service_id = '2a882c6e-7824-5518-b251-1cc3d7bf2bcd' WHERE id = 'd83813c0-4344-5977-bcc4-cc8fc3fc74c1';
UPDATE public.media SET service_id = '2a882c6e-7824-5518-b251-1cc3d7bf2bcd' WHERE id = 'e8087607-bf47-5ae5-8049-2df891929fed';
UPDATE public.media SET service_id = '2a882c6e-7824-5518-b251-1cc3d7bf2bcd' WHERE id = 'e060fdac-58cc-57a3-a7c9-ba9734ede471';
-- Using 5 curated images for service: Shellac behandling
INSERT INTO public.media (id,created_at,file_path,media_type,chat_message_id,service_id,owner_id,application_id,review_id,is_preview_image,booking_note_id) VALUES ('cc66f61b-5fbc-5564-bc78-b42d35320d8b', DEFAULT, 'https://images.unsplash.com/photo-1577565177023-d0f29c354b69?w=800', 'service_image', NULL, NULL, NULL, NULL, NULL, 't', NULL), ('05b4fbfa-c457-5dca-a8b0-bb7ff5e586b6', DEFAULT, 'https://images.unsplash.com/photo-1614807536394-cd67bd4a634b?w=800', 'service_image', NULL, NULL, NULL, NULL, NULL, 'f', NULL), ('b7f912c3-f01f-5829-97dd-2bdfa798eb62', DEFAULT, 'https://images.unsplash.com/photo-1571019613454-1cb2f99b2d8b?w=800', 'service_image', NULL, NULL, NULL, NULL, NULL, 'f', NULL), ('ce74f9d5-b6ab-523e-a43d-322de7f68cac', DEFAULT, 'https://images.unsplash.com/photo-1571019613454-1cb2f99b2d8b?w=800', 'service_image', NULL, NULL, NULL, NULL, NULL, 'f', NULL), ('aa747465-0fa0-5c53-ad58-5dc944e9e125', DEFAULT, 'https://images.unsplash.com/photo-1571019613454-1cb2f99b2d8b?w=800', 'service_image', NULL, NULL, NULL, NULL, NULL, 'f', NULL);
UPDATE public.media SET service_id = 'e7cf44d6-9f4a-5776-853b-a7a4072a5d45' WHERE id = 'cc66f61b-5fbc-5564-bc78-b42d35320d8b';
UPDATE public.media SET service_id = 'e7cf44d6-9f4a-5776-853b-a7a4072a5d45' WHERE id = '05b4fbfa-c457-5dca-a8b0-bb7ff5e586b6';
UPDATE public.media SET service_id = 'e7cf44d6-9f4a-5776-853b-a7a4072a5d45' WHERE id = 'b7f912c3-f01f-5829-97dd-2bdfa798eb62';
UPDATE public.media SET service_id = 'e7cf44d6-9f4a-5776-853b-a7a4072a5d45' WHERE id = 'ce74f9d5-b6ab-523e-a43d-322de7f68cac';
UPDATE public.media SET service_id = 'e7cf44d6-9f4a-5776-853b-a7a4072a5d45' WHERE id = 'aa747465-0fa0-5c53-ad58-5dc944e9e125';
-- Using 4 curated images for service: Permanent
INSERT INTO public.media (id,created_at,file_path,media_type,chat_message_id,service_id,owner_id,application_id,review_id,is_preview_image,booking_note_id) VALUES ('ffa1d57c-d320-5352-8f32-f2e9554026ff', DEFAULT, 'https://images.unsplash.com/photo-1511285560929-80b456fea0bc?w=800', 'service_image', NULL, NULL, NULL, NULL, NULL, 't', NULL), ('8f3c3853-7ee4-508b-b574-02c6eb2d092c', DEFAULT, 'https://images.unsplash.com/photo-1627916607164-7b20241db935?w=800', 'service_image', NULL, NULL, NULL, NULL, NULL, 'f', NULL), ('250f6618-eb05-581e-af34-d9e6ac6fd5a9', DEFAULT, 'https://images.unsplash.com/photo-1594736797933-d0f71d2d7222?w=800', 'service_image', NULL, NULL, NULL, NULL, NULL, 'f', NULL), ('0fc3c5f0-0697-5478-afe7-db9ff8bb3627', DEFAULT, 'https://images.unsplash.com/photo-1511285560929-80b456fea0bc?w=800', 'service_image', NULL, NULL, NULL, NULL, NULL, 'f', NULL);
UPDATE public.media SET service_id = 'b7d36b38-fe23-5e84-a721-275f656c2211' WHERE id = 'ffa1d57c-d320-5352-8f32-f2e9554026ff';
UPDATE public.media SET service_id = 'b7d36b38-fe23-5e84-a721-275f656c2211' WHERE id = '8f3c3853-7ee4-508b-b574-02c6eb2d092c';
UPDATE public.media SET service_id = 'b7d36b38-fe23-5e84-a721-275f656c2211' WHERE id = '250f6618-eb05-581e-af34-d9e6ac6fd5a9';
UPDATE public.media SET service_id = 'b7d36b38-fe23-5e84-a721-275f656c2211' WHERE id = '0fc3c5f0-0697-5478-afe7-db9ff8bb3627';
-- Using 4 curated images for service: Balayage farge
INSERT INTO public.media (id,created_at,file_path,media_type,chat_message_id,service_id,owner_id,application_id,review_id,is_preview_image,booking_note_id) VALUES ('7f08a7be-050a-56b0-af27-9543091cbc31', DEFAULT, 'https://images.unsplash.com/photo-1469371670807-013ccf25f16a?w=800', 'service_image', NULL, NULL, NULL, NULL, NULL, 't', NULL), ('f7a38747-2005-5f78-89ed-16f764a33f90', DEFAULT, 'https://images.unsplash.com/photo-1571115764595-644a1f56a55c?w=800', 'service_image', NULL, NULL, NULL, NULL, NULL, 'f', NULL), ('e32e3af4-7445-587e-b2db-2ad4441fc3e0', DEFAULT, 'https://images.unsplash.com/photo-1594736797933-d0f71d2d7222?w=800', 'service_image', NULL, NULL, NULL, NULL, NULL, 'f', NULL), ('51cf9eda-760e-5424-920b-3a41c8f78cfe', DEFAULT, 'https://images.unsplash.com/photo-1594736797933-d0f71d2d7222?w=800', 'service_image', NULL, NULL, NULL, NULL, NULL, 'f', NULL);
UPDATE public.media SET service_id = 'e2a5feea-e90d-5eb7-9c72-fef6ba325faf' WHERE id = '7f08a7be-050a-56b0-af27-9543091cbc31';
UPDATE public.media SET service_id = 'e2a5feea-e90d-5eb7-9c72-fef6ba325faf' WHERE id = 'f7a38747-2005-5f78-89ed-16f764a33f90';
UPDATE public.media SET service_id = 'e2a5feea-e90d-5eb7-9c72-fef6ba325faf' WHERE id = 'e32e3af4-7445-587e-b2db-2ad4441fc3e0';
UPDATE public.media SET service_id = 'e2a5feea-e90d-5eb7-9c72-fef6ba325faf' WHERE id = '51cf9eda-760e-5424-920b-3a41c8f78cfe';
-- Using 5 curated images for service: Herreklipp
INSERT INTO public.media (id,created_at,file_path,media_type,chat_message_id,service_id,owner_id,application_id,review_id,is_preview_image,booking_note_id) VALUES ('06315235-546c-572e-a9f9-30c0237555a3', DEFAULT, 'https://images.unsplash.com/photo-1469371670807-013ccf25f16a?w=800', 'service_image', NULL, NULL, NULL, NULL, NULL, 't', NULL), ('78d0ebb1-8bb4-555b-867a-10a0ad65b7ae', DEFAULT, 'https://images.unsplash.com/photo-1469371670807-013ccf25f16a?w=800', 'service_image', NULL, NULL, NULL, NULL, NULL, 'f', NULL), ('1d9965ed-a594-556f-9851-e40f0da59c6b', DEFAULT, 'https://images.unsplash.com/photo-1511285560929-80b456fea0bc?w=800', 'service_image', NULL, NULL, NULL, NULL, NULL, 'f', NULL), ('7b2bb42f-958b-5fa7-ba2e-9fc2288c166d', DEFAULT, 'https://images.unsplash.com/photo-1511285560929-80b456fea0bc?w=800', 'service_image', NULL, NULL, NULL, NULL, NULL, 'f', NULL), ('c999faa4-86f8-5235-aad5-10d772279b27', DEFAULT, 'https://images.unsplash.com/photo-1627916607164-7b20241db935?w=800', 'service_image', NULL, NULL, NULL, NULL, NULL, 'f', NULL);
UPDATE public.media SET service_id = 'aa0cf64c-2fee-545b-8b01-85b1642cc444' WHERE id = '06315235-546c-572e-a9f9-30c0237555a3';
UPDATE public.media SET service_id = 'aa0cf64c-2fee-545b-8b01-85b1642cc444' WHERE id = '78d0ebb1-8bb4-555b-867a-10a0ad65b7ae';
UPDATE public.media SET service_id = 'aa0cf64c-2fee-545b-8b01-85b1642cc444' WHERE id = '1d9965ed-a594-556f-9851-e40f0da59c6b';
UPDATE public.media SET service_id = 'aa0cf64c-2fee-545b-8b01-85b1642cc444' WHERE id = '7b2bb42f-958b-5fa7-ba2e-9fc2288c166d';
UPDATE public.media SET service_id = 'aa0cf64c-2fee-545b-8b01-85b1642cc444' WHERE id = 'c999faa4-86f8-5235-aad5-10d772279b27';
-- Using 3 curated images for service: Brudesminke prøve
INSERT INTO public.media (id,created_at,file_path,media_type,chat_message_id,service_id,owner_id,application_id,review_id,is_preview_image,booking_note_id) VALUES ('4e766a8e-5792-5d3b-b863-8a797ac52b82', DEFAULT, 'https://images.unsplash.com/photo-1522673607200-164d1b6ce2d2?w=800', 'service_image', NULL, NULL, NULL, NULL, NULL, 't', NULL), ('e0367f80-6b3d-533f-a0c3-26ff8ed12577', DEFAULT, 'https://images.unsplash.com/photo-1469371670807-013ccf25f16a?w=800', 'service_image', NULL, NULL, NULL, NULL, NULL, 'f', NULL), ('75ca8e4b-e100-52f5-b945-91be00baaaca', DEFAULT, 'https://images.unsplash.com/photo-1469371670807-013ccf25f16a?w=800', 'service_image', NULL, NULL, NULL, NULL, NULL, 'f', NULL);
UPDATE public.media SET service_id = 'e45210c4-5037-5acd-828e-6a2c7da9a3db' WHERE id = '4e766a8e-5792-5d3b-b863-8a797ac52b82';
UPDATE public.media SET service_id = 'e45210c4-5037-5acd-828e-6a2c7da9a3db' WHERE id = 'e0367f80-6b3d-533f-a0c3-26ff8ed12577';
UPDATE public.media SET service_id = 'e45210c4-5037-5acd-828e-6a2c7da9a3db' WHERE id = '75ca8e4b-e100-52f5-b945-91be00baaaca';
-- Using 3 curated images for service: Brynslaminering
INSERT INTO public.media (id,created_at,file_path,media_type,chat_message_id,service_id,owner_id,application_id,review_id,is_preview_image,booking_note_id) VALUES ('89d15c92-4080-5884-9a7f-6114fd02135a', DEFAULT, 'https://images.unsplash.com/photo-1594736797933-d0f71d2d7222?w=800', 'service_image', NULL, NULL, NULL, NULL, NULL, 't', NULL), ('ba210db0-7998-593d-a9a9-d625a1ea3d91', DEFAULT, 'https://images.unsplash.com/photo-1522673607200-164d1b6ce2d2?w=800', 'service_image', NULL, NULL, NULL, NULL, NULL, 'f', NULL), ('dc4c2d8b-10ed-5509-ab14-6ec94a3a457c', DEFAULT, 'https://images.unsplash.com/photo-1594736797933-d0f71d2d7222?w=800', 'service_image', NULL, NULL, NULL, NULL, NULL, 'f', NULL);
UPDATE public.media SET service_id = '6a4cd26c-3e74-5e66-8c9d-0a43c0d89298' WHERE id = '89d15c92-4080-5884-9a7f-6114fd02135a';
UPDATE public.media SET service_id = '6a4cd26c-3e74-5e66-8c9d-0a43c0d89298' WHERE id = 'ba210db0-7998-593d-a9a9-d625a1ea3d91';
UPDATE public.media SET service_id = '6a4cd26c-3e74-5e66-8c9d-0a43c0d89298' WHERE id = 'dc4c2d8b-10ed-5509-ab14-6ec94a3a457c';
-- Using 5 curated images for service: Brynspluking
INSERT INTO public.media (id,created_at,file_path,media_type,chat_message_id,service_id,owner_id,application_id,review_id,is_preview_image,booking_note_id) VALUES ('1549fd76-0d76-5da7-ba7c-436a6a9c08d8', DEFAULT, 'https://images.unsplash.com/photo-1559599101-f09722fb4948?w=800', 'service_image', NULL, NULL, NULL, NULL, NULL, 't', NULL), ('1754ae00-b516-59cd-b7fe-55885e3e96d3', DEFAULT, 'https://images.unsplash.com/photo-1605497788044-5a32c7078486?w=800', 'service_image', NULL, NULL, NULL, NULL, NULL, 'f', NULL), ('639565f2-67e3-57d3-b891-3df5a1749a0b', DEFAULT, 'https://images.unsplash.com/photo-1559599101-f09722fb4948?w=800', 'service_image', NULL, NULL, NULL, NULL, NULL, 'f', NULL), ('834441d2-8474-530b-9170-52cb33afff78', DEFAULT, 'https://images.unsplash.com/photo-1522337360788-8b13dee7a37e?w=800', 'service_image', NULL, NULL, NULL, NULL, NULL, 'f', NULL), ('b63833be-9711-501e-b084-341507f18bf3', DEFAULT, 'https://images.unsplash.com/photo-1562322140-8baeececf3df?w=800', 'service_image', NULL, NULL, NULL, NULL, NULL, 'f', NULL);
UPDATE public.media SET service_id = '624647d9-add1-5d7f-8000-30a3a9f0fb30' WHERE id = '1549fd76-0d76-5da7-ba7c-436a6a9c08d8';
UPDATE public.media SET service_id = '624647d9-add1-5d7f-8000-30a3a9f0fb30' WHERE id = '1754ae00-b516-59cd-b7fe-55885e3e96d3';
UPDATE public.media SET service_id = '624647d9-add1-5d7f-8000-30a3a9f0fb30' WHERE id = '639565f2-67e3-57d3-b891-3df5a1749a0b';
UPDATE public.media SET service_id = '624647d9-add1-5d7f-8000-30a3a9f0fb30' WHERE id = '834441d2-8474-530b-9170-52cb33afff78';
UPDATE public.media SET service_id = '624647d9-add1-5d7f-8000-30a3a9f0fb30' WHERE id = 'b63833be-9711-501e-b084-341507f18bf3';
-- Using 5 curated images for service: Hybrid vipper 2
INSERT INTO public.media (id,created_at,file_path,media_type,chat_message_id,service_id,owner_id,application_id,review_id,is_preview_image,booking_note_id) VALUES ('82d19f5b-90fc-587d-b2a4-fc43c8a049d4', DEFAULT, 'https://images.unsplash.com/photo-1605497788044-5a32c7078486?w=800', 'service_image', NULL, NULL, NULL, NULL, NULL, 't', NULL), ('dacf3702-ef5c-531f-943c-3c3e85976089', DEFAULT, 'https://images.unsplash.com/photo-1521590832167-7bcbfaa6381f?w=800', 'service_image', NULL, NULL, NULL, NULL, NULL, 'f', NULL), ('047cd6a6-7569-5fc8-9c8e-94cfc57e2560', DEFAULT, 'https://images.unsplash.com/photo-1559599101-f09722fb4948?w=800', 'service_image', NULL, NULL, NULL, NULL, NULL, 'f', NULL), ('39fe3db5-17de-5909-8d75-a59fc516129a', DEFAULT, 'https://images.unsplash.com/photo-1521590832167-7bcbfaa6381f?w=800', 'service_image', NULL, NULL, NULL, NULL, NULL, 'f', NULL), ('7a2a9f67-167a-5c11-9b3e-aa29e3b5ba60', DEFAULT, 'https://images.unsplash.com/photo-1559599101-f09722fb4948?w=800', 'service_image', NULL, NULL, NULL, NULL, NULL, 'f', NULL);
UPDATE public.media SET service_id = 'afd953ad-7147-5563-9533-021001caf7a2' WHERE id = '82d19f5b-90fc-587d-b2a4-fc43c8a049d4';
UPDATE public.media SET service_id = 'afd953ad-7147-5563-9533-021001caf7a2' WHERE id = 'dacf3702-ef5c-531f-943c-3c3e85976089';
UPDATE public.media SET service_id = 'afd953ad-7147-5563-9533-021001caf7a2' WHERE id = '047cd6a6-7569-5fc8-9c8e-94cfc57e2560';
UPDATE public.media SET service_id = 'afd953ad-7147-5563-9533-021001caf7a2' WHERE id = '39fe3db5-17de-5909-8d75-a59fc516129a';
UPDATE public.media SET service_id = 'afd953ad-7147-5563-9533-021001caf7a2' WHERE id = '7a2a9f67-167a-5c11-9b3e-aa29e3b5ba60';
-- Using 5 curated images for service: Pedikyr 2
INSERT INTO public.media (id,created_at,file_path,media_type,chat_message_id,service_id,owner_id,application_id,review_id,is_preview_image,booking_note_id) VALUES ('68eac837-812e-5b90-ab7b-7621d9be9dd1', DEFAULT, 'https://images.unsplash.com/photo-1605497788044-5a32c7078486?w=800', 'service_image', NULL, NULL, NULL, NULL, NULL, 't', NULL), ('71690ec3-dfa5-52ad-a8fd-90d1c27529ed', DEFAULT, 'https://images.unsplash.com/photo-1559599101-f09722fb4948?w=800', 'service_image', NULL, NULL, NULL, NULL, NULL, 'f', NULL), ('d00e7651-54f8-5135-b46c-f528a3c51efb', DEFAULT, 'https://images.unsplash.com/photo-1562322140-8baeececf3df?w=800', 'service_image', NULL, NULL, NULL, NULL, NULL, 'f', NULL), ('be9fdf2c-9f1d-598c-9a97-e162df70ad53', DEFAULT, 'https://images.unsplash.com/photo-1522337360788-8b13dee7a37e?w=800', 'service_image', NULL, NULL, NULL, NULL, NULL, 'f', NULL), ('4eaec7bc-154a-5003-b352-8637dd5c129b', DEFAULT, 'https://images.unsplash.com/photo-1522337360788-8b13dee7a37e?w=800', 'service_image', NULL, NULL, NULL, NULL, NULL, 'f', NULL);
UPDATE public.media SET service_id = '14178b43-5f90-51e4-b62a-dd642da598f8' WHERE id = '68eac837-812e-5b90-ab7b-7621d9be9dd1';
UPDATE public.media SET service_id = '14178b43-5f90-51e4-b62a-dd642da598f8' WHERE id = '71690ec3-dfa5-52ad-a8fd-90d1c27529ed';
UPDATE public.media SET service_id = '14178b43-5f90-51e4-b62a-dd642da598f8' WHERE id = 'd00e7651-54f8-5135-b46c-f528a3c51efb';
UPDATE public.media SET service_id = '14178b43-5f90-51e4-b62a-dd642da598f8' WHERE id = 'be9fdf2c-9f1d-598c-9a97-e162df70ad53';
UPDATE public.media SET service_id = '14178b43-5f90-51e4-b62a-dd642da598f8' WHERE id = '4eaec7bc-154a-5003-b352-8637dd5c129b';
-- Using 4 curated images for service: Shellac behandling 2
INSERT INTO public.media (id,created_at,file_path,media_type,chat_message_id,service_id,owner_id,application_id,review_id,is_preview_image,booking_note_id) VALUES ('33d73994-7c98-52ac-9076-7cf8262bf9f0', DEFAULT, 'https://images.unsplash.com/photo-1559599101-f09722fb4948?w=800', 'service_image', NULL, NULL, NULL, NULL, NULL, 't', NULL), ('516aaba4-60aa-553e-8dec-62306a0f3947', DEFAULT, 'https://images.unsplash.com/photo-1562322140-8baeececf3df?w=800', 'service_image', NULL, NULL, NULL, NULL, NULL, 'f', NULL), ('aade0491-fe56-51ae-a8b4-0f59a64bf8d4', DEFAULT, 'https://images.unsplash.com/photo-1559599101-f09722fb4948?w=800', 'service_image', NULL, NULL, NULL, NULL, NULL, 'f', NULL), ('67efc638-40c7-5c82-b9c3-6b28e4396133', DEFAULT, 'https://images.unsplash.com/photo-1521590832167-7bcbfaa6381f?w=800', 'service_image', NULL, NULL, NULL, NULL, NULL, 'f', NULL);
UPDATE public.media SET service_id = '1d2359fd-6f1f-5243-864d-5695b37743eb' WHERE id = '33d73994-7c98-52ac-9076-7cf8262bf9f0';
UPDATE public.media SET service_id = '1d2359fd-6f1f-5243-864d-5695b37743eb' WHERE id = '516aaba4-60aa-553e-8dec-62306a0f3947';
UPDATE public.media SET service_id = '1d2359fd-6f1f-5243-864d-5695b37743eb' WHERE id = 'aade0491-fe56-51ae-a8b4-0f59a64bf8d4';
UPDATE public.media SET service_id = '1d2359fd-6f1f-5243-864d-5695b37743eb' WHERE id = '67efc638-40c7-5c82-b9c3-6b28e4396133';
-- Using 3 curated images for service: Gellack med design 2
INSERT INTO public.media (id,created_at,file_path,media_type,chat_message_id,service_id,owner_id,application_id,review_id,is_preview_image,booking_note_id) VALUES ('95b7bc15-81b0-554d-a5c1-a52bde8e1a46', DEFAULT, 'https://images.unsplash.com/photo-1562322140-8baeececf3df?w=800', 'service_image', NULL, NULL, NULL, NULL, NULL, 't', NULL), ('f3f8f977-fee9-512c-9c40-fc3a04d6bd7f', DEFAULT, 'https://images.unsplash.com/photo-1521590832167-7bcbfaa6381f?w=800', 'service_image', NULL, NULL, NULL, NULL, NULL, 'f', NULL), ('3f87735d-a733-5738-93a2-1a91d6f59374', DEFAULT, 'https://images.unsplash.com/photo-1605497788044-5a32c7078486?w=800', 'service_image', NULL, NULL, NULL, NULL, NULL, 'f', NULL);
UPDATE public.media SET service_id = '2a5d49d3-142c-57e5-9270-678f4722bb75' WHERE id = '95b7bc15-81b0-554d-a5c1-a52bde8e1a46';
UPDATE public.media SET service_id = '2a5d49d3-142c-57e5-9270-678f4722bb75' WHERE id = 'f3f8f977-fee9-512c-9c40-fc3a04d6bd7f';
UPDATE public.media SET service_id = '2a5d49d3-142c-57e5-9270-678f4722bb75' WHERE id = '3f87735d-a733-5738-93a2-1a91d6f59374';
-- Using 3 curated images for service: Hybrid vipper 2
INSERT INTO public.media (id,created_at,file_path,media_type,chat_message_id,service_id,owner_id,application_id,review_id,is_preview_image,booking_note_id) VALUES ('c5f2784a-d9b0-5677-a05a-3b12bd405a27', DEFAULT, 'https://images.unsplash.com/photo-1562322140-8baeececf3df?w=800', 'service_image', NULL, NULL, NULL, NULL, NULL, 't', NULL), ('0603e387-3eb9-5591-bfca-efd46f65ab9f', DEFAULT, 'https://images.unsplash.com/photo-1521590832167-7bcbfaa6381f?w=800', 'service_image', NULL, NULL, NULL, NULL, NULL, 'f', NULL), ('3748e41b-71c4-5799-a427-8e13a3510bb5', DEFAULT, 'https://images.unsplash.com/photo-1522337360788-8b13dee7a37e?w=800', 'service_image', NULL, NULL, NULL, NULL, NULL, 'f', NULL);
UPDATE public.media SET service_id = 'b50cd102-29cf-5eae-88fc-400d1de89af3' WHERE id = 'c5f2784a-d9b0-5677-a05a-3b12bd405a27';
UPDATE public.media SET service_id = 'b50cd102-29cf-5eae-88fc-400d1de89af3' WHERE id = '0603e387-3eb9-5591-bfca-efd46f65ab9f';
UPDATE public.media SET service_id = 'b50cd102-29cf-5eae-88fc-400d1de89af3' WHERE id = '3748e41b-71c4-5799-a427-8e13a3510bb5';
-- Using 4 curated images for service: Hårfarge 2
INSERT INTO public.media (id,created_at,file_path,media_type,chat_message_id,service_id,owner_id,application_id,review_id,is_preview_image,booking_note_id) VALUES ('ad7c9a3e-a191-5358-88af-121b6d4dd331', DEFAULT, 'https://images.unsplash.com/photo-1521590832167-7bcbfaa6381f?w=800', 'service_image', NULL, NULL, NULL, NULL, NULL, 't', NULL), ('0ca9a937-a2d1-5fac-ad39-31b8eb12bdd4', DEFAULT, 'https://images.unsplash.com/photo-1559599101-f09722fb4948?w=800', 'service_image', NULL, NULL, NULL, NULL, NULL, 'f', NULL), ('faa59697-d61e-56af-8e2c-20535c3b9849', DEFAULT, 'https://images.unsplash.com/photo-1522337360788-8b13dee7a37e?w=800', 'service_image', NULL, NULL, NULL, NULL, NULL, 'f', NULL), ('76f2ae16-8a79-59ea-a30a-899f26cf5ab9', DEFAULT, 'https://images.unsplash.com/photo-1521590832167-7bcbfaa6381f?w=800', 'service_image', NULL, NULL, NULL, NULL, NULL, 'f', NULL);
UPDATE public.media SET service_id = 'dc966564-92f1-506b-ba19-7d7bb1f740ab' WHERE id = 'ad7c9a3e-a191-5358-88af-121b6d4dd331';
UPDATE public.media SET service_id = 'dc966564-92f1-506b-ba19-7d7bb1f740ab' WHERE id = '0ca9a937-a2d1-5fac-ad39-31b8eb12bdd4';
UPDATE public.media SET service_id = 'dc966564-92f1-506b-ba19-7d7bb1f740ab' WHERE id = 'faa59697-d61e-56af-8e2c-20535c3b9849';
UPDATE public.media SET service_id = 'dc966564-92f1-506b-ba19-7d7bb1f740ab' WHERE id = '76f2ae16-8a79-59ea-a30a-899f26cf5ab9';
-- Using 3 curated images for service: Herreklipp 2
INSERT INTO public.media (id,created_at,file_path,media_type,chat_message_id,service_id,owner_id,application_id,review_id,is_preview_image,booking_note_id) VALUES ('b767b8f5-5c3f-55e8-bfa1-7878807add66', DEFAULT, 'https://images.unsplash.com/photo-1521590832167-7bcbfaa6381f?w=800', 'service_image', NULL, NULL, NULL, NULL, NULL, 't', NULL), ('7b6e31db-cbe3-5707-9dc8-d59d744b3320', DEFAULT, 'https://images.unsplash.com/photo-1522337360788-8b13dee7a37e?w=800', 'service_image', NULL, NULL, NULL, NULL, NULL, 'f', NULL), ('901e5a2b-a898-5a77-b1c5-d2c159e7ff02', DEFAULT, 'https://images.unsplash.com/photo-1522337360788-8b13dee7a37e?w=800', 'service_image', NULL, NULL, NULL, NULL, NULL, 'f', NULL);
UPDATE public.media SET service_id = '17e51b1a-6cc8-5fb8-a298-f35c9601008c' WHERE id = 'b767b8f5-5c3f-55e8-bfa1-7878807add66';
UPDATE public.media SET service_id = '17e51b1a-6cc8-5fb8-a298-f35c9601008c' WHERE id = '7b6e31db-cbe3-5707-9dc8-d59d744b3320';
UPDATE public.media SET service_id = '17e51b1a-6cc8-5fb8-a298-f35c9601008c' WHERE id = '901e5a2b-a898-5a77-b1c5-d2c159e7ff02';
-- Using 5 curated images for service: Brudesminke prøve 2
INSERT INTO public.media (id,created_at,file_path,media_type,chat_message_id,service_id,owner_id,application_id,review_id,is_preview_image,booking_note_id) VALUES ('7a811e17-5e95-58b0-8365-3be08e5e6a3a', DEFAULT, 'https://images.unsplash.com/photo-1595476108010-b4d1f102b1b1?w=800', 'service_image', NULL, NULL, NULL, NULL, NULL, 't', NULL), ('7fb5540f-721b-5810-a31a-d8a13fa9bb03', DEFAULT, 'https://images.unsplash.com/photo-1563401289-e8010d13da76?w=800', 'service_image', NULL, NULL, NULL, NULL, NULL, 'f', NULL), ('93f0ceba-2fd6-534c-967f-f78a2fb741f1', DEFAULT, 'https://images.unsplash.com/photo-1563401289-e8010d13da76?w=800', 'service_image', NULL, NULL, NULL, NULL, NULL, 'f', NULL), ('cb4a8575-a411-5e67-a107-89104f702dd7', DEFAULT, 'https://images.unsplash.com/photo-1607779097040-26e80aa78e66?w=800', 'service_image', NULL, NULL, NULL, NULL, NULL, 'f', NULL), ('6c66b3ca-68fe-523a-be14-d9ca8a835b06', DEFAULT, 'https://images.unsplash.com/photo-1595476108010-b4d1f102b1b1?w=800', 'service_image', NULL, NULL, NULL, NULL, NULL, 'f', NULL);
UPDATE public.media SET service_id = '22bf4307-d5a9-538a-bcf4-909f5a7e33dc' WHERE id = '7a811e17-5e95-58b0-8365-3be08e5e6a3a';
UPDATE public.media SET service_id = '22bf4307-d5a9-538a-bcf4-909f5a7e33dc' WHERE id = '7fb5540f-721b-5810-a31a-d8a13fa9bb03';
UPDATE public.media SET service_id = '22bf4307-d5a9-538a-bcf4-909f5a7e33dc' WHERE id = '93f0ceba-2fd6-534c-967f-f78a2fb741f1';
UPDATE public.media SET service_id = '22bf4307-d5a9-538a-bcf4-909f5a7e33dc' WHERE id = 'cb4a8575-a411-5e67-a107-89104f702dd7';
UPDATE public.media SET service_id = '22bf4307-d5a9-538a-bcf4-909f5a7e33dc' WHERE id = '6c66b3ca-68fe-523a-be14-d9ca8a835b06';
-- Using 4 curated images for service: Føn og styling 2
INSERT INTO public.media (id,created_at,file_path,media_type,chat_message_id,service_id,owner_id,application_id,review_id,is_preview_image,booking_note_id) VALUES ('1cb3f8ac-72b9-5df4-b0be-720b2ea0bc83', DEFAULT, 'https://images.unsplash.com/photo-1595476108010-b4d1f102b1b1?w=800', 'service_image', NULL, NULL, NULL, NULL, NULL, 't', NULL), ('5d41584c-0d8d-5034-9822-4896718cdaea', DEFAULT, 'https://images.unsplash.com/photo-1595476108010-b4d1f102b1b1?w=800', 'service_image', NULL, NULL, NULL, NULL, NULL, 'f', NULL), ('bef5fcee-1597-5bff-beb9-e6570a112297', DEFAULT, 'https://images.unsplash.com/photo-1595476108010-b4d1f102b1b1?w=800', 'service_image', NULL, NULL, NULL, NULL, NULL, 'f', NULL), ('2d05bf61-24ef-52bc-84eb-7c8136bce39c', DEFAULT, 'https://images.unsplash.com/photo-1604654894610-df63bc536371?w=800', 'service_image', NULL, NULL, NULL, NULL, NULL, 'f', NULL);
UPDATE public.media SET service_id = 'cce76ede-998c-52d2-903b-cbf19c7747a8' WHERE id = '1cb3f8ac-72b9-5df4-b0be-720b2ea0bc83';
UPDATE public.media SET service_id = 'cce76ede-998c-52d2-903b-cbf19c7747a8' WHERE id = '5d41584c-0d8d-5034-9822-4896718cdaea';
UPDATE public.media SET service_id = 'cce76ede-998c-52d2-903b-cbf19c7747a8' WHERE id = 'bef5fcee-1597-5bff-beb9-e6570a112297';
UPDATE public.media SET service_id = 'cce76ede-998c-52d2-903b-cbf19c7747a8' WHERE id = '2d05bf61-24ef-52bc-84eb-7c8136bce39c';
-- Using 3 curated images for service: Volum vippeextensions 2
INSERT INTO public.media (id,created_at,file_path,media_type,chat_message_id,service_id,owner_id,application_id,review_id,is_preview_image,booking_note_id) VALUES ('a308fbcd-2830-5864-ac0c-33d945bd903e', DEFAULT, 'https://images.unsplash.com/photo-1595476108010-b4d1f102b1b1?w=800', 'service_image', NULL, NULL, NULL, NULL, NULL, 't', NULL), ('9ebc59c6-5ffb-521f-88c9-161cf237d699', DEFAULT, 'https://images.unsplash.com/photo-1607779097040-26e80aa78e66?w=800', 'service_image', NULL, NULL, NULL, NULL, NULL, 'f', NULL), ('b7f9743c-9536-5df0-9456-3778015eac6d', DEFAULT, 'https://images.unsplash.com/photo-1563401289-e8010d13da76?w=800', 'service_image', NULL, NULL, NULL, NULL, NULL, 'f', NULL);
UPDATE public.media SET service_id = 'a880eacd-2ef3-5f96-a387-1e4129739d58' WHERE id = 'a308fbcd-2830-5864-ac0c-33d945bd903e';
UPDATE public.media SET service_id = 'a880eacd-2ef3-5f96-a387-1e4129739d58' WHERE id = '9ebc59c6-5ffb-521f-88c9-161cf237d699';
UPDATE public.media SET service_id = 'a880eacd-2ef3-5f96-a387-1e4129739d58' WHERE id = 'b7f9743c-9536-5df0-9456-3778015eac6d';
-- Using 4 curated images for service: Gellack manikyr 2
INSERT INTO public.media (id,created_at,file_path,media_type,chat_message_id,service_id,owner_id,application_id,review_id,is_preview_image,booking_note_id) VALUES ('e754587a-7d61-5f8e-934e-52b25e1703f0', DEFAULT, 'https://images.unsplash.com/photo-1595476108010-b4d1f102b1b1?w=800', 'service_image', NULL, NULL, NULL, NULL, NULL, 't', NULL), ('51e4fc9e-212e-506a-8d8d-2ee021ffb948', DEFAULT, 'https://images.unsplash.com/photo-1607779097040-26e80aa78e66?w=800', 'service_image', NULL, NULL, NULL, NULL, NULL, 'f', NULL), ('1707cca2-57ad-582a-8c22-e116776fafa1', DEFAULT, 'https://images.unsplash.com/photo-1604654894610-df63bc536371?w=800', 'service_image', NULL, NULL, NULL, NULL, NULL, 'f', NULL), ('dc7a9cb6-d87e-595b-8173-1d4422097bac', DEFAULT, 'https://images.unsplash.com/photo-1595476108010-b4d1f102b1b1?w=800', 'service_image', NULL, NULL, NULL, NULL, NULL, 'f', NULL);
UPDATE public.media SET service_id = 'cc8895a3-c3b1-570a-9715-0e5f7037db58' WHERE id = 'e754587a-7d61-5f8e-934e-52b25e1703f0';
UPDATE public.media SET service_id = 'cc8895a3-c3b1-570a-9715-0e5f7037db58' WHERE id = '51e4fc9e-212e-506a-8d8d-2ee021ffb948';
UPDATE public.media SET service_id = 'cc8895a3-c3b1-570a-9715-0e5f7037db58' WHERE id = '1707cca2-57ad-582a-8c22-e116776fafa1';
UPDATE public.media SET service_id = 'cc8895a3-c3b1-570a-9715-0e5f7037db58' WHERE id = 'dc7a9cb6-d87e-595b-8173-1d4422097bac';
-- Using 5 curated images for service: Volum vippeextensions 2
INSERT INTO public.media (id,created_at,file_path,media_type,chat_message_id,service_id,owner_id,application_id,review_id,is_preview_image,booking_note_id) VALUES ('7164d1bd-f39b-5d9a-8dd6-06d70d866a82', DEFAULT, 'https://images.unsplash.com/photo-1607779097040-26e80aa78e66?w=800', 'service_image', NULL, NULL, NULL, NULL, NULL, 't', NULL), ('8478a71d-ef97-52e2-a397-f7e9e9dfe3bc', DEFAULT, 'https://images.unsplash.com/photo-1595476108010-b4d1f102b1b1?w=800', 'service_image', NULL, NULL, NULL, NULL, NULL, 'f', NULL), ('9c84ac0d-4fcb-5543-b37e-cb630d5d37bd', DEFAULT, 'https://images.unsplash.com/photo-1610992015732-2449b76344bc?w=800', 'service_image', NULL, NULL, NULL, NULL, NULL, 'f', NULL), ('66cc2da9-0aba-57b4-8869-da93aab9078b', DEFAULT, 'https://images.unsplash.com/photo-1595476108010-b4d1f102b1b1?w=800', 'service_image', NULL, NULL, NULL, NULL, NULL, 'f', NULL), ('7e6f0f77-9258-58f9-a80d-77d8b21910fa', DEFAULT, 'https://images.unsplash.com/photo-1595476108010-b4d1f102b1b1?w=800', 'service_image', NULL, NULL, NULL, NULL, NULL, 'f', NULL);
UPDATE public.media SET service_id = 'db7cae9b-8f33-58bd-9446-2b7e4f35612c' WHERE id = '7164d1bd-f39b-5d9a-8dd6-06d70d866a82';
UPDATE public.media SET service_id = 'db7cae9b-8f33-58bd-9446-2b7e4f35612c' WHERE id = '8478a71d-ef97-52e2-a397-f7e9e9dfe3bc';
UPDATE public.media SET service_id = 'db7cae9b-8f33-58bd-9446-2b7e4f35612c' WHERE id = '9c84ac0d-4fcb-5543-b37e-cb630d5d37bd';
UPDATE public.media SET service_id = 'db7cae9b-8f33-58bd-9446-2b7e4f35612c' WHERE id = '66cc2da9-0aba-57b4-8869-da93aab9078b';
UPDATE public.media SET service_id = 'db7cae9b-8f33-58bd-9446-2b7e4f35612c' WHERE id = '7e6f0f77-9258-58f9-a80d-77d8b21910fa';
-- Using 5 curated images for service: Dagsmakeup 2
INSERT INTO public.media (id,created_at,file_path,media_type,chat_message_id,service_id,owner_id,application_id,review_id,is_preview_image,booking_note_id) VALUES ('89dfde93-4eb0-5e95-8172-a852803bf56f', DEFAULT, 'https://images.unsplash.com/photo-1563401289-e8010d13da76?w=800', 'service_image', NULL, NULL, NULL, NULL, NULL, 't', NULL), ('b4d88b4e-0925-5f86-96f6-2374b2fe0197', DEFAULT, 'https://images.unsplash.com/photo-1607779097040-26e80aa78e66?w=800', 'service_image', NULL, NULL, NULL, NULL, NULL, 'f', NULL), ('cbced664-5c66-58af-a010-c7e811c8360d', DEFAULT, 'https://images.unsplash.com/photo-1610992015732-2449b76344bc?w=800', 'service_image', NULL, NULL, NULL, NULL, NULL, 'f', NULL), ('6646259c-a590-5e21-b65e-5c8413ebd4bc', DEFAULT, 'https://images.unsplash.com/photo-1610992015732-2449b76344bc?w=800', 'service_image', NULL, NULL, NULL, NULL, NULL, 'f', NULL), ('a2ed0f64-509e-5921-aec3-61475b5d4ca2', DEFAULT, 'https://images.unsplash.com/photo-1607779097040-26e80aa78e66?w=800', 'service_image', NULL, NULL, NULL, NULL, NULL, 'f', NULL);
UPDATE public.media SET service_id = 'bfada96a-f22b-520d-a8a5-2a69720d77cb' WHERE id = '89dfde93-4eb0-5e95-8172-a852803bf56f';
UPDATE public.media SET service_id = 'bfada96a-f22b-520d-a8a5-2a69720d77cb' WHERE id = 'b4d88b4e-0925-5f86-96f6-2374b2fe0197';
UPDATE public.media SET service_id = 'bfada96a-f22b-520d-a8a5-2a69720d77cb' WHERE id = 'cbced664-5c66-58af-a010-c7e811c8360d';
UPDATE public.media SET service_id = 'bfada96a-f22b-520d-a8a5-2a69720d77cb' WHERE id = '6646259c-a590-5e21-b65e-5c8413ebd4bc';
UPDATE public.media SET service_id = 'bfada96a-f22b-520d-a8a5-2a69720d77cb' WHERE id = 'a2ed0f64-509e-5921-aec3-61475b5d4ca2';
-- Using 4 curated images for service: Hårbehandling 2
INSERT INTO public.media (id,created_at,file_path,media_type,chat_message_id,service_id,owner_id,application_id,review_id,is_preview_image,booking_note_id) VALUES ('e34ec168-96c7-58fd-aad5-ae69f7ceb31d', DEFAULT, 'https://images.unsplash.com/photo-1563401289-e8010d13da76?w=800', 'service_image', NULL, NULL, NULL, NULL, NULL, 't', NULL), ('56f5e3f3-5a03-5cff-be54-c57d60090523', DEFAULT, 'https://images.unsplash.com/photo-1595476108010-b4d1f102b1b1?w=800', 'service_image', NULL, NULL, NULL, NULL, NULL, 'f', NULL), ('70f8be8b-11c9-5a4a-a1f3-8c85a9b65295', DEFAULT, 'https://images.unsplash.com/photo-1610992015732-2449b76344bc?w=800', 'service_image', NULL, NULL, NULL, NULL, NULL, 'f', NULL), ('d447d614-fd28-559f-946e-301c5cc0767d', DEFAULT, 'https://images.unsplash.com/photo-1604654894610-df63bc536371?w=800', 'service_image', NULL, NULL, NULL, NULL, NULL, 'f', NULL);
UPDATE public.media SET service_id = 'b7cfbb6f-5f3b-51a2-8f67-556f8e8bb547' WHERE id = 'e34ec168-96c7-58fd-aad5-ae69f7ceb31d';
UPDATE public.media SET service_id = 'b7cfbb6f-5f3b-51a2-8f67-556f8e8bb547' WHERE id = '56f5e3f3-5a03-5cff-be54-c57d60090523';
UPDATE public.media SET service_id = 'b7cfbb6f-5f3b-51a2-8f67-556f8e8bb547' WHERE id = '70f8be8b-11c9-5a4a-a1f3-8c85a9b65295';
UPDATE public.media SET service_id = 'b7cfbb6f-5f3b-51a2-8f67-556f8e8bb547' WHERE id = 'd447d614-fd28-559f-946e-301c5cc0767d';
-- Using 3 curated images for service: Hybrid vipper 2
INSERT INTO public.media (id,created_at,file_path,media_type,chat_message_id,service_id,owner_id,application_id,review_id,is_preview_image,booking_note_id) VALUES ('aefc3f87-88a9-5aa7-a690-147663cc6f66', DEFAULT, 'https://images.unsplash.com/photo-1583001931096-959e9a1a6223?w=800', 'service_image', NULL, NULL, NULL, NULL, NULL, 't', NULL), ('ef47c812-1e90-53ea-a974-389402864d3f', DEFAULT, 'https://images.unsplash.com/photo-1487412947147-5cebf100ffc2?w=800', 'service_image', NULL, NULL, NULL, NULL, NULL, 'f', NULL), ('24819597-2a2e-57b1-90c1-f90b8c10d01e', DEFAULT, 'https://images.unsplash.com/photo-1512496015851-a90fb38ba796?w=800', 'service_image', NULL, NULL, NULL, NULL, NULL, 'f', NULL);
UPDATE public.media SET service_id = 'ecbea8f6-b213-57b5-811c-b7261694ffa4' WHERE id = 'aefc3f87-88a9-5aa7-a690-147663cc6f66';
UPDATE public.media SET service_id = 'ecbea8f6-b213-57b5-811c-b7261694ffa4' WHERE id = 'ef47c812-1e90-53ea-a974-389402864d3f';
UPDATE public.media SET service_id = 'ecbea8f6-b213-57b5-811c-b7261694ffa4' WHERE id = '24819597-2a2e-57b1-90c1-f90b8c10d01e';
-- Using 3 curated images for service: Foto makeup 2
INSERT INTO public.media (id,created_at,file_path,media_type,chat_message_id,service_id,owner_id,application_id,review_id,is_preview_image,booking_note_id) VALUES ('4fd92da5-57f0-57e2-92d3-112833be5ffd', DEFAULT, 'https://images.unsplash.com/photo-1512496015851-a90fb38ba796?w=800', 'service_image', NULL, NULL, NULL, NULL, NULL, 't', NULL), ('e37c2719-bc2c-5cd4-ba41-297260c2b2a5', DEFAULT, 'https://images.unsplash.com/photo-1522338140262-f46f5913618c?w=800', 'service_image', NULL, NULL, NULL, NULL, NULL, 'f', NULL), ('4d885f51-0619-55e2-85a4-e05c67041374', DEFAULT, 'https://images.unsplash.com/photo-1487412947147-5cebf100ffc2?w=800', 'service_image', NULL, NULL, NULL, NULL, NULL, 'f', NULL);
UPDATE public.media SET service_id = 'e120ba0e-3be9-5f1c-bd06-ba190e8d0b70' WHERE id = '4fd92da5-57f0-57e2-92d3-112833be5ffd';
UPDATE public.media SET service_id = 'e120ba0e-3be9-5f1c-bd06-ba190e8d0b70' WHERE id = 'e37c2719-bc2c-5cd4-ba41-297260c2b2a5';
UPDATE public.media SET service_id = 'e120ba0e-3be9-5f1c-bd06-ba190e8d0b70' WHERE id = '4d885f51-0619-55e2-85a4-e05c67041374';
-- Using 4 curated images for service: Balayage farge 2
INSERT INTO public.media (id,created_at,file_path,media_type,chat_message_id,service_id,owner_id,application_id,review_id,is_preview_image,booking_note_id) VALUES ('73a63871-4637-50f7-a8cf-a17686c7dc5b', DEFAULT, 'https://images.unsplash.com/photo-1487412947147-5cebf100ffc2?w=800', 'service_image', NULL, NULL, NULL, NULL, NULL, 't', NULL), ('bd127772-a4de-5b6a-93d8-8fb1c0b93210', DEFAULT, 'https://images.unsplash.com/photo-1596462502278-27bfdc403348?w=800', 'service_image', NULL, NULL, NULL, NULL, NULL, 'f', NULL), ('ba622eeb-0858-5882-99a0-b62b53c8cb6e', DEFAULT, 'https://images.unsplash.com/photo-1583001931096-959e9a1a6223?w=800', 'service_image', NULL, NULL, NULL, NULL, NULL, 'f', NULL), ('9f536c34-de80-504a-8dbc-3a1bd227b175', DEFAULT, 'https://images.unsplash.com/photo-1487412947147-5cebf100ffc2?w=800', 'service_image', NULL, NULL, NULL, NULL, NULL, 'f', NULL);
UPDATE public.media SET service_id = '01386236-4a58-58c4-bc9b-b62296d5b0c8' WHERE id = '73a63871-4637-50f7-a8cf-a17686c7dc5b';
UPDATE public.media SET service_id = '01386236-4a58-58c4-bc9b-b62296d5b0c8' WHERE id = 'bd127772-a4de-5b6a-93d8-8fb1c0b93210';
UPDATE public.media SET service_id = '01386236-4a58-58c4-bc9b-b62296d5b0c8' WHERE id = 'ba622eeb-0858-5882-99a0-b62b53c8cb6e';
UPDATE public.media SET service_id = '01386236-4a58-58c4-bc9b-b62296d5b0c8' WHERE id = '9f536c34-de80-504a-8dbc-3a1bd227b175';
-- Using 5 curated images for service: Highlights 2
INSERT INTO public.media (id,created_at,file_path,media_type,chat_message_id,service_id,owner_id,application_id,review_id,is_preview_image,booking_note_id) VALUES ('38d62570-55e1-5395-a25c-8df93ae10237', DEFAULT, 'https://images.unsplash.com/photo-1522338140262-f46f5913618c?w=800', 'service_image', NULL, NULL, NULL, NULL, NULL, 't', NULL), ('b6bfab67-d74d-5c7e-9c8e-4cb96b65dcf8', DEFAULT, 'https://images.unsplash.com/photo-1512496015851-a90fb38ba796?w=800', 'service_image', NULL, NULL, NULL, NULL, NULL, 'f', NULL), ('fa9c9937-5a1c-55c3-beb1-47e83e867683', DEFAULT, 'https://images.unsplash.com/photo-1487412947147-5cebf100ffc2?w=800', 'service_image', NULL, NULL, NULL, NULL, NULL, 'f', NULL), ('1a112051-5939-53cf-8bfe-2942c9dc868a', DEFAULT, 'https://images.unsplash.com/photo-1522338140262-f46f5913618c?w=800', 'service_image', NULL, NULL, NULL, NULL, NULL, 'f', NULL), ('a2ff68fb-eab0-57a6-88d1-c55cc68ae420', DEFAULT, 'https://images.unsplash.com/photo-1522338140262-f46f5913618c?w=800', 'service_image', NULL, NULL, NULL, NULL, NULL, 'f', NULL);
UPDATE public.media SET service_id = '588ce9a6-824d-5ecc-ac30-0e0629217186' WHERE id = '38d62570-55e1-5395-a25c-8df93ae10237';
UPDATE public.media SET service_id = '588ce9a6-824d-5ecc-ac30-0e0629217186' WHERE id = 'b6bfab67-d74d-5c7e-9c8e-4cb96b65dcf8';
UPDATE public.media SET service_id = '588ce9a6-824d-5ecc-ac30-0e0629217186' WHERE id = 'fa9c9937-5a1c-55c3-beb1-47e83e867683';
UPDATE public.media SET service_id = '588ce9a6-824d-5ecc-ac30-0e0629217186' WHERE id = '1a112051-5939-53cf-8bfe-2942c9dc868a';
UPDATE public.media SET service_id = '588ce9a6-824d-5ecc-ac30-0e0629217186' WHERE id = 'a2ff68fb-eab0-57a6-88d1-c55cc68ae420';
-- Using 4 curated images for service: Føn og styling 2
INSERT INTO public.media (id,created_at,file_path,media_type,chat_message_id,service_id,owner_id,application_id,review_id,is_preview_image,booking_note_id) VALUES ('e0a60338-6512-576d-8fd8-d1b2ddc38843', DEFAULT, 'https://images.unsplash.com/photo-1522338140262-f46f5913618c?w=800', 'service_image', NULL, NULL, NULL, NULL, NULL, 't', NULL), ('f94c3b02-aab1-5b06-a504-eb189c659e07', DEFAULT, 'https://images.unsplash.com/photo-1522338140262-f46f5913618c?w=800', 'service_image', NULL, NULL, NULL, NULL, NULL, 'f', NULL), ('d3def2a1-d87e-596e-9c6f-6a3ad10d2cb0', DEFAULT, 'https://images.unsplash.com/photo-1512496015851-a90fb38ba796?w=800', 'service_image', NULL, NULL, NULL, NULL, NULL, 'f', NULL), ('9919dcf4-5c9f-5eac-bb50-42e422e0f725', DEFAULT, 'https://images.unsplash.com/photo-1512496015851-a90fb38ba796?w=800', 'service_image', NULL, NULL, NULL, NULL, NULL, 'f', NULL);
UPDATE public.media SET service_id = '0416504c-bc7d-5f0c-ac2f-94736d68799c' WHERE id = 'e0a60338-6512-576d-8fd8-d1b2ddc38843';
UPDATE public.media SET service_id = '0416504c-bc7d-5f0c-ac2f-94736d68799c' WHERE id = 'f94c3b02-aab1-5b06-a504-eb189c659e07';
UPDATE public.media SET service_id = '0416504c-bc7d-5f0c-ac2f-94736d68799c' WHERE id = 'd3def2a1-d87e-596e-9c6f-6a3ad10d2cb0';
UPDATE public.media SET service_id = '0416504c-bc7d-5f0c-ac2f-94736d68799c' WHERE id = '9919dcf4-5c9f-5eac-bb50-42e422e0f725';
-- Using 4 curated images for service: Hybrid vipper 2
INSERT INTO public.media (id,created_at,file_path,media_type,chat_message_id,service_id,owner_id,application_id,review_id,is_preview_image,booking_note_id) VALUES ('b4cc9532-f0b2-5372-ba47-faae3bd1c6ca', DEFAULT, 'https://images.unsplash.com/photo-1596462502278-27bfdc403348?w=800', 'service_image', NULL, NULL, NULL, NULL, NULL, 't', NULL), ('6c74c571-0163-56b4-bdfb-4e7f5ce9822a', DEFAULT, 'https://images.unsplash.com/photo-1512496015851-a90fb38ba796?w=800', 'service_image', NULL, NULL, NULL, NULL, NULL, 'f', NULL), ('2ea76bd9-bc83-5921-a5e1-a29e34468e7d', DEFAULT, 'https://images.unsplash.com/photo-1522338140262-f46f5913618c?w=800', 'service_image', NULL, NULL, NULL, NULL, NULL, 'f', NULL), ('80b23d62-850f-5c1d-97d8-2a399e7606ae', DEFAULT, 'https://images.unsplash.com/photo-1512496015851-a90fb38ba796?w=800', 'service_image', NULL, NULL, NULL, NULL, NULL, 'f', NULL);
UPDATE public.media SET service_id = 'ae095deb-f4d1-5a82-93a8-6df231b7cb4c' WHERE id = 'b4cc9532-f0b2-5372-ba47-faae3bd1c6ca';
UPDATE public.media SET service_id = 'ae095deb-f4d1-5a82-93a8-6df231b7cb4c' WHERE id = '6c74c571-0163-56b4-bdfb-4e7f5ce9822a';
UPDATE public.media SET service_id = 'ae095deb-f4d1-5a82-93a8-6df231b7cb4c' WHERE id = '2ea76bd9-bc83-5921-a5e1-a29e34468e7d';
UPDATE public.media SET service_id = 'ae095deb-f4d1-5a82-93a8-6df231b7cb4c' WHERE id = '80b23d62-850f-5c1d-97d8-2a399e7606ae';
-- Using 4 curated images for service: Brynslaminering 2
INSERT INTO public.media (id,created_at,file_path,media_type,chat_message_id,service_id,owner_id,application_id,review_id,is_preview_image,booking_note_id) VALUES ('25f20481-353b-55ae-a8b0-311855682685', DEFAULT, 'https://images.unsplash.com/photo-1571019613454-1cb2f99b2d8b?w=800', 'service_image', NULL, NULL, NULL, NULL, NULL, 't', NULL), ('6aff8bbd-bb3c-5d39-915e-52b22ac416ee', DEFAULT, 'https://images.unsplash.com/photo-1571171637578-41bc2dd41cd2?w=800', 'service_image', NULL, NULL, NULL, NULL, NULL, 'f', NULL), ('a1562f33-8599-5ad7-a81f-ea34efd325ee', DEFAULT, 'https://images.unsplash.com/photo-1579952363873-27d3bfad9c0d?w=800', 'service_image', NULL, NULL, NULL, NULL, NULL, 'f', NULL), ('cc4aaad0-05a8-5efd-b59c-4b150aea16cd', DEFAULT, 'https://images.unsplash.com/photo-1614807536394-cd67bd4a634b?w=800', 'service_image', NULL, NULL, NULL, NULL, NULL, 'f', NULL);
UPDATE public.media SET service_id = 'b341b4e7-48c7-52a0-b31a-cfc76698083a' WHERE id = '25f20481-353b-55ae-a8b0-311855682685';
UPDATE public.media SET service_id = 'b341b4e7-48c7-52a0-b31a-cfc76698083a' WHERE id = '6aff8bbd-bb3c-5d39-915e-52b22ac416ee';
UPDATE public.media SET service_id = 'b341b4e7-48c7-52a0-b31a-cfc76698083a' WHERE id = 'a1562f33-8599-5ad7-a81f-ea34efd325ee';
UPDATE public.media SET service_id = 'b341b4e7-48c7-52a0-b31a-cfc76698083a' WHERE id = 'cc4aaad0-05a8-5efd-b59c-4b150aea16cd';
INSERT INTO public.stylist_availability_rules (id,stylist_id,day_of_week,start_time,end_time) VALUES ('c60ae184-7fe3-5d8b-8ef9-7bcaca5af2ce', '5fef9e7c-116a-5504-a6ae-d16f4442d448', 'monday', '08:00', '17:00'), ('bd03682d-a54d-55cd-92d5-6357aee53472', '5fef9e7c-116a-5504-a6ae-d16f4442d448', 'tuesday', '08:00', '17:00'), ('d2cfbf3c-2f8c-560c-a17e-356a42049008', '5fef9e7c-116a-5504-a6ae-d16f4442d448', 'thursday', '08:00', '17:00'), ('9c56a790-eceb-51eb-9fc9-ea7ba06b935a', '5fef9e7c-116a-5504-a6ae-d16f4442d448', 'friday', '08:00', '17:00'), ('81bd8e0b-643c-55b2-9801-08d3b93feaf8', '5fef9e7c-116a-5504-a6ae-d16f4442d448', 'saturday', '10:00', '15:00'), ('6a493aeb-bf62-5516-aae2-6ba6fdb14d34', '5ac46069-d153-5b50-a0be-8a017d379243', 'monday', '09:00', '18:00'), ('6f9c27f6-3cdc-5bb3-b8fc-540914e5733f', '5ac46069-d153-5b50-a0be-8a017d379243', 'tuesday', '09:00', '18:00'), ('514e9d0e-e8d9-590c-af83-812a0830e348', '5ac46069-d153-5b50-a0be-8a017d379243', 'wednesday', '09:00', '18:00'), ('ab465bc3-0e73-5320-b4bc-618880b146ef', '5ac46069-d153-5b50-a0be-8a017d379243', 'thursday', '09:00', '18:00'), ('dbef8424-421f-5745-9227-b88cc3edd63e', '5ac46069-d153-5b50-a0be-8a017d379243', 'friday', '09:00', '18:00'), ('76d8701f-a7ee-58bf-8399-82431d8b601e', '5ac46069-d153-5b50-a0be-8a017d379243', 'saturday', '11:00', '16:00'), ('44708471-0051-5838-b931-bb32352ec128', '5f2c632c-1003-5d3e-94f5-6085899aa359', 'monday', '10:00', '19:00'), ('83452a8c-2732-5e00-b522-1f6be455d4fc', '5f2c632c-1003-5d3e-94f5-6085899aa359', 'tuesday', '10:00', '19:00'), ('1e157e11-c2cf-5d44-b0fe-143bf785a869', '5f2c632c-1003-5d3e-94f5-6085899aa359', 'wednesday', '10:00', '19:00'), ('5cc90530-d6cb-540a-85f9-cd6f9f8c8764', '5f2c632c-1003-5d3e-94f5-6085899aa359', 'thursday', '10:00', '19:00'), ('c803ab7d-d500-5306-b5b9-a2a7c63b7005', '5f2c632c-1003-5d3e-94f5-6085899aa359', 'friday', '10:00', '19:00'), ('3dce3ae0-53f9-5770-adc4-956537b7583b', '5f2c632c-1003-5d3e-94f5-6085899aa359', 'saturday', '10:00', '15:00'), ('8eba181e-48ac-5c4b-9ac2-22f204d1606e', '71c8f57c-aae5-5ac8-8fc0-a1ff399b17b8', 'monday', '08:00', '17:00'), ('585e44ca-bbc6-5800-b561-0286e02feaeb', '71c8f57c-aae5-5ac8-8fc0-a1ff399b17b8', 'tuesday', '08:00', '17:00'), ('fdd5a303-b92c-5e0a-9dc8-9f4895ee24e8', '71c8f57c-aae5-5ac8-8fc0-a1ff399b17b8', 'thursday', '08:00', '17:00'), ('bbc9d464-06b4-50c7-9b5f-f582705c6d36', '71c8f57c-aae5-5ac8-8fc0-a1ff399b17b8', 'friday', '08:00', '17:00'), ('e03e2c17-b0cb-59cf-873e-23054728a94b', '71c8f57c-aae5-5ac8-8fc0-a1ff399b17b8', 'saturday', '11:00', '16:00'), ('ef5f8ef5-969c-5a26-b80f-9a78545cfa60', '815c84a1-9088-5e6f-b1ab-0853285c0e5d', 'monday', '09:00', '18:00'), ('d415671f-e95d-535e-90e8-06820e0331c9', '815c84a1-9088-5e6f-b1ab-0853285c0e5d', 'tuesday', '09:00', '18:00'), ('3d57db21-b580-56e5-88c4-8a30c1f859a3', '815c84a1-9088-5e6f-b1ab-0853285c0e5d', 'wednesday', '09:00', '18:00'), ('a0255069-edfa-5ebb-bf91-9519a9b80c4e', '815c84a1-9088-5e6f-b1ab-0853285c0e5d', 'thursday', '09:00', '18:00'), ('bb4f90fd-efc3-5e28-972e-c47ecccf813a', '815c84a1-9088-5e6f-b1ab-0853285c0e5d', 'friday', '09:00', '18:00'), ('12808446-01a0-591b-beeb-043d90cafad6', '815c84a1-9088-5e6f-b1ab-0853285c0e5d', 'saturday', '10:00', '15:00'), ('8bccfda1-4d48-533e-8a89-b7feeaba219e', 'f14ee7a7-b3f9-561d-8cf7-983293f0008f', 'monday', '10:00', '19:00'), ('a6d81001-1df1-52fe-8ec4-725d41aa122d', 'f14ee7a7-b3f9-561d-8cf7-983293f0008f', 'tuesday', '10:00', '19:00'), ('e8c8069f-6f8e-5140-9c0f-6c5281919846', 'f14ee7a7-b3f9-561d-8cf7-983293f0008f', 'wednesday', '10:00', '19:00'), ('89b0e55f-93d1-569a-b1f9-f6f6ff33e342', 'f14ee7a7-b3f9-561d-8cf7-983293f0008f', 'thursday', '10:00', '19:00'), ('2baa04ae-3e9d-5387-a272-d31e6f85868b', 'f14ee7a7-b3f9-561d-8cf7-983293f0008f', 'friday', '10:00', '19:00'), ('946323e5-4a80-5079-a290-65c58a29524d', 'f14ee7a7-b3f9-561d-8cf7-983293f0008f', 'saturday', '11:00', '16:00'), ('6ee15366-a79b-596a-b034-1fa1599ce353', 'e4153ca5-d012-5995-bad4-086731587974', 'monday', '08:00', '17:00'), ('8598a2cf-8f8a-581a-a15a-44e77e0108ec', 'e4153ca5-d012-5995-bad4-086731587974', 'tuesday', '08:00', '17:00'), ('9559e6a7-502c-5ca8-a58d-1c1eee2b3303', 'e4153ca5-d012-5995-bad4-086731587974', 'thursday', '08:00', '17:00'), ('d3ad2412-51bc-5126-9ab9-d9280dca76fe', 'e4153ca5-d012-5995-bad4-086731587974', 'friday', '08:00', '17:00'), ('9c3f77e4-b085-5f56-88de-9bdd35e5cbb8', 'e4153ca5-d012-5995-bad4-086731587974', 'saturday', '10:00', '15:00'), ('472d652c-d095-5325-b1e5-cb79135d697a', '8bb5337a-4ae8-5fe9-834c-d09e97c220b7', 'monday', '09:00', '18:00'), ('d5203669-387a-5b6f-b0b5-d9f432a356ef', '8bb5337a-4ae8-5fe9-834c-d09e97c220b7', 'tuesday', '09:00', '18:00'), ('68319779-5e17-559f-9534-638d8b9a2e39', '8bb5337a-4ae8-5fe9-834c-d09e97c220b7', 'wednesday', '09:00', '18:00'), ('7ae3b66f-fd74-51b8-8d75-55d4be5f4419', '8bb5337a-4ae8-5fe9-834c-d09e97c220b7', 'thursday', '09:00', '18:00'), ('4dd0d064-745e-539c-835e-35a3175b2591', '8bb5337a-4ae8-5fe9-834c-d09e97c220b7', 'friday', '09:00', '18:00'), ('ac4d5b67-8ee4-52e4-90fb-d646227b7850', 'b36ab93a-34cf-5d2f-8309-1f65466da6f0', 'monday', '10:00', '19:00'), ('dae36049-c30c-549c-8eed-9be4acfe3027', 'b36ab93a-34cf-5d2f-8309-1f65466da6f0', 'tuesday', '10:00', '19:00'), ('fe9bdad2-31cf-5cf3-9b43-174d208a61ce', 'b36ab93a-34cf-5d2f-8309-1f65466da6f0', 'wednesday', '10:00', '19:00'), ('d8c43527-739a-5fb2-b441-f45ad3ddefa6', 'b36ab93a-34cf-5d2f-8309-1f65466da6f0', 'thursday', '10:00', '19:00'), ('4841b1ec-580c-574b-9c2c-a45fcf89927f', 'b36ab93a-34cf-5d2f-8309-1f65466da6f0', 'friday', '10:00', '19:00'), ('d18d635a-7414-56d7-a35f-2d957c4cc427', '44315cac-0a3d-513e-ae25-923183abdce2', 'monday', '08:00', '17:00'), ('23c8084f-6413-505a-8640-3970c9c68f3a', '44315cac-0a3d-513e-ae25-923183abdce2', 'tuesday', '08:00', '17:00'), ('c47d6e66-f42b-5277-9ae9-10a71b18fad9', '44315cac-0a3d-513e-ae25-923183abdce2', 'thursday', '08:00', '17:00'), ('6c41c7d3-882e-5061-a90b-4b6f5f099c21', '44315cac-0a3d-513e-ae25-923183abdce2', 'friday', '08:00', '17:00');
INSERT INTO public.stylist_unavailability (id,stylist_id,start_time,end_time,reason) VALUES ('4cc8e567-6b18-58ad-87d4-61b6c5618de6', '5fef9e7c-116a-5504-a6ae-d16f4442d448', '2025-08-31T11:00:00.000Z', '2025-08-31T12:00:00.000Z', 'Lunsj'), ('a3945372-607b-568a-b0e2-2d7a029f73f8', '5ac46069-d153-5b50-a0be-8a017d379243', '2025-08-31T13:00:00.000Z', '2025-08-31T15:00:00.000Z', 'Tannlegetime');
INSERT INTO public.stylist_recurring_unavailability (id,stylist_id,title,start_time,end_time,series_start_date,series_end_date,rrule) VALUES ('4405c156-48d1-5d11-8ace-ad70785e617a', '5fef9e7c-116a-5504-a6ae-d16f4442d448', 'Lunsj pause', '12:00:00', '13:00:00', '2025-08-01T20:42:49.326Z', NULL, 'FREQ=WEEKLY;BYDAY=MO,TU,WE,TH,FR'), ('61e7c679-d738-56c9-ab18-18219dada9ca', '5ac46069-d153-5b50-a0be-8a017d379243', 'Ukentlig teammøte', '09:00:00', '10:00:00', '2025-08-01T20:42:49.326Z', NULL, 'FREQ=WEEKLY;BYDAY=TU'), ('7a28491e-d5b5-5b31-9eef-07d765427f80', '5f2c632c-1003-5d3e-94f5-6085899aa359', 'Månedlig planlegging', '14:00:00', '16:00:00', '2025-08-01T20:42:49.326Z', NULL, 'FREQ=MONTHLY;BYMONTHDAY=1');
INSERT INTO public.applications (id,created_at,user_id,birth_date,price_range_currency,price_range_from,price_range_to,professional_experience,status,address_nickname,city,country,email,entry_instructions,full_name,phone_number,postal_code,street_address) VALUES ('69da0a33-0eea-56e6-95d9-09f8e040951f', DEFAULT, NULL, '1990-05-15T00:00:00.000Z', 'NOK', 300, 800, '5 års erfaring som frisør hos Cutters. Spesialiserer meg på herreklipp og skjeggpleie.', 'applied', 'Neque ac cum causa de, res comprobab id fugiendisser sensummum expetua ab.', 'Trondheim', 'Norge', 'lars.eriksen@example.com', 'Sunt et sit voluperno qui voluptas iudicet ine.', 'Lars Eriksen', '+4795678901', '7013', 'Kirkegata 24'), ('0cccb40e-27a8-53e0-825a-92dbec25a608', DEFAULT, NULL, '1995-08-22T00:00:00.000Z', 'NOK', 500, 2500, 'Utdannet makeupartist fra Norges Makeup Akademi. 3 års erfaring med brude- og festmakeup.', 'pending_info', 'Est si percipi novi voluptat sit quietem.', 'Stavanger', 'Norge', 'anna.svendsen@example.com', 'Id vitae aut volunt in poetis si, naturove quod suscipi ut sin expetenim.', 'Anna Svendsen', '+4796789012', '4006', 'Dronningens gate 15'), ('be682399-6e1d-5674-be93-9d36ad201f4f', DEFAULT, NULL, '1988-11-30T00:00:00.000Z', 'NOK', 400, 1200, 'Sertifisert negletekniker med 7 års erfaring. Ekspert på gel og akryl.', 'approved', 'Vi ipsa expetetiam theatro in facil necest nostrum, erundum malumquam imos talibusque pleriquis honesta.', 'Oslo', 'Norge', 'ingrid.olsen@example.com', 'Es non alia inquit es autem ibus antur, expetiuntur futur praetertimo vacari praecepicul vero soliditia invituptat.', 'Ingrid Olsen', '+4797890123', '0123', 'Håkons gate 5');
INSERT INTO public.application_categories (application_id,category_id) VALUES ('69da0a33-0eea-56e6-95d9-09f8e040951f', '774d6a93-1a7a-59f0-b70f-9b0cccb98376'), ('0cccb40e-27a8-53e0-825a-92dbec25a608', 'a1b8b547-cac9-5eef-87c4-eb2759d940ae'), ('0cccb40e-27a8-53e0-825a-92dbec25a608', '48d376e0-21ce-5ed7-b7bc-26086c834c23'), ('be682399-6e1d-5674-be93-9d36ad201f4f', '40613055-bb54-561d-9553-1fee5ba0e651');
INSERT INTO public.discounts (id,created_at,updated_at,code,description,discount_percentage,discount_amount,currency,max_uses,current_uses,max_uses_per_user,is_active,valid_from,expires_at,minimum_order_amount) VALUES ('4baed22a-1c43-5e30-9f18-1ca31b7d709c', DEFAULT, DEFAULT, 'VELKOMMEN20', '20% rabatt for nye kunder', 20, NULL, 'NOK', 100, 12, 1, 't', '2024-01-01T00:00:00.000Z', '2024-12-31T00:00:00.000Z', 50000), ('ac808bcf-8db9-5c85-92a7-d9843d3fdbf4', DEFAULT, DEFAULT, 'SOMMER100', '100 kr rabatt på alle tjenester', NULL, 10000, 'NOK', 50, 5, 2, 't', '2024-06-01T00:00:00.000Z', '2024-08-31T00:00:00.000Z', 80000);
-- Creating bookings for testing...
INSERT INTO public.addresses (id,created_at,updated_at,user_id,nickname,street_address,city,postal_code,country,entry_instructions,is_primary,location) VALUES ('2d6f9bc6-83fd-5644-a61e-15eaa11b8495', DEFAULT, DEFAULT, 'bc6c992f-6177-5b38-a99d-4c1f8bf2d0e3', 'Sommerhus', 'Strandveien 123', 'Oslo', '0250', 'Norge', 'Ring på døren, kode 1234', 'f', 'POINT(10.6831 59.8897)');
INSERT INTO public.bookings (id,created_at,updated_at,customer_id,stylist_id,start_time,end_time,message_to_stylist,status,address_id,stripe_payment_intent_id,total_duration_minutes,total_price,cancellation_reason,cancelled_at,discount_applied,discount_id) VALUES ('c0e1033f-5c17-52d3-8ec8-639717723180', DEFAULT, DEFAULT, 'bc6c992f-6177-5b38-a99d-4c1f8bf2d0e3', '5fef9e7c-116a-5504-a6ae-d16f4442d448', '2025-08-31T20:42:49.328Z', '2025-08-31T22:12:49.328Z', 'Håper du kan hjelpe meg med en fin balayage som passer til hudfarge!', 'confirmed', NULL, 'pi_test_upcoming_confirmed_001', 90, 1600, 'Aut or peccandi sed constituit et mediocrisque.', '2020-01-09T12:48:15.000Z', 400, NULL), ('19f4b02d-74c2-570e-b2ad-1c256ba2d948', DEFAULT, DEFAULT, 'bc6c992f-6177-5b38-a99d-4c1f8bf2d0e3', '5ac46069-d153-5b50-a0be-8a017d379243', '2025-08-27T20:42:49.328Z', '2025-08-27T21:42:49.328Z', 'Første gang jeg skal ha festmakeup, er litt nervøs!', 'pending', NULL, 'pi_test_upcoming_pending_002', 60, 1200, 'Per nobis migrarertun quidem non genii expetendas quodsi.', '2020-11-07T23:05:20.000Z', 0, NULL), ('167546cc-eb80-5257-826e-c308d9230d34', DEFAULT, DEFAULT, 'bc6c992f-6177-5b38-a99d-4c1f8bf2d0e3', '5f2c632c-1003-5d3e-94f5-6085899aa359', '2025-07-25T20:42:49.328Z', '2025-07-25T22:42:49.328Z', 'Trenger klassiske vipper for bryllupet til min søster', 'completed', NULL, 'pi_test_completed_003', 120, 2500, 'Consis virtutibus paene transferre maximamic entium tendisputat dicent.', '2020-04-12T03:43:03.000Z', 0, NULL), ('c78af2d8-74ad-55ca-b6ee-c3e04971e3b1', DEFAULT, DEFAULT, 'bc6c992f-6177-5b38-a99d-4c1f8bf2d0e3', '5fef9e7c-116a-5504-a6ae-d16f4442d448', '2025-08-17T20:42:49.328Z', '2025-08-17T21:27:49.328Z', 'Bare et enkelt klipp, takk!', 'cancelled', NULL, 'pi_test_cancelled_004', 45, 800, 'Måtte reise på jobb uventet', '2025-08-16T20:42:49.328Z', 0, NULL), ('7c0f36cb-52ba-5b93-bdbd-14954cc91be0', DEFAULT, DEFAULT, '5ca75a8e-3605-5166-aa74-4e2e2fc0beef', '5ac46069-d153-5b50-a0be-8a017d379243', '2025-09-07T20:42:49.328Z', '2025-09-07T23:42:49.328Z', 'Dette er til bryllupet mitt! Ønsker både makeup og hår til forloveden min. Vi møtes hjemme hos oss.', 'confirmed', NULL, 'pi_test_wedding_005', 180, 2900, 'Est ac posse nec concedere tentiae in tur, torquem nisi ipsius et intellegit brutus causa.', '2020-08-20T07:17:56.000Z', 100, NULL), ('6c98d217-a6dd-53cd-8ab5-c00f53f01401', DEFAULT, DEFAULT, '5ca75a8e-3605-5166-aa74-4e2e2fc0beef', '5f2c632c-1003-5d3e-94f5-6085899aa359', '2025-07-10T20:42:49.328Z', '2025-07-10T21:57:49.328Z', 'Både brynslaminering og forming, takk!', 'completed', NULL, 'pi_test_multiple_services_006', 75, 1400, 'Sibus putatomit dici entur honesse, omneminquit si tentus inmorbos non modo negantia.', '2020-05-13T04:54:12.000Z', 0, NULL), ('742dfc0a-06b9-50f4-b9ad-fd3f05e329b6', DEFAULT, DEFAULT, '12b3f6e4-8e09-5767-b1ce-9d45589acea2', 'e4153ca5-d012-5995-bad4-086731587974', '2025-09-04T20:42:49.328Z', '2025-09-04T22:42:49.328Z', 'Vil gjerne prøve noe nytt', 'completed', NULL, 'pi_test_generated_7', 120, 2058, 'Honestiae hominclusae triarius sint prospermagnum ne sublatum, aequum est essariae ut ipsa stabillam.', '2020-07-07T06:13:13.000Z', 0, NULL), ('bf43b54c-a4bc-5d33-aa98-7eec9416e9b6', DEFAULT, DEFAULT, 'bc6c992f-6177-5b38-a99d-4c1f8bf2d0e3', '44315cac-0a3d-513e-ae25-923183abdce2', '2025-08-30T20:42:49.328Z', '2025-08-30T22:12:49.328Z', 'Vil gjerne prøve noe nytt', 'pending', NULL, 'pi_test_generated_8', 90, 892, 'Omnino sit vocet ipse natur quidem invenis.', '2020-11-07T22:18:58.000Z', 0, NULL), ('a809dcd7-58b5-5e49-b6de-c05da3b71dab', DEFAULT, DEFAULT, '461f046b-b8af-5c8e-95dd-0f9194531ecb', '71c8f57c-aae5-5ac8-8fc0-a1ff399b17b8', '2025-08-05T20:42:49.328Z', '2025-08-05T22:12:49.328Z', 'Vil gjerne prøve noe nytt', 'cancelled', NULL, 'pi_test_generated_9', 90, 846, 'Endret planer', '2025-08-04T20:42:49.328Z', 0, NULL), ('18b9845f-a0b5-5cc0-826a-03b39be45e5a', DEFAULT, DEFAULT, '12b3f6e4-8e09-5767-b1ce-9d45589acea2', '5ac46069-d153-5b50-a0be-8a017d379243', '2025-07-13T20:42:49.328Z', '2025-07-13T22:42:49.328Z', 'Gleder meg til timen!', 'confirmed', NULL, 'pi_test_generated_10', 120, 1193, 'Sunt expetuam invendiscip quia voluptates per sunt si.', '2020-05-01T04:16:01.000Z', 0, NULL), ('12388924-818e-57b5-8cbf-008d26ba5731', DEFAULT, DEFAULT, '5ca75a8e-3605-5166-aa74-4e2e2fc0beef', '5fef9e7c-116a-5504-a6ae-d16f4442d448', '2025-09-06T20:42:49.328Z', '2025-09-06T22:42:49.328Z', 'Første gang hos dere, er spent!', 'confirmed', NULL, 'pi_test_generated_11', 120, 1243, 'Illa igimad evole es est.', '2020-09-05T08:35:35.000Z', 0, NULL), ('5d142947-2c8b-5f01-a3e6-a597b5983d50', DEFAULT, DEFAULT, 'bc6c992f-6177-5b38-a99d-4c1f8bf2d0e3', '5ac46069-d153-5b50-a0be-8a017d379243', '2025-08-06T20:42:49.328Z', '2025-08-06T21:42:49.328Z', 'Første gang hos dere, er spent!', 'pending', NULL, 'pi_test_generated_12', 60, 1181, 'Dubitiae nis iudicur cum dissidua magna, quidem eo scribim rerum non inter.', '2020-06-26T17:21:09.000Z', 0, NULL), ('180afba5-b19e-58a3-84f9-afa14961b0f0', DEFAULT, DEFAULT, '12b3f6e4-8e09-5767-b1ce-9d45589acea2', '5f2c632c-1003-5d3e-94f5-6085899aa359', '2025-07-21T20:42:49.328Z', '2025-07-21T22:42:49.328Z', 'Kan vi gjøre dette litt raskere denne gangen?', 'completed', NULL, 'pi_test_generated_13', 120, 1890, 'Nis philosophi inum fit reperalien aegritum nam eo.', '2020-01-25T00:47:57.000Z', 0, NULL), ('c359410f-7413-58ed-b664-cf59e8151ea2', DEFAULT, DEFAULT, '461f046b-b8af-5c8e-95dd-0f9194531ecb', 'e4153ca5-d012-5995-bad4-086731587974', '2025-08-31T20:42:49.328Z', '2025-08-31T22:12:49.328Z', 'Håper dere kan hjelpe meg med en fin look', 'pending', NULL, 'pi_test_generated_14', 90, 1185, 'Ipsi maximum putat cum atque quibus, ut neque controvere atque imi vitamur.', '2020-03-03T15:03:06.000Z', 0, NULL), ('598e93f1-c14d-56ef-85a3-0437066d6dfb', DEFAULT, DEFAULT, '461f046b-b8af-5c8e-95dd-0f9194531ecb', '815c84a1-9088-5e6f-b1ab-0853285c0e5d', '2025-08-13T20:42:49.328Z', '2025-08-13T22:12:49.328Z', 'Vil gjerne prøve noe nytt', 'confirmed', NULL, 'pi_test_generated_15', 90, 1156, 'Primum quid legim voluptas vellem adquiescertam eo nihilia.', '2020-05-21T16:20:11.000Z', 0, NULL), ('02535940-f27a-5e0d-b17b-5cb03729c85b', DEFAULT, DEFAULT, '5ca75a8e-3605-5166-aa74-4e2e2fc0beef', '5fef9e7c-116a-5504-a6ae-d16f4442d448', '2025-08-25T20:42:49.328Z', '2025-08-25T21:42:49.328Z', 'Samme som sist, det var perfekt', 'completed', NULL, 'pi_test_generated_16', 60, 1814, 'Ine etura statuam consum tem eadem voluptate.', '2020-12-24T11:26:05.000Z', 0, NULL), ('f60535d6-1ccc-5d73-bcaa-18569587486d', DEFAULT, DEFAULT, '5ca75a8e-3605-5166-aa74-4e2e2fc0beef', '71c8f57c-aae5-5ac8-8fc0-a1ff399b17b8', '2025-08-24T20:42:49.328Z', '2025-08-24T22:42:49.328Z', 'Trenger en quick fix før fest', 'completed', NULL, 'pi_test_generated_17', 120, 1162, 'Vero facergo arte abhorrent aliqua, intellegis aeque quaedamotio quibus ere.', '2020-10-18T09:49:22.000Z', 0, NULL), ('05831bf0-1881-5c08-acd9-6cff74d1c135', DEFAULT, DEFAULT, '461f046b-b8af-5c8e-95dd-0f9194531ecb', '5fef9e7c-116a-5504-a6ae-d16f4442d448', '2025-08-25T20:42:49.328Z', '2025-08-25T22:12:49.328Z', 'Håper dere kan hjelpe meg med en fin look', 'pending', NULL, 'pi_test_generated_18', 90, 1937, 'Quibus ut ullius quis non facet est supere.', '2020-11-11T10:10:52.000Z', 0, NULL), ('02653efd-cd00-57cc-a7ea-e3e91097b494', DEFAULT, DEFAULT, 'bc6c992f-6177-5b38-a99d-4c1f8bf2d0e3', 'b36ab93a-34cf-5d2f-8309-1f65466da6f0', '2025-06-29T20:42:49.328Z', '2025-06-29T22:12:49.328Z', 'Trenger en quick fix før fest', 'completed', NULL, 'pi_test_generated_19', 90, 1590, 'Quos venias es omni docet ipsi, modo dixitatque et voluptas quem at.', '2020-01-21T00:29:14.000Z', 0, NULL), ('a16b6848-d93e-52fd-8dee-885a237958e5', DEFAULT, DEFAULT, 'bc6c992f-6177-5b38-a99d-4c1f8bf2d0e3', '5f2c632c-1003-5d3e-94f5-6085899aa359', '2025-07-04T20:42:49.328Z', '2025-07-04T22:42:49.328Z', 'Vil gjerne prøve noe nytt', 'completed', NULL, 'pi_test_generated_20', 120, 1842, 'Opem vivenimus excruciantur diogent suum ine litter consueverga, sunt crudeloquen exis qua reliquid num voluptatib diligitur.', '2020-03-03T15:01:42.000Z', 0, NULL), ('b549475f-23ea-51db-a00b-61d128d30f71', DEFAULT, DEFAULT, '5ca75a8e-3605-5166-aa74-4e2e2fc0beef', '8bb5337a-4ae8-5fe9-834c-d09e97c220b7', '2025-08-25T20:42:49.328Z', '2025-08-25T21:42:49.328Z', 'Vil gjerne prøve noe nytt', 'pending', NULL, 'pi_test_generated_21', 60, 1996, 'Medeam haec eam quod ocritum carit mirare quae, il qui versa gratiam viti quidem es.', '2020-10-26T22:12:35.000Z', 0, NULL), ('6285f3b3-a529-5ce9-bafe-2a84cd98e61a', DEFAULT, DEFAULT, '461f046b-b8af-5c8e-95dd-0f9194531ecb', '815c84a1-9088-5e6f-b1ab-0853285c0e5d', '2025-08-27T20:42:49.328Z', '2025-08-27T22:42:49.328Z', 'Vanlig trim og styling, takk', 'confirmed', NULL, 'pi_test_generated_22', 120, 2123, 'Fugiat quem ore libiditaq in summum, posset explicaren magis essariae exhorreant incidanim de.', '2020-07-23T19:02:18.000Z', 0, NULL), ('ce02ccc1-e039-5bde-80d1-40721f1e3eb3', DEFAULT, DEFAULT, '12b3f6e4-8e09-5767-b1ce-9d45589acea2', '71c8f57c-aae5-5ac8-8fc0-a1ff399b17b8', '2025-07-11T20:42:49.328Z', '2025-07-11T22:42:49.328Z', 'Håper dere kan hjelpe meg med en fin look', 'pending', NULL, 'pi_test_generated_23', 120, 1048, 'Privendi tantum omni res se, eum nullo ignavigit fuga manus tantalibus.', '2020-09-05T08:50:15.000Z', 0, NULL), ('b50a92d7-de0a-59a4-a473-2cb0cfc17371', DEFAULT, DEFAULT, 'bc6c992f-6177-5b38-a99d-4c1f8bf2d0e3', '5ac46069-d153-5b50-a0be-8a017d379243', '2025-09-11T20:42:49.328Z', '2025-09-11T21:42:49.328Z', 'Vanlig trim og styling, takk', 'completed', NULL, 'pi_test_generated_24', 60, 807, 'Successerit atio ore terem possunt ea.', '2020-05-25T04:32:15.000Z', 0, NULL), ('5bf8ffd5-5ad2-5596-a46d-d086bc198ac0', DEFAULT, DEFAULT, 'bc6c992f-6177-5b38-a99d-4c1f8bf2d0e3', '815c84a1-9088-5e6f-b1ab-0853285c0e5d', '2025-08-08T20:42:49.328Z', '2025-08-08T21:42:49.328Z', 'Samme som sist, det var perfekt', 'pending', NULL, 'pi_test_generated_25', 60, 1189, 'Vidia sit defen distinere de brevisque albam.', '2020-04-12T15:12:17.000Z', 0, NULL), ('2eb5ac24-09cf-525e-aa97-0d5064f0bc3c', DEFAULT, DEFAULT, 'bc6c992f-6177-5b38-a99d-4c1f8bf2d0e3', '5ac46069-d153-5b50-a0be-8a017d379243', '2025-09-18T20:42:49.328Z', '2025-09-18T21:42:49.328Z', 'Kan vi gjøre dette litt raskere denne gangen?', 'completed', NULL, 'pi_test_generated_26', 60, 2081, 'Brevitis carum minimi locum quae corrumpiter autem aptius, esse leniatur ad tant si.', '2020-08-16T08:02:08.000Z', 0, NULL);
UPDATE public.bookings SET discount_id = '4baed22a-1c43-5e30-9f18-1ca31b7d709c' WHERE id = 'c0e1033f-5c17-52d3-8ec8-639717723180';
UPDATE public.bookings SET address_id = '2d6f9bc6-83fd-5644-a61e-15eaa11b8495' WHERE id = '19f4b02d-74c2-570e-b2ad-1c256ba2d948';
UPDATE public.bookings SET discount_id = 'ac808bcf-8db9-5c85-92a7-d9843d3fdbf4' WHERE id = '7c0f36cb-52ba-5b93-bdbd-14954cc91be0';
UPDATE public.bookings SET address_id = '2d6f9bc6-83fd-5644-a61e-15eaa11b8495' WHERE id = '18b9845f-a0b5-5cc0-826a-03b39be45e5a';
UPDATE public.bookings SET address_id = '2d6f9bc6-83fd-5644-a61e-15eaa11b8495' WHERE id = '12388924-818e-57b5-8cbf-008d26ba5731';
UPDATE public.bookings SET address_id = '2d6f9bc6-83fd-5644-a61e-15eaa11b8495' WHERE id = '02535940-f27a-5e0d-b17b-5cb03729c85b';
UPDATE public.bookings SET address_id = '2d6f9bc6-83fd-5644-a61e-15eaa11b8495' WHERE id = 'a16b6848-d93e-52fd-8dee-885a237958e5';
-- Linking services to bookings...
INSERT INTO public.booking_services (booking_id,service_id) VALUES ('c0e1033f-5c17-52d3-8ec8-639717723180', '7c724ddb-a436-508b-954f-ea531f015c8e'), ('19f4b02d-74c2-570e-b2ad-1c256ba2d948', '6988ab5f-f1cf-533e-9e10-6250fa03d64e'), ('167546cc-eb80-5257-826e-c308d9230d34', 'e7cf44d6-9f4a-5776-853b-a7a4072a5d45'), ('c78af2d8-74ad-55ca-b6ee-c3e04971e3b1', '76182b33-2b88-55da-9317-c322cfc4cdb2'), ('7c0f36cb-52ba-5b93-bdbd-14954cc91be0', 'b50cd102-29cf-5eae-88fc-400d1de89af3'), ('7c0f36cb-52ba-5b93-bdbd-14954cc91be0', 'dc966564-92f1-506b-ba19-7d7bb1f740ab'), ('6c98d217-a6dd-53cd-8ab5-c00f53f01401', 'e45210c4-5037-5acd-828e-6a2c7da9a3db'), ('6c98d217-a6dd-53cd-8ab5-c00f53f01401', '624647d9-add1-5d7f-8000-30a3a9f0fb30'), ('742dfc0a-06b9-50f4-b9ad-fd3f05e329b6', '87cfc1e8-8252-5821-8c8f-8b6a31cb5156'), ('bf43b54c-a4bc-5d33-aa98-7eec9416e9b6', '7c724ddb-a436-508b-954f-ea531f015c8e'), ('bf43b54c-a4bc-5d33-aa98-7eec9416e9b6', '2a882c6e-7824-5518-b251-1cc3d7bf2bcd'), ('a809dcd7-58b5-5e49-b6de-c05da3b71dab', '2a66a173-5e57-53c4-a2e0-3d491704e63c'), ('18b9845f-a0b5-5cc0-826a-03b39be45e5a', 'b50cd102-29cf-5eae-88fc-400d1de89af3'), ('18b9845f-a0b5-5cc0-826a-03b39be45e5a', '0416504c-bc7d-5f0c-ac2f-94736d68799c'), ('12388924-818e-57b5-8cbf-008d26ba5731', 'e00070ec-a32f-50ad-9dca-90b08b918d33'), ('5d142947-2c8b-5f01-a3e6-a597b5983d50', 'b50cd102-29cf-5eae-88fc-400d1de89af3'), ('180afba5-b19e-58a3-84f9-afa14961b0f0', 'c970b6e4-e959-5586-9093-3c50e0f7ab60'), ('c359410f-7413-58ed-b664-cf59e8151ea2', 'dc966564-92f1-506b-ba19-7d7bb1f740ab'), ('c359410f-7413-58ed-b664-cf59e8151ea2', 'a1a04c06-3a8f-58fb-a6ac-fd4aa9f23a92'), ('598e93f1-c14d-56ef-85a3-0437066d6dfb', 'ecbea8f6-b213-57b5-811c-b7261694ffa4'), ('02535940-f27a-5e0d-b17b-5cb03729c85b', 'd7664d95-3caa-5e9b-ac21-e5f97a492422'), ('f60535d6-1ccc-5d73-bcaa-18569587486d', 'd7664d95-3caa-5e9b-ac21-e5f97a492422'), ('05831bf0-1881-5c08-acd9-6cff74d1c135', 'ee28eb0b-265a-5f31-962b-baeb03171f3b'), ('02653efd-cd00-57cc-a7ea-e3e91097b494', 'cce76ede-998c-52d2-903b-cbf19c7747a8'), ('02653efd-cd00-57cc-a7ea-e3e91097b494', 'b0111ba7-5a98-5907-ba27-3f45196d3977'), ('a16b6848-d93e-52fd-8dee-885a237958e5', '87cfc1e8-8252-5821-8c8f-8b6a31cb5156'), ('b549475f-23ea-51db-a00b-61d128d30f71', '624647d9-add1-5d7f-8000-30a3a9f0fb30'), ('6285f3b3-a529-5ce9-bafe-2a84cd98e61a', 'bfada96a-f22b-520d-a8a5-2a69720d77cb'), ('ce02ccc1-e039-5bde-80d1-40721f1e3eb3', '0416504c-bc7d-5f0c-ac2f-94736d68799c'), ('b50a92d7-de0a-59a4-a473-2cb0cfc17371', 'bdd1b363-ac2b-5678-88e3-3a63f4b658f4'), ('5bf8ffd5-5ad2-5596-a46d-d086bc198ac0', '17174d2b-fa53-516c-9c8f-328d1c1d0a8c'), ('2eb5ac24-09cf-525e-aa97-0d5064f0bc3c', '14988abd-97c9-5f3a-be9a-59d5637d4463');
-- Creating chats for some bookings...
INSERT INTO public.chats (id,created_at,updated_at,booking_id) VALUES ('639b8a78-3db3-577f-ac95-c7f0480b85bc', DEFAULT, DEFAULT, 'c0e1033f-5c17-52d3-8ec8-639717723180'), ('544c32c9-5980-5a71-93f3-055040936dc3', DEFAULT, DEFAULT, '19f4b02d-74c2-570e-b2ad-1c256ba2d948'), ('de362e88-fda9-5494-8d8e-146245bb4f68', DEFAULT, DEFAULT, '7c0f36cb-52ba-5b93-bdbd-14954cc91be0');
-- Adding chat messages...
INSERT INTO public.chat_messages (id,created_at,chat_id,sender_id,content,is_read) VALUES ('c678ec7c-f99c-51fe-942f-0c4d319ee345', '2019-08-26T20:42:49.331Z', '639b8a78-3db3-577f-ac95-c7f0480b85bc', 'bc6c992f-6177-5b38-a99d-4c1f8bf2d0e3', 'Dette er en veldig gammel melding som skal slettes av cron job.', 't'), ('4eb4a0d5-c54b-5992-8940-f56c1a772bc2', '2019-08-27T20:42:49.331Z', '639b8a78-3db3-577f-ac95-c7f0480b85bc', '5fef9e7c-116a-5504-a6ae-d16f4442d448', 'Denne meldingen er også over 5 år gammel og skal fjernes.', 't'), ('1e313884-7556-506e-9149-caa06bd7fade', '2019-09-05T20:42:49.331Z', '544c32c9-5980-5a71-93f3-055040936dc3', 'bc6c992f-6177-5b38-a99d-4c1f8bf2d0e3', 'Gammel chat fra 2018 som skal slettes automatisk.', 't');
-- Added old chat messages for cron job testing
INSERT INTO public.chat_messages (id,created_at,chat_id,sender_id,content,is_read) VALUES ('af6ed1e7-73f7-5d46-939e-0b91286281af', DEFAULT, '639b8a78-3db3-577f-ac95-c7f0480b85bc', 'bc6c992f-6177-5b38-a99d-4c1f8bf2d0e3', 'Hei Maria! Gleder meg til å få balayage neste uke. Har du noen tips til hvordan jeg skal forberede håret?', 't'), ('d05240f7-a094-553a-872c-b691703448c7', DEFAULT, '639b8a78-3db3-577f-ac95-c7f0480b85bc', '5fef9e7c-116a-5504-a6ae-d16f4442d448', 'Hei Kari! Så hyggelig at du kommer til meg. Unngå å vaske håret dagen før, så får vi best resultat 😊', 't'), ('a3c093c4-4f87-5721-b1ea-5d3e5def792a', DEFAULT, '639b8a78-3db3-577f-ac95-c7f0480b85bc', 'bc6c992f-6177-5b38-a99d-4c1f8bf2d0e3', 'Tusen takk for tipset! Sees neste uke!', 'f'), ('6d244b7e-9a0f-568e-b87a-f31a6b71070d', DEFAULT, '544c32c9-5980-5a71-93f3-055040936dc3', 'bc6c992f-6177-5b38-a99d-4c1f8bf2d0e3', 'Hei Emma! Lurer på om du kan komme til sommerhuset mitt i stedet? Sender adressen i meldingen til stylisten.', 'f'), ('1d8273d2-ae53-5ada-bbc6-97cd1271b9b7', DEFAULT, 'de362e88-fda9-5494-8d8e-146245bb4f68', '5ca75a8e-3605-5166-aa74-4e2e2fc0beef', 'Hei Emma! Dette er for bryllupet vårt. Har du gjort bryllupsstyling før?', 't'), ('a4d2eb65-320b-5af3-913d-e2a0b2e925c0', DEFAULT, 'de362e88-fda9-5494-8d8e-146245bb4f68', '5ac46069-d153-5b50-a0be-8a017d379243', 'Gratulerer med bryllupet! Ja, jeg har mye erfaring med bryllup. Dette blir fantastisk! 💍✨', 't');
-- Creating payment records...
INSERT INTO public.payments (id,created_at,updated_at,booking_id,payment_intent_id,total_amount,platform_fee,stylist_payout_amount,currency,stylist_transfer_id,status,succeeded_at,payout_initiated_at,payout_completed_at) VALUES ('d8c64b29-97d8-5131-98cb-b90c83254414', DEFAULT, DEFAULT, '167546cc-eb80-5257-826e-c308d9230d34', 'pi_test_completed_003', 250000, 50000, 200000, 'NOK', 'Provocendi me cum praetere non aliquarum nos inemus.', 'succeeded', '2025-07-26T20:42:49.332Z', '2020-02-14T01:12:39.000Z', '2025-07-27T20:42:49.332Z'), ('cf06fdcb-9ba1-5712-a11b-4d80e17202ae', DEFAULT, DEFAULT, '6c98d217-a6dd-53cd-8ab5-c00f53f01401', 'pi_test_multiple_services_006', 140000, 28000, 112000, 'NOK', 'Ad ata et operque sit primum.', 'succeeded', '2025-07-11T20:42:49.332Z', '2020-09-05T08:53:17.000Z', '2025-07-12T20:42:49.332Z');
-- Creating reviews and ratings...
INSERT INTO public.bookings (id,created_at,updated_at,customer_id,stylist_id,start_time,end_time,message_to_stylist,status,address_id,stripe_payment_intent_id,total_duration_minutes,total_price,cancellation_reason,cancelled_at,discount_applied,discount_id) VALUES ('612e443e-988b-5495-8f76-fd7bc6465b9c', DEFAULT, DEFAULT, '5ac46069-d153-5b50-a0be-8a017d379243', '5fef9e7c-116a-5504-a6ae-d16f4442d448', '2025-08-09T20:42:49.332Z', '2025-08-09T21:42:49.332Z', 'Trenger en oppfriskning av håret mitt!', 'completed', NULL, 'pi_test_stylist_customer_001', 60, 800, 'Romanturbat in sic quicquamvis amicur comparanes si.', '2020-06-06T06:00:40.000Z', DEFAULT, NULL), ('46a480a2-27c9-5af3-8dd9-97b2db92d43f', DEFAULT, DEFAULT, '5f2c632c-1003-5d3e-94f5-6085899aa359', '5ac46069-d153-5b50-a0be-8a017d379243', '2025-08-02T20:42:49.332Z', '2025-08-02T22:12:49.332Z', 'Vil gjerne prøve den nye gel-metoden din!', 'completed', NULL, 'pi_test_stylist_customer_002', 90, 650, 'Tum vertatemus obruamus es commensae summum ingenus.', '2020-10-14T21:09:55.000Z', DEFAULT, NULL), ('44816af4-673d-5df1-b7d7-d7d0c6b12e02', DEFAULT, DEFAULT, '5f2c632c-1003-5d3e-94f5-6085899aa359', '5fef9e7c-116a-5504-a6ae-d16f4442d448', '2025-08-16T20:42:49.332Z', '2025-08-16T22:42:49.332Z', 'Trenger makeup til fest på lørdag!', 'completed', NULL, 'pi_test_stylist_customer_003', 120, 1200, 'Ne sed solum sero acest bene.', '2020-04-16T03:56:51.000Z', DEFAULT, NULL), ('a2b06727-6b2a-5933-8aee-8ddf8f294101', DEFAULT, DEFAULT, '5ac46069-d153-5b50-a0be-8a017d379243', '5f2c632c-1003-5d3e-94f5-6085899aa359', '2025-07-20T20:42:49.332Z', '2025-07-20T22:12:49.332Z', 'Vil prøve lash lift for første gang!', 'completed', NULL, 'pi_test_stylist_customer_004', 90, 800, 'Quidem quod poris amicita saepti cognosci hinc, nec si esse confirmare natur homincompos.', '2020-09-01T21:08:50.000Z', DEFAULT, NULL), ('3c1e3879-62f2-5f34-bce0-f5aaf27d9324', DEFAULT, DEFAULT, 'bc6c992f-6177-5b38-a99d-4c1f8bf2d0e3', '5f2c632c-1003-5d3e-94f5-6085899aa359', '2025-07-23T20:42:49.332Z', '2025-07-23T21:42:49.332Z', 'Samme som sist takk!', 'completed', NULL, 'pi_test_extra_000', 60, 1200, 'Moles nec inosopho ad causasque, nullo quos ea utillum am expetenim salut.', '2020-05-25T04:32:02.000Z', DEFAULT, NULL), ('2a02830a-2636-5e4f-84c3-6d342f3c73a3', DEFAULT, DEFAULT, '71c8f57c-aae5-5ac8-8fc0-a1ff399b17b8', 'f14ee7a7-b3f9-561d-8cf7-983293f0008f', '2025-06-16T20:42:49.332Z', '2025-06-16T22:42:49.332Z', 'Samme som sist takk!', 'completed', NULL, 'pi_test_extra_001', 120, 650, 'Ut est plurimpenden causamus legeri delecta.', '2020-11-19T22:13:20.000Z', DEFAULT, NULL), ('4a27d247-c2bf-50c1-a2ac-57f93c8063f7', DEFAULT, DEFAULT, 'b36ab93a-34cf-5d2f-8309-1f65466da6f0', '5f2c632c-1003-5d3e-94f5-6085899aa359', '2025-08-07T20:42:49.333Z', '2025-08-07T22:42:49.333Z', 'Trenger en fresh look!', 'completed', NULL, 'pi_test_extra_002', 120, 650, 'Pacuvii compararem et ipsos ani, quantum verit sabinit virtutem statua quae per.', '2020-06-06T05:09:59.000Z', DEFAULT, NULL), ('724cc590-91ed-5190-8d6f-17939b16e5ba', DEFAULT, DEFAULT, '5fef9e7c-116a-5504-a6ae-d16f4442d448', 'e4153ca5-d012-5995-bad4-086731587974', '2025-06-25T20:42:49.333Z', '2025-06-25T22:12:49.333Z', 'Trenger en fresh look!', 'completed', NULL, 'pi_test_extra_003', 90, 500, 'Nesque dolorum sunt sit exquisita, omum ut ari nihil prorsusceptur faciente.', '2020-08-20T08:09:47.000Z', DEFAULT, NULL), ('67ec4adb-6fb5-53a4-9d19-1440fe8cdca7', DEFAULT, DEFAULT, '71c8f57c-aae5-5ac8-8fc0-a1ff399b17b8', '5f2c632c-1003-5d3e-94f5-6085899aa359', '2025-08-12T20:42:49.333Z', '2025-08-12T22:42:49.333Z', 'Gleder meg!', 'completed', NULL, 'pi_test_extra_004', 120, 650, 'Si appetentes metum et quodsi legis.', '2020-03-19T14:27:29.000Z', DEFAULT, NULL), ('4f5ecdf9-3092-523f-99e9-11e8ad888546', DEFAULT, DEFAULT, '5ca75a8e-3605-5166-aa74-4e2e2fc0beef', '815c84a1-9088-5e6f-b1ab-0853285c0e5d', '2025-06-24T20:42:49.333Z', '2025-06-24T22:42:49.333Z', 'Gleder meg!', 'completed', NULL, 'pi_test_extra_005', 120, 650, 'In extremo nulla ut eum si quisque cupis.', '2020-10-18T21:58:20.000Z', DEFAULT, NULL), ('293a273d-dcae-5860-93ac-b71d70f83626', DEFAULT, DEFAULT, 'bc6c992f-6177-5b38-a99d-4c1f8bf2d0e3', 'f14ee7a7-b3f9-561d-8cf7-983293f0008f', '2025-08-10T20:42:49.333Z', '2025-08-10T22:12:49.333Z', 'Gleder meg!', 'completed', NULL, 'pi_test_extra_006', 90, 1200, 'Vivendi imum eos imus tellegat quando.', '2020-12-28T23:41:17.000Z', DEFAULT, NULL), ('497d59ff-347b-5930-8da7-1a2f341df1e8', DEFAULT, DEFAULT, 'b36ab93a-34cf-5d2f-8309-1f65466da6f0', '71c8f57c-aae5-5ac8-8fc0-a1ff399b17b8', '2025-06-29T20:42:49.333Z', '2025-06-29T22:42:49.333Z', 'Trenger en fresh look!', 'completed', NULL, 'pi_test_extra_007', 120, 1500, 'Arbitrerum quippe et nec ulla placatomnes quae.', '2020-01-09T12:36:23.000Z', DEFAULT, NULL), ('c90fa8eb-cc23-5101-a427-696268215e26', DEFAULT, DEFAULT, '5f2c632c-1003-5d3e-94f5-6085899aa359', '8bb5337a-4ae8-5fe9-834c-d09e97c220b7', '2025-08-03T20:42:49.333Z', '2025-08-03T22:42:49.333Z', 'Gleder meg!', 'completed', NULL, 'pi_test_extra_008', 120, 650, 'Agam vitae es iis doloritor, honest quae dissentior ne brute.', '2020-08-12T19:39:14.000Z', DEFAULT, NULL), ('d9169c4b-322d-5312-a544-479e3f8b3e48', DEFAULT, DEFAULT, 'b36ab93a-34cf-5d2f-8309-1f65466da6f0', '44315cac-0a3d-513e-ae25-923183abdce2', '2025-06-29T20:42:49.333Z', '2025-06-29T23:12:49.333Z', 'Noe nytt og spennende!', 'completed', NULL, 'pi_test_extra_009', 150, 500, 'Et quod probare epicra nobisdemoc.', '2020-05-01T04:51:19.000Z', DEFAULT, NULL), ('e65e9495-0783-5e03-bf06-d753276745aa', DEFAULT, DEFAULT, '8bb5337a-4ae8-5fe9-834c-d09e97c220b7', '44315cac-0a3d-513e-ae25-923183abdce2', '2025-07-02T20:42:49.333Z', '2025-07-02T23:12:49.333Z', 'Første gang hos deg!', 'completed', NULL, 'pi_test_extra_010', 150, 500, 'Tractate afferiora et corporis sed modum.', '2020-12-20T23:43:29.000Z', DEFAULT, NULL), ('88674cf3-deba-50f1-8ce8-9b2d65a7e4bf', DEFAULT, DEFAULT, '5ac46069-d153-5b50-a0be-8a017d379243', '8bb5337a-4ae8-5fe9-834c-d09e97c220b7', '2025-07-21T20:42:49.333Z', '2025-07-21T22:12:49.333Z', 'Trenger en fresh look!', 'completed', NULL, 'pi_test_extra_011', 90, 800, 'Autemus quae hones sed ut physicis, mutae conquis autem scientiam est et habeat cum.', '2020-03-03T14:11:50.000Z', DEFAULT, NULL), ('673c29dd-6c68-5ff5-b7d8-d406164b6d89', DEFAULT, DEFAULT, 'e4153ca5-d012-5995-bad4-086731587974', '5fef9e7c-116a-5504-a6ae-d16f4442d448', '2025-06-27T20:42:49.333Z', '2025-06-27T21:42:49.333Z', 'Noe nytt og spennende!', 'completed', NULL, 'pi_test_extra_012', 60, 800, 'Autemus aret iam et osam et commemin, non liberendus inerit aliquam noctes isque quem aptius.', '2020-11-23T10:15:58.000Z', DEFAULT, NULL), ('f7919f4f-0c99-597c-983c-1eb5590de3f1', DEFAULT, DEFAULT, '5ac46069-d153-5b50-a0be-8a017d379243', 'f14ee7a7-b3f9-561d-8cf7-983293f0008f', '2025-07-23T20:42:49.333Z', '2025-07-23T22:42:49.333Z', 'Gleder meg!', 'completed', NULL, 'pi_test_extra_013', 120, 500, 'Si non detractio vult afficit probo salutrum qui.', '2020-07-27T06:22:17.000Z', DEFAULT, NULL), ('ee585ce6-086c-5ef1-bf19-e379dda27f2a', DEFAULT, DEFAULT, '815c84a1-9088-5e6f-b1ab-0853285c0e5d', 'e4153ca5-d012-5995-bad4-086731587974', '2025-06-30T20:42:49.333Z', '2025-06-30T22:42:49.333Z', 'Noe nytt og spennende!', 'completed', NULL, 'pi_test_extra_014', 120, 800, 'Sequuntur et iisque corporro sine videravis inducuntiar.', '2020-02-18T13:17:01.000Z', DEFAULT, NULL), ('66ba785f-af4a-57b2-9350-bda587133953', DEFAULT, DEFAULT, '5f2c632c-1003-5d3e-94f5-6085899aa359', '71c8f57c-aae5-5ac8-8fc0-a1ff399b17b8', '2025-07-31T20:42:49.333Z', '2025-07-31T22:42:49.333Z', 'Samme som sist takk!', 'completed', NULL, 'pi_test_extra_015', 120, 1500, 'Turbamurrer desertis magnamentur ut possunt is non inquam, ipsos reperierun disceri et ponti sentendit idiscunt.', '2020-06-10T05:32:11.000Z', DEFAULT, NULL), ('a3e312c3-be01-5537-86e3-3c5301b732f0', DEFAULT, DEFAULT, '12b3f6e4-8e09-5767-b1ce-9d45589acea2', '71c8f57c-aae5-5ac8-8fc0-a1ff399b17b8', '2025-07-21T20:42:49.333Z', '2025-07-21T22:12:49.333Z', 'Trenger en fresh look!', 'completed', NULL, 'pi_test_extra_016', 90, 1500, 'De ego si fieri vivendum.', '2020-04-04T15:43:08.000Z', DEFAULT, NULL), ('8bf02f04-857f-565d-9557-5ccfda142025', DEFAULT, DEFAULT, '5fef9e7c-116a-5504-a6ae-d16f4442d448', 'b36ab93a-34cf-5d2f-8309-1f65466da6f0', '2025-08-02T20:42:49.333Z', '2025-08-02T23:12:49.333Z', 'Noe nytt og spennende!', 'completed', NULL, 'pi_test_extra_017', 150, 500, 'Et quem laudarem esse indus.', '2020-06-22T17:26:20.000Z', DEFAULT, NULL), ('e3463b91-5c9f-5432-9fbf-dc80dbe048aa', DEFAULT, DEFAULT, '44315cac-0a3d-513e-ae25-923183abdce2', '5ac46069-d153-5b50-a0be-8a017d379243', '2025-08-02T20:42:49.333Z', '2025-08-02T22:42:49.333Z', 'Første gang hos deg!', 'completed', NULL, 'pi_test_extra_018', 120, 500, 'Pleris sane quo neces repellate sint omnium vitamicus, esse triario semper non viveratio disputat ratu gendos.', '2020-11-11T22:25:19.000Z', DEFAULT, NULL), ('7f874d11-6f73-5877-86a8-45c8fe59ecb6', DEFAULT, DEFAULT, '44315cac-0a3d-513e-ae25-923183abdce2', '815c84a1-9088-5e6f-b1ab-0853285c0e5d', '2025-07-01T20:42:49.333Z', '2025-07-01T22:42:49.333Z', 'Noe nytt og spennende!', 'completed', NULL, 'pi_test_extra_019', 120, 650, 'Ea propterpretar extremo nimus dolorum honest homerum.', '2020-03-23T02:48:45.000Z', DEFAULT, NULL), ('6fa31ea5-30a3-52a2-811f-87a71ff6c31b', DEFAULT, DEFAULT, 'e4153ca5-d012-5995-bad4-086731587974', '815c84a1-9088-5e6f-b1ab-0853285c0e5d', '2025-07-22T20:42:49.333Z', '2025-07-22T23:12:49.333Z', 'Trenger en fresh look!', 'completed', NULL, 'pi_test_extra_020', 150, 800, 'Et causa anim fugiendum autem nihilem sit secut, quoniam haec toremus fieri postulis hoc us.', '2020-05-13T16:21:41.000Z', DEFAULT, NULL), ('0470f2fd-e9b5-5d67-b158-b91e280e93d5', DEFAULT, DEFAULT, '12b3f6e4-8e09-5767-b1ce-9d45589acea2', '5fef9e7c-116a-5504-a6ae-d16f4442d448', '2025-07-24T20:42:49.333Z', '2025-07-24T22:42:49.333Z', 'Noe nytt og spennende!', 'completed', NULL, 'pi_test_extra_021', 120, 1200, 'Maiorem debitation ille cum repet quippe.', '2020-05-21T04:21:14.000Z', DEFAULT, NULL), ('6c97b313-549f-51f9-88e4-db1b0c551afe', DEFAULT, DEFAULT, 'bc6c992f-6177-5b38-a99d-4c1f8bf2d0e3', '5ac46069-d153-5b50-a0be-8a017d379243', '2025-07-17T20:42:49.333Z', '2025-07-17T22:42:49.333Z', 'Første gang hos deg!', 'completed', NULL, 'pi_test_extra_023', 120, 800, 'Diu referarum ex neque infantes en epicia, actet dividis quem constituendar quia.', '2020-08-12T07:23:17.000Z', DEFAULT, NULL), ('33fbd5ed-83de-5e7e-b10e-a9180d1a01a6', DEFAULT, DEFAULT, '5ca75a8e-3605-5166-aa74-4e2e2fc0beef', '5fef9e7c-116a-5504-a6ae-d16f4442d448', '2025-07-10T20:42:49.333Z', '2025-07-10T21:42:49.333Z', 'Samme som sist takk!', 'completed', NULL, 'pi_test_extra_024', 60, 800, 'Inam utilla quas cordans quidemque quorum quae, et primum nos nihil ibus sit chremessarius.', '2020-07-27T06:55:29.000Z', DEFAULT, NULL);
INSERT INTO public.reviews (id,created_at,booking_id,customer_id,stylist_id,rating,comment) VALUES ('1b3a4894-b0fd-5bc9-9073-1e189f8f3f51', DEFAULT, '167546cc-eb80-5257-826e-c308d9230d34', 'bc6c992f-6177-5b38-a99d-4c1f8bf2d0e3', '5f2c632c-1003-5d3e-94f5-6085899aa359', 5, 'Absolutt fantastisk! Emma er så dyktig og profesjonell. Resultatet overgikk mine forventninger. Kommer definitivt tilbake!'), ('11b8c1de-a501-5f44-804b-06d831683517', DEFAULT, '6c98d217-a6dd-53cd-8ab5-c00f53f01401', '5ca75a8e-3605-5166-aa74-4e2e2fc0beef', '5f2c632c-1003-5d3e-94f5-6085899aa359', 5, 'Utrolig bra jobb! Sofia har virkelig peiling på det hun driver med. Anbefaler henne til alle!'), ('f9f72bc9-394e-5d52-8879-e0c2b394f2a3', DEFAULT, '742dfc0a-06b9-50f4-b9ad-fd3f05e329b6', '12b3f6e4-8e09-5767-b1ce-9d45589acea2', 'e4153ca5-d012-5995-bad4-086731587974', 5, 'Kunne ikke vært mer fornøyd! Maria lyttet til ønskene mine og leverte akkurat det jeg ønsket meg.'), ('7379d022-aa2a-510e-bb61-a9168729a731', DEFAULT, '180afba5-b19e-58a3-84f9-afa14961b0f0', '12b3f6e4-8e09-5767-b1ce-9d45589acea2', '5f2c632c-1003-5d3e-94f5-6085899aa359', 4, 'Bra opplevelse hos Sophia. Hun er profesjonell og resultatet ble som forventet. Kommer igjen!'), ('3e719494-33aa-507b-808e-897e0e2dae22', DEFAULT, '02535940-f27a-5e0d-b17b-5cb03729c85b', '5ca75a8e-3605-5166-aa74-4e2e2fc0beef', '5fef9e7c-116a-5504-a6ae-d16f4442d448', 5, 'Absolutt fantastisk! Emma er så dyktig og profesjonell. Resultatet overgikk mine forventninger. Kommer definitivt tilbake!'), ('807aa1e1-7cbb-506f-a6c7-0750007a4e56', DEFAULT, 'f60535d6-1ccc-5d73-bcaa-18569587486d', '5ca75a8e-3605-5166-aa74-4e2e2fc0beef', '71c8f57c-aae5-5ac8-8fc0-a1ff399b17b8', 5, 'Utrolig bra jobb! Sofia har virkelig peiling på det hun driver med. Anbefaler henne til alle!'), ('9cbd790e-046f-590c-9877-a73a8a6b5151', DEFAULT, '02653efd-cd00-57cc-a7ea-e3e91097b494', 'bc6c992f-6177-5b38-a99d-4c1f8bf2d0e3', 'b36ab93a-34cf-5d2f-8309-1f65466da6f0', 5, 'Kunne ikke vært mer fornøyd! Maria lyttet til ønskene mine og leverte akkurat det jeg ønsket meg.'), ('e6775ca7-ca37-529c-93bc-4fa5982ad84e', DEFAULT, 'a16b6848-d93e-52fd-8dee-885a237958e5', 'bc6c992f-6177-5b38-a99d-4c1f8bf2d0e3', '5f2c632c-1003-5d3e-94f5-6085899aa359', 4, 'Bra opplevelse hos Sophia. Hun er profesjonell og resultatet ble som forventet. Kommer igjen!'), ('da51e0e0-5c0f-5367-a48b-14bbc692f675', DEFAULT, 'b50a92d7-de0a-59a4-a473-2cb0cfc17371', 'bc6c992f-6177-5b38-a99d-4c1f8bf2d0e3', '5ac46069-d153-5b50-a0be-8a017d379243', 5, 'Absolutt fantastisk! Emma er så dyktig og profesjonell. Resultatet overgikk mine forventninger. Kommer definitivt tilbake!'), ('6040c8e6-57a8-5e41-9e35-fc9c049f077b', DEFAULT, '2eb5ac24-09cf-525e-aa97-0d5064f0bc3c', 'bc6c992f-6177-5b38-a99d-4c1f8bf2d0e3', '5ac46069-d153-5b50-a0be-8a017d379243', 5, 'Utrolig bra jobb! Sofia har virkelig peiling på det hun driver med. Anbefaler henne til alle!'), ('88d6ff0b-e872-5183-8b3e-3299df92467e', DEFAULT, '612e443e-988b-5495-8f76-fd7bc6465b9c', '5ac46069-d153-5b50-a0be-8a017d379243', '5fef9e7c-116a-5504-a6ae-d16f4442d448', 5, 'Så bra å finne en kollega som leverer så høy kvalitet! Kommer definitivt tilbake.'), ('384fad82-6ca6-5837-bb83-72d3b4920deb', DEFAULT, '46a480a2-27c9-5af3-8dd9-97b2db92d43f', '5f2c632c-1003-5d3e-94f5-6085899aa359', '5ac46069-d153-5b50-a0be-8a017d379243', 4, 'Flott opplevelse! God å finne noen som tar seg tid til å gjøre jobben skikkelig.'), ('2582524a-86a9-5c45-81d3-2d2a55068447', DEFAULT, '44816af4-673d-5df1-b7d7-d7d0c6b12e02', '5f2c632c-1003-5d3e-94f5-6085899aa359', '5fef9e7c-116a-5504-a6ae-d16f4442d448', 5, 'Kjempefornøyd! Hun er virkelig flink til det hun driver med.'), ('b72cf013-a8fb-5e48-b95a-92dad37c9e88', DEFAULT, 'a2b06727-6b2a-5933-8aee-8ddf8f294101', '5ac46069-d153-5b50-a0be-8a017d379243', '5f2c632c-1003-5d3e-94f5-6085899aa359', 3, 'Utrolig dyktig! Som stylist vet jeg hva som kreves, og dette var toppklasse.'), ('fd39907a-9aca-53dd-926b-056df80e00e0', DEFAULT, '3c1e3879-62f2-5f34-bce0-f5aaf27d9324', 'bc6c992f-6177-5b38-a99d-4c1f8bf2d0e3', '5f2c632c-1003-5d3e-94f5-6085899aa359', 4, 'Så bra service! Kommer til å anbefale henne til venner og familie.'), ('d7cc3175-3f9d-5d8c-ac74-24906df7fa0c', DEFAULT, '2a02830a-2636-5e4f-84c3-6d342f3c73a3', '71c8f57c-aae5-5ac8-8fc0-a1ff399b17b8', 'f14ee7a7-b3f9-561d-8cf7-983293f0008f', 3, 'Fantastisk jobb! Jeg jobber selv i bransjen og kan virkelig sette pris på kvaliteten her.'), ('1118db83-83a4-5a43-be97-941413e47e17', DEFAULT, '4a27d247-c2bf-50c1-a2ac-57f93c8063f7', 'b36ab93a-34cf-5d2f-8309-1f65466da6f0', '5f2c632c-1003-5d3e-94f5-6085899aa359', 5, 'Som stylist selv kan jeg si at dette var virkelig profesjonelt utført! Imponert over teknikken og resultatet.'), ('a890146a-738a-52a7-a041-55cc9fd7a3d4', DEFAULT, '724cc590-91ed-5190-8d6f-17939b16e5ba', '5fef9e7c-116a-5504-a6ae-d16f4442d448', 'e4153ca5-d012-5995-bad4-086731587974', 4, 'Flott opplevelse! God å finne noen som tar seg tid til å gjøre jobben skikkelig.'), ('e9ee2238-b8dd-5de4-9b9a-f0af56ee131f', DEFAULT, '67ec4adb-6fb5-53a4-9d19-1440fe8cdca7', '71c8f57c-aae5-5ac8-8fc0-a1ff399b17b8', '5f2c632c-1003-5d3e-94f5-6085899aa359', 5, 'Så profesjonell og hyggelig! Resultatet ble akkurat som jeg ønsket.'), ('6e8a31b5-6635-5c35-b562-8bf0ac0521ba', DEFAULT, '4f5ecdf9-3092-523f-99e9-11e8ad888546', '5ca75a8e-3605-5166-aa74-4e2e2fc0beef', '815c84a1-9088-5e6f-b1ab-0853285c0e5d', 4, 'Utrolig dyktig! Som stylist vet jeg hva som kreves, og dette var toppklasse.'), ('22bfa6bd-b70f-557b-89ec-8f6dcec03002', DEFAULT, '293a273d-dcae-5860-93ac-b71d70f83626', 'bc6c992f-6177-5b38-a99d-4c1f8bf2d0e3', 'f14ee7a7-b3f9-561d-8cf7-983293f0008f', 5, 'Så bra å finne en kollega som leverer så høy kvalitet! Kommer definitivt tilbake.'), ('840576bb-3d34-5f40-8e15-255fab9c38b9', DEFAULT, '497d59ff-347b-5930-8da7-1a2f341df1e8', 'b36ab93a-34cf-5d2f-8309-1f65466da6f0', '71c8f57c-aae5-5ac8-8fc0-a1ff399b17b8', 5, 'Så bra service! Kommer til å anbefale henne til venner og familie.'), ('aadb568a-1655-579b-ae5d-0e776b973795', DEFAULT, 'c90fa8eb-cc23-5101-a427-696268215e26', '5f2c632c-1003-5d3e-94f5-6085899aa359', '8bb5337a-4ae8-5fe9-834c-d09e97c220b7', 4, 'Perfekt utførelse! Anbefaler henne til alle mine kunder også.'), ('4754d9d3-0a3f-5d6b-ab75-ca6d4ff209a9', DEFAULT, 'd9169c4b-322d-5312-a544-479e3f8b3e48', 'b36ab93a-34cf-5d2f-8309-1f65466da6f0', '44315cac-0a3d-513e-ae25-923183abdce2', 4, 'Så bra service! Kommer til å anbefale henne til venner og familie.'), ('2745d202-e023-5fde-b7e9-50f0295fde9b', DEFAULT, 'e65e9495-0783-5e03-bf06-d753276745aa', '8bb5337a-4ae8-5fe9-834c-d09e97c220b7', '44315cac-0a3d-513e-ae25-923183abdce2', 5, 'Fantastisk resultat! Kunne ikke vært mer fornøyd med opplevelsen.'), ('64df8cf2-0f85-510f-a791-d7803fed043e', DEFAULT, '88674cf3-deba-50f1-8ce8-9b2d65a7e4bf', '5ac46069-d153-5b50-a0be-8a017d379243', '8bb5337a-4ae8-5fe9-834c-d09e97c220b7', 4, 'Fantastisk resultat! Kunne ikke vært mer fornøyd med opplevelsen.'), ('294822a0-371f-5231-b13c-f540f7b3260e', DEFAULT, '673c29dd-6c68-5ff5-b7d8-d406164b6d89', 'e4153ca5-d012-5995-bad4-086731587974', '5fef9e7c-116a-5504-a6ae-d16f4442d448', 4, 'Så profesjonell og hyggelig! Resultatet ble akkurat som jeg ønsket.'), ('7fec7245-8eaf-5266-a401-655e4007953c', DEFAULT, 'f7919f4f-0c99-597c-983c-1eb5590de3f1', '5ac46069-d153-5b50-a0be-8a017d379243', 'f14ee7a7-b3f9-561d-8cf7-983293f0008f', 3, 'Så bra service! Kommer til å anbefale henne til venner og familie.'), ('9deab23c-9ef7-5f2b-8fda-0125c9728ae2', DEFAULT, 'ee585ce6-086c-5ef1-bf19-e379dda27f2a', '815c84a1-9088-5e6f-b1ab-0853285c0e5d', 'e4153ca5-d012-5995-bad4-086731587974', 5, 'Som stylist selv kan jeg si at dette var virkelig profesjonelt utført! Imponert over teknikken og resultatet.'), ('a2d1c405-0cf8-524d-8974-cbf94eec3cc5', DEFAULT, '66ba785f-af4a-57b2-9350-bda587133953', '5f2c632c-1003-5d3e-94f5-6085899aa359', '71c8f57c-aae5-5ac8-8fc0-a1ff399b17b8', 4, 'Så bra å finne en kollega som leverer så høy kvalitet! Kommer definitivt tilbake.'), ('f7e2667e-69b1-5947-909b-c60087301e28', DEFAULT, 'a3e312c3-be01-5537-86e3-3c5301b732f0', '12b3f6e4-8e09-5767-b1ce-9d45589acea2', '71c8f57c-aae5-5ac8-8fc0-a1ff399b17b8', 5, 'Fantastisk resultat! Kunne ikke vært mer fornøyd med opplevelsen.'), ('f37e534f-9364-5f3f-84dd-19b89cf6a7a3', DEFAULT, '8bf02f04-857f-565d-9557-5ccfda142025', '5fef9e7c-116a-5504-a6ae-d16f4442d448', 'b36ab93a-34cf-5d2f-8309-1f65466da6f0', 5, 'Kjempefornøyd! Hun er virkelig flink til det hun driver med.'), ('9e23de48-b47a-52cd-9559-0aed19fcdf19', DEFAULT, 'e3463b91-5c9f-5432-9fbf-dc80dbe048aa', '44315cac-0a3d-513e-ae25-923183abdce2', '5ac46069-d153-5b50-a0be-8a017d379243', 5, 'Flott opplevelse! God å finne noen som tar seg tid til å gjøre jobben skikkelig.'), ('a6f8dc21-43e3-5653-8e9f-3242ddcef69c', DEFAULT, '7f874d11-6f73-5877-86a8-45c8fe59ecb6', '44315cac-0a3d-513e-ae25-923183abdce2', '815c84a1-9088-5e6f-b1ab-0853285c0e5d', 4, 'Så bra å finne en kollega som leverer så høy kvalitet! Kommer definitivt tilbake.'), ('0cae3f50-7da2-5b37-88c8-800ceb02a528', DEFAULT, '6fa31ea5-30a3-52a2-811f-87a71ff6c31b', 'e4153ca5-d012-5995-bad4-086731587974', '815c84a1-9088-5e6f-b1ab-0853285c0e5d', 4, 'Fantastisk jobb! Jeg jobber selv i bransjen og kan virkelig sette pris på kvaliteten her.'), ('80c70b53-e5de-5ff7-8382-249f5ddf42c7', DEFAULT, '0470f2fd-e9b5-5d67-b158-b91e280e93d5', '12b3f6e4-8e09-5767-b1ce-9d45589acea2', '5fef9e7c-116a-5504-a6ae-d16f4442d448', 4, 'Så profesjonell og hyggelig! Resultatet ble akkurat som jeg ønsket.'), ('84113906-cd0f-519c-8ed3-70729c14fab6', DEFAULT, '6c97b313-549f-51f9-88e4-db1b0c551afe', 'bc6c992f-6177-5b38-a99d-4c1f8bf2d0e3', '5ac46069-d153-5b50-a0be-8a017d379243', 4, 'Flott opplevelse! God å finne noen som tar seg tid til å gjøre jobben skikkelig.'), ('40187a25-b1e5-5089-a311-f639f75b1c75', DEFAULT, '33fbd5ed-83de-5e7e-b10e-a9180d1a01a6', '5ca75a8e-3605-5166-aa74-4e2e2fc0beef', '5fef9e7c-116a-5504-a6ae-d16f4442d448', 5, 'Kjempefornøyd! Hun er virkelig flink til det hun driver med.');
-- Created 38 reviews for completed bookings
-- Ensuring every service has reviews...
-- Service "Negleforlengelse" needs 3 more reviews
-- Service "Dameklipp" needs 3 more reviews
-- Service "Akryl negler" needs 3 more reviews
-- Service "Shellac behandling" needs 3 more reviews
-- Service "Hårfarge" needs 2 more reviews
-- Service "Brudesminke prøve" needs 3 more reviews
-- Service "Brude makeup" needs 2 more reviews
-- Service "Bryllupsgjester styling" needs 3 more reviews
-- Service "Brude makeup" needs 3 more reviews
-- Service "Vippelift" needs 3 more reviews
-- Service "Brude makeup" needs 3 more reviews
-- Service "Makeup kurs" needs 3 more reviews
-- Service "Highlights" needs 1 more reviews
-- Service "Brudemakeup komplett" needs 3 more reviews
-- Service "Brudesminke prøve" needs 3 more reviews
-- Service "Festmakeup" needs 1 more reviews
-- Service "Negleforlengelse" needs 2 more reviews
-- Service "Dagsmakeup" needs 3 more reviews
-- Service "Brynslaminering" needs 3 more reviews
-- Service "Kontur makeup" needs 3 more reviews
-- Service "Balayage farge" needs 3 more reviews
-- Service "Permanent" needs 3 more reviews
-- Service "Brynsfarge" needs 3 more reviews
-- Service "Franske negler" needs 3 more reviews
-- Service "Shellac behandling" needs 2 more reviews
-- Service "Permanent" needs 3 more reviews
-- Service "Balayage farge" needs 3 more reviews
-- Service "Herreklipp" needs 3 more reviews
-- Service "Brudesminke prøve" needs 2 more reviews
-- Service "Brynslaminering" needs 3 more reviews
-- Service "Brynspluking" needs 2 more reviews
-- Service "Hybrid vipper 2" needs 3 more reviews
-- Service "Pedikyr 2" needs 3 more reviews
-- Service "Shellac behandling 2" needs 3 more reviews
-- Service "Gellack med design 2" needs 3 more reviews
-- Service "Hybrid vipper 2" needs 3 more reviews
-- Service "Hårfarge 2" needs 3 more reviews
-- Service "Brudesminke prøve 2" needs 3 more reviews
-- Service "Føn og styling 2" needs 2 more reviews
-- Service "Volum vippeextensions 2" needs 3 more reviews
-- Service "Gellack manikyr 2" needs 3 more reviews
-- Service "Dagsmakeup 2" needs 3 more reviews
-- Service "Hårbehandling 2" needs 3 more reviews
-- Service "Hybrid vipper 2" needs 3 more reviews
-- Service "Foto makeup 2" needs 3 more reviews
-- Service "Balayage farge 2" needs 3 more reviews
-- Service "Highlights 2" needs 3 more reviews
-- Service "Føn og styling 2" needs 3 more reviews
-- Service "Brynslaminering 2" needs 3 more reviews
INSERT INTO public.bookings (id,created_at,updated_at,customer_id,stylist_id,start_time,end_time,message_to_stylist,status,address_id,stripe_payment_intent_id,total_duration_minutes,total_price,cancellation_reason,cancelled_at,discount_applied,discount_id) VALUES ('f7f59e8d-50a5-5bac-9166-74fde365365e', DEFAULT, DEFAULT, 'b36ab93a-34cf-5d2f-8309-1f65466da6f0', '71c8f57c-aae5-5ac8-8fc0-a1ff399b17b8', '2025-08-03T20:42:49.338Z', '2025-08-03T22:42:49.338Z', 'Hørt mye bra om deg!', 'completed', NULL, 'pi_ensure_reviews_76182b33-2b88-55da-9317-c322cfc4cdb2_0', 120, 2848, 'Semeliae voluptatio quidem a recte potestatem, veniri corporum desercitus consulat cum quid ruant.', '2020-11-23T10:46:02.000Z', DEFAULT, NULL), ('20cc6523-2826-5a08-86f4-b908cd162229', DEFAULT, DEFAULT, 'bc6c992f-6177-5b38-a99d-4c1f8bf2d0e3', '71c8f57c-aae5-5ac8-8fc0-a1ff399b17b8', '2025-07-18T20:42:49.338Z', '2025-07-18T22:42:49.338Z', 'Anbefalt av en venninne!', 'completed', NULL, 'pi_ensure_reviews_76182b33-2b88-55da-9317-c322cfc4cdb2_1', 120, 2848, 'Campum expetiuncta uberrem dici ne, etur iactantalib non rutil sunt cumanim.', '2020-02-10T13:51:36.000Z', DEFAULT, NULL), ('fc029e26-18ee-5656-a49a-e1ac0f7a95a7', DEFAULT, DEFAULT, 'e4153ca5-d012-5995-bad4-086731587974', '71c8f57c-aae5-5ac8-8fc0-a1ff399b17b8', '2025-05-23T20:42:49.338Z', '2025-05-23T22:42:49.338Z', 'Første gang jeg prøver dette!', 'completed', NULL, 'pi_ensure_reviews_76182b33-2b88-55da-9317-c322cfc4cdb2_2', 120, 2848, 'Aut optime te grate bona ducunda rerum.', '2020-09-21T08:21:24.000Z', DEFAULT, NULL), ('cbd8ff02-8d4f-51f8-91c7-78b9a57def03', DEFAULT, DEFAULT, '5fef9e7c-116a-5504-a6ae-d16f4442d448', 'f14ee7a7-b3f9-561d-8cf7-983293f0008f', '2025-06-18T20:42:49.338Z', '2025-06-18T21:57:49.338Z', 'Anbefalt av en venninne!', 'completed', NULL, 'pi_ensure_reviews_f66c822d-c39b-5997-9fdd-1cc2906b1259_0', 75, 2172, 'Si nec nullo probet qualestiae inimis am, apudo nam quos succum nam ophia et enimus.', '2020-06-02T17:44:53.000Z', DEFAULT, NULL), ('4b8887f8-7f16-5cfb-a6e0-3b8df27efb93', DEFAULT, DEFAULT, '5f2c632c-1003-5d3e-94f5-6085899aa359', 'f14ee7a7-b3f9-561d-8cf7-983293f0008f', '2025-06-04T20:42:49.338Z', '2025-06-04T21:57:49.338Z', 'Første gang jeg prøver dette!', 'completed', NULL, 'pi_ensure_reviews_f66c822d-c39b-5997-9fdd-1cc2906b1259_1', 75, 2172, 'Neque torquatus sis si quidem autem est error.', '2020-09-17T08:21:55.000Z', DEFAULT, NULL), ('832ed0c0-93df-5768-bb0f-9e52c787ad4c', DEFAULT, DEFAULT, '461f046b-b8af-5c8e-95dd-0f9194531ecb', 'f14ee7a7-b3f9-561d-8cf7-983293f0008f', '2025-07-09T20:42:49.338Z', '2025-07-09T21:57:49.338Z', 'Hørt mye bra om deg!', 'completed', NULL, 'pi_ensure_reviews_f66c822d-c39b-5997-9fdd-1cc2906b1259_2', 75, 2172, 'Etiam ab status est domin.', '2020-10-22T09:38:57.000Z', DEFAULT, NULL), ('94f81093-dd98-5a70-9230-ba01536ad6f1', DEFAULT, DEFAULT, '5ac46069-d153-5b50-a0be-8a017d379243', '5fef9e7c-116a-5504-a6ae-d16f4442d448', '2025-07-16T20:42:49.339Z', '2025-07-16T22:42:49.339Z', 'Første gang jeg prøver dette!', 'completed', NULL, 'pi_ensure_reviews_7c724ddb-a436-508b-954f-ea531f015c8e_0', 120, 1767, 'In dicassensib idis quaedam sua voluptasse me, solis verearum possit cum ipse iucunt quod.', '2020-01-09T00:55:50.000Z', DEFAULT, NULL), ('6a080678-117b-5ad0-9282-02b82dac9c28', DEFAULT, DEFAULT, 'bc6c992f-6177-5b38-a99d-4c1f8bf2d0e3', '5fef9e7c-116a-5504-a6ae-d16f4442d448', '2025-07-30T20:42:49.339Z', '2025-07-30T22:42:49.339Z', 'Første gang jeg prøver dette!', 'completed', NULL, 'pi_ensure_reviews_7c724ddb-a436-508b-954f-ea531f015c8e_1', 120, 1767, 'Quae anturpius am reprehenim non tria.', '2020-09-01T20:54:58.000Z', DEFAULT, NULL), ('065bf126-facf-58cc-9162-4a6e152134fb', DEFAULT, DEFAULT, '71c8f57c-aae5-5ac8-8fc0-a1ff399b17b8', '5fef9e7c-116a-5504-a6ae-d16f4442d448', '2025-06-22T20:42:49.339Z', '2025-06-22T22:42:49.339Z', 'Hørt mye bra om deg!', 'completed', NULL, 'pi_ensure_reviews_7c724ddb-a436-508b-954f-ea531f015c8e_2', 120, 1767, 'Ultima se omnium modo multi finibus aut, quidem quod ignorarbit multa numquam.', '2020-06-26T05:09:23.000Z', DEFAULT, NULL), ('0f9ae927-0606-55ac-a1ca-216698b00936', DEFAULT, DEFAULT, '12b3f6e4-8e09-5767-b1ce-9d45589acea2', '5f2c632c-1003-5d3e-94f5-6085899aa359', '2025-08-14T20:42:49.339Z', '2025-08-14T21:57:49.339Z', 'Anbefalt av en venninne!', 'completed', NULL, 'pi_ensure_reviews_ee28eb0b-265a-5f31-962b-baeb03171f3b_0', 75, 1233, 'Totam paravis es primoribid nam in.', '2020-06-22T18:07:56.000Z', DEFAULT, NULL), ('c5b90239-6e51-56d4-a465-b51ca62e8a3f', DEFAULT, DEFAULT, '815c84a1-9088-5e6f-b1ab-0853285c0e5d', '5f2c632c-1003-5d3e-94f5-6085899aa359', '2025-06-19T20:42:49.339Z', '2025-06-19T21:57:49.339Z', 'Trenger en oppfriskning!', 'completed', NULL, 'pi_ensure_reviews_ee28eb0b-265a-5f31-962b-baeb03171f3b_1', 75, 1233, 'Sunt perspicuum delectus cogit constantia.', '2020-07-23T18:10:48.000Z', DEFAULT, NULL), ('8814330b-5977-5915-87e3-b3adf4fb6f9e', DEFAULT, DEFAULT, '461f046b-b8af-5c8e-95dd-0f9194531ecb', '5f2c632c-1003-5d3e-94f5-6085899aa359', '2025-08-01T20:42:49.339Z', '2025-08-01T21:57:49.339Z', 'Trenger en oppfriskning!', 'completed', NULL, 'pi_ensure_reviews_ee28eb0b-265a-5f31-962b-baeb03171f3b_2', 75, 1233, 'Expeccant rer mediocrium sint vel afferent ne morbis, versuum legi functio sed etur tantum.', '2020-05-09T04:57:51.000Z', DEFAULT, NULL), ('deecccfd-34ec-5fb6-9dbf-3324a4506904', DEFAULT, DEFAULT, '8bb5337a-4ae8-5fe9-834c-d09e97c220b7', '5f2c632c-1003-5d3e-94f5-6085899aa359', '2025-05-29T20:42:49.339Z', '2025-05-29T22:12:49.339Z', 'Trenger en oppfriskning!', 'completed', NULL, 'pi_ensure_reviews_bdd1b363-ac2b-5678-88e3-3a63f4b658f4_0', 90, 2069, 'Aut vero acunt cum formavitaq eo, magnam denique sit modum et eamus.', '2020-08-24T20:04:08.000Z', DEFAULT, NULL), ('c77047c0-d8fe-5a33-b816-a1a9bc5d5596', DEFAULT, DEFAULT, '5fef9e7c-116a-5504-a6ae-d16f4442d448', '5f2c632c-1003-5d3e-94f5-6085899aa359', '2025-06-29T20:42:49.339Z', '2025-06-29T22:12:49.339Z', 'Trenger en oppfriskning!', 'completed', NULL, 'pi_ensure_reviews_bdd1b363-ac2b-5678-88e3-3a63f4b658f4_1', 90, 2069, 'As multi legebitaq ipsi ius.', '2020-02-10T01:52:12.000Z', DEFAULT, NULL), ('754d0696-68c2-5b1a-b06e-cfac2685befd', DEFAULT, DEFAULT, 'bc6c992f-6177-5b38-a99d-4c1f8bf2d0e3', '44315cac-0a3d-513e-ae25-923183abdce2', '2025-07-08T20:42:49.339Z', '2025-07-08T22:42:49.339Z', 'Anbefalt av en venninne!', 'completed', NULL, 'pi_ensure_reviews_e00070ec-a32f-50ad-9dca-90b08b918d33_0', 120, 1071, 'Eruntatem non maiorum tam saepe eamque atem.', '2020-01-21T12:11:11.000Z', DEFAULT, NULL), ('9da05787-17ce-5100-9e07-e56c1a66263d', DEFAULT, DEFAULT, '8bb5337a-4ae8-5fe9-834c-d09e97c220b7', '44315cac-0a3d-513e-ae25-923183abdce2', '2025-08-03T20:42:49.339Z', '2025-08-03T22:42:49.339Z', 'Gleder meg til denne tjenesten!', 'completed', NULL, 'pi_ensure_reviews_e00070ec-a32f-50ad-9dca-90b08b918d33_1', 120, 1071, 'Bonas enim et epicium et nisi mortis, es ita esse numquam libidcirco videritaq etent si.', '2020-04-12T03:11:00.000Z', DEFAULT, NULL), ('c18ecb52-170b-5af2-bc08-f5fdc573bce7', DEFAULT, DEFAULT, 'f14ee7a7-b3f9-561d-8cf7-983293f0008f', '44315cac-0a3d-513e-ae25-923183abdce2', '2025-07-06T20:42:49.339Z', '2025-07-06T22:42:49.339Z', 'Hørt mye bra om deg!', 'completed', NULL, 'pi_ensure_reviews_e00070ec-a32f-50ad-9dca-90b08b918d33_2', 120, 1071, 'Adhibuit viven cognitiae effloresse inem cum.', '2020-08-24T07:17:11.000Z', DEFAULT, NULL), ('d5208a7c-48d8-5ee4-99ba-f8c1d23afe4a', DEFAULT, DEFAULT, '44315cac-0a3d-513e-ae25-923183abdce2', '5fef9e7c-116a-5504-a6ae-d16f4442d448', '2025-06-20T20:42:49.339Z', '2025-06-20T22:42:49.339Z', 'Hørt mye bra om deg!', 'completed', NULL, 'pi_ensure_reviews_14988abd-97c9-5f3a-be9a-59d5637d4463_0', 120, 2433, 'Etiam in est il aeque.', '2020-01-25T12:13:48.000Z', DEFAULT, NULL), ('0191ca21-3fa2-56db-bd1c-1ac5e972d9c1', DEFAULT, DEFAULT, '5ca75a8e-3605-5166-aa74-4e2e2fc0beef', '5fef9e7c-116a-5504-a6ae-d16f4442d448', '2025-08-01T20:42:49.339Z', '2025-08-01T22:42:49.339Z', 'Trenger en oppfriskning!', 'completed', NULL, 'pi_ensure_reviews_14988abd-97c9-5f3a-be9a-59d5637d4463_1', 120, 2433, 'Epicia voluptatem quidem non utrumque sibus vero.', '2020-12-29T00:04:00.000Z', DEFAULT, NULL), ('fca548b5-9611-5729-8e0e-acc9dd5f0ed8', DEFAULT, DEFAULT, 'b36ab93a-34cf-5d2f-8309-1f65466da6f0', '44315cac-0a3d-513e-ae25-923183abdce2', '2025-05-28T20:42:49.339Z', '2025-05-28T21:57:49.339Z', 'Første gang jeg prøver dette!', 'completed', NULL, 'pi_ensure_reviews_8379c4b0-1c06-5d40-b0fc-56513422c1d8_0', 75, 1813, 'Docui fortitur locis il non vero plane.', '2020-06-02T05:33:35.000Z', DEFAULT, NULL), ('0c70d227-aedd-5295-9d58-7529f3ebf944', DEFAULT, DEFAULT, 'f14ee7a7-b3f9-561d-8cf7-983293f0008f', '44315cac-0a3d-513e-ae25-923183abdce2', '2025-06-15T20:42:49.339Z', '2025-06-15T21:57:49.339Z', 'Anbefalt av en venninne!', 'completed', NULL, 'pi_ensure_reviews_8379c4b0-1c06-5d40-b0fc-56513422c1d8_1', 75, 1813, 'Legimi optaria ilique non esse mediocrium bonorum puto, nullo ferathenis vel refercitus omum potes apeiriant multo.', '2020-12-16T23:43:32.000Z', DEFAULT, NULL), ('a9e80b50-afe2-53f3-89bf-d7a17b2e55fe', DEFAULT, DEFAULT, '8bb5337a-4ae8-5fe9-834c-d09e97c220b7', '44315cac-0a3d-513e-ae25-923183abdce2', '2025-08-02T20:42:49.339Z', '2025-08-02T21:57:49.339Z', 'Første gang jeg prøver dette!', 'completed', NULL, 'pi_ensure_reviews_8379c4b0-1c06-5d40-b0fc-56513422c1d8_2', 75, 1813, 'Actet primus um solum corporista diceram escentur qui, eos iucunt voluptatem sive deseris recta.', '2020-03-19T03:06:03.000Z', DEFAULT, NULL), ('ad771cce-a6d3-52fd-bdbc-8b32bb4e7bfa', DEFAULT, DEFAULT, '5ca75a8e-3605-5166-aa74-4e2e2fc0beef', '71c8f57c-aae5-5ac8-8fc0-a1ff399b17b8', '2025-06-04T20:42:49.339Z', '2025-06-04T21:42:49.339Z', 'Anbefalt av en venninne!', 'completed', NULL, 'pi_ensure_reviews_f67b1d42-e134-5c10-baf6-9357f4083f61_0', 60, 1427, 'Quo defut odum perpessio quae docui, aiebattincto sequi al quietus confirmitat venias.', '2020-07-23T18:22:07.000Z', DEFAULT, NULL), ('2ce94800-3737-5f2f-93b3-360eb00ac821', DEFAULT, DEFAULT, 'f14ee7a7-b3f9-561d-8cf7-983293f0008f', '71c8f57c-aae5-5ac8-8fc0-a1ff399b17b8', '2025-06-07T20:42:49.339Z', '2025-06-07T21:42:49.339Z', 'Første gang jeg prøver dette!', 'completed', NULL, 'pi_ensure_reviews_f67b1d42-e134-5c10-baf6-9357f4083f61_1', 60, 1427, 'Itiae em tumcum versa consenectus.', '2020-01-05T00:05:47.000Z', DEFAULT, NULL), ('83a31706-f5d9-5713-ba64-a2e6ce47b267', DEFAULT, DEFAULT, 'bc6c992f-6177-5b38-a99d-4c1f8bf2d0e3', '71c8f57c-aae5-5ac8-8fc0-a1ff399b17b8', '2025-06-22T20:42:49.339Z', '2025-06-22T21:42:49.339Z', 'Anbefalt av en venninne!', 'completed', NULL, 'pi_ensure_reviews_f67b1d42-e134-5c10-baf6-9357f4083f61_2', 60, 1427, 'Nullo magisque via deser ine il sitat, rent reicientes quaeque copulistot ferebo.', '2020-05-13T04:07:35.000Z', DEFAULT, NULL), ('1d56ed51-0070-57fd-a3c9-68b435d8e902', DEFAULT, DEFAULT, '5ac46069-d153-5b50-a0be-8a017d379243', '44315cac-0a3d-513e-ae25-923183abdce2', '2025-06-20T20:42:49.339Z', '2025-06-20T21:57:49.339Z', 'Hørt mye bra om deg!', 'completed', NULL, 'pi_ensure_reviews_1c3cb731-ed59-5c03-891d-dd445c49271e_0', 75, 1562, 'Bene quaeren tamendum fortitiam expecunias confortitia hoc de, dicta liberet sent desida nec nullo ut detracta.', '2020-12-12T12:04:19.000Z', DEFAULT, NULL), ('92995cb3-1be4-57d8-bd8f-f34433b0cc87', DEFAULT, DEFAULT, '5f2c632c-1003-5d3e-94f5-6085899aa359', '44315cac-0a3d-513e-ae25-923183abdce2', '2025-08-03T20:42:49.339Z', '2025-08-03T21:57:49.339Z', 'Gleder meg til denne tjenesten!', 'completed', NULL, 'pi_ensure_reviews_1c3cb731-ed59-5c03-891d-dd445c49271e_1', 75, 1562, 'Ex graecis et afficit has quibus.', '2020-08-24T07:53:18.000Z', DEFAULT, NULL), ('eed9cca5-bd72-5a8e-be84-ea068debfae3', DEFAULT, DEFAULT, '5ac46069-d153-5b50-a0be-8a017d379243', '44315cac-0a3d-513e-ae25-923183abdce2', '2025-06-27T20:42:49.339Z', '2025-06-27T21:57:49.339Z', 'Anbefalt av en venninne!', 'completed', NULL, 'pi_ensure_reviews_1c3cb731-ed59-5c03-891d-dd445c49271e_2', 75, 1562, 'Metrodordam defent posse dicavi sic endum.', '2020-07-03T06:24:27.000Z', DEFAULT, NULL), ('d78735c4-c5a9-5b7d-b842-9e0dbcbacdba', DEFAULT, DEFAULT, 'f14ee7a7-b3f9-561d-8cf7-983293f0008f', '8bb5337a-4ae8-5fe9-834c-d09e97c220b7', '2025-07-31T20:42:49.339Z', '2025-07-31T22:12:49.339Z', 'Gleder meg til denne tjenesten!', 'completed', NULL, 'pi_ensure_reviews_a84c07d7-9cad-533f-b8cf-1e50727560c4_0', 90, 1145, 'Tuum dictum torquatosop se atura parentur, numquam quidamicior id nos caecil esse.', '2020-02-10T13:52:19.000Z', DEFAULT, NULL), ('916fa7ed-652a-5b1d-b6a6-821bdb63d654', DEFAULT, DEFAULT, '461f046b-b8af-5c8e-95dd-0f9194531ecb', '8bb5337a-4ae8-5fe9-834c-d09e97c220b7', '2025-06-06T20:42:49.339Z', '2025-06-06T22:12:49.339Z', 'Trenger en oppfriskning!', 'completed', NULL, 'pi_ensure_reviews_a84c07d7-9cad-533f-b8cf-1e50727560c4_1', 90, 1145, 'Efficiens scribenime comparum si tam.', '2020-09-25T20:36:16.000Z', DEFAULT, NULL), ('0153b8c4-6d66-5ccb-bcff-c0be0db1946e', DEFAULT, DEFAULT, '461f046b-b8af-5c8e-95dd-0f9194531ecb', '8bb5337a-4ae8-5fe9-834c-d09e97c220b7', '2025-08-12T20:42:49.339Z', '2025-08-12T22:12:49.339Z', 'Trenger en oppfriskning!', 'completed', NULL, 'pi_ensure_reviews_a84c07d7-9cad-533f-b8cf-1e50727560c4_2', 90, 1145, 'Hari voluptatem non es nihile docui, philosoper facta qua vacariquer ute admiserit quiete rerum.', '2020-03-03T14:16:30.000Z', DEFAULT, NULL), ('3de7397c-06a9-5f73-bfd5-50e264943ecf', DEFAULT, DEFAULT, 'f14ee7a7-b3f9-561d-8cf7-983293f0008f', '815c84a1-9088-5e6f-b1ab-0853285c0e5d', '2025-06-13T20:42:49.339Z', '2025-06-13T22:42:49.339Z', 'Hørt mye bra om deg!', 'completed', NULL, 'pi_ensure_reviews_f105e82d-4f15-5b10-b687-21bb390972df_0', 120, 2750, 'Tam putanda ab inere ime, sed publicet doctior aperundum quos sentio si paravocar.', '2020-09-25T20:44:17.000Z', DEFAULT, NULL), ('e805b0cc-6e2c-594e-a98a-9e2fea6f1257', DEFAULT, DEFAULT, '5f2c632c-1003-5d3e-94f5-6085899aa359', '815c84a1-9088-5e6f-b1ab-0853285c0e5d', '2025-07-16T20:42:49.339Z', '2025-07-16T22:42:49.339Z', 'Første gang jeg prøver dette!', 'completed', NULL, 'pi_ensure_reviews_f105e82d-4f15-5b10-b687-21bb390972df_1', 120, 2750, 'Natoribus bello ex occulte unt chaere est placet, oporteris quam vel platone natur aut estias es.', '2020-12-04T11:59:10.000Z', DEFAULT, NULL), ('f4e8d4ba-0a3a-503c-96ab-96c1314d8518', DEFAULT, DEFAULT, 'f14ee7a7-b3f9-561d-8cf7-983293f0008f', '815c84a1-9088-5e6f-b1ab-0853285c0e5d', '2025-05-29T20:42:49.339Z', '2025-05-29T22:42:49.339Z', 'Første gang jeg prøver dette!', 'completed', NULL, 'pi_ensure_reviews_f105e82d-4f15-5b10-b687-21bb390972df_2', 120, 2750, 'Alia videt ut nam complurimus tractat.', '2020-01-13T01:03:22.000Z', DEFAULT, NULL), ('f9184bcc-80ee-56a0-b9a1-b8dd4bce65d3', DEFAULT, DEFAULT, '5ac46069-d153-5b50-a0be-8a017d379243', 'b36ab93a-34cf-5d2f-8309-1f65466da6f0', '2025-06-15T20:42:49.339Z', '2025-06-15T23:12:49.339Z', 'Første gang jeg prøver dette!', 'completed', NULL, 'pi_ensure_reviews_d7664d95-3caa-5e9b-ac21-e5f97a492422_0', 150, 1446, 'Hoc anime tum et malum.', '2020-10-06T09:46:15.000Z', DEFAULT, NULL), ('6a31a08e-d677-5874-9b01-9c97cc389256', DEFAULT, DEFAULT, 'bc6c992f-6177-5b38-a99d-4c1f8bf2d0e3', '5fef9e7c-116a-5504-a6ae-d16f4442d448', '2025-08-04T20:42:49.339Z', '2025-08-04T22:42:49.339Z', 'Hørt mye bra om deg!', 'completed', NULL, 'pi_ensure_reviews_a1a04c06-3a8f-58fb-a6ac-fd4aa9f23a92_0', 120, 2738, 'Magnoper animum se tibi am ipsarum.', '2020-02-06T01:41:31.000Z', DEFAULT, NULL), ('c7267ad0-11d8-5a56-9f5f-8e04661634e1', DEFAULT, DEFAULT, 'e4153ca5-d012-5995-bad4-086731587974', '5fef9e7c-116a-5504-a6ae-d16f4442d448', '2025-08-02T20:42:49.339Z', '2025-08-02T22:42:49.339Z', 'Hørt mye bra om deg!', 'completed', NULL, 'pi_ensure_reviews_a1a04c06-3a8f-58fb-a6ac-fd4aa9f23a92_1', 120, 2738, 'Et opho summum amus viris.', '2020-01-17T01:02:44.000Z', DEFAULT, NULL), ('bcd5ab7c-2264-5a8a-9262-81a4ab558a8a', DEFAULT, DEFAULT, '815c84a1-9088-5e6f-b1ab-0853285c0e5d', '5fef9e7c-116a-5504-a6ae-d16f4442d448', '2025-05-20T20:42:49.339Z', '2025-05-20T22:42:49.339Z', 'Hørt mye bra om deg!', 'completed', NULL, 'pi_ensure_reviews_a1a04c06-3a8f-58fb-a6ac-fd4aa9f23a92_2', 120, 2738, 'Si graecum amus sic hausta, aliquam tuum derepico amura insolum est.', '2020-07-11T06:31:14.000Z', DEFAULT, NULL), ('e185fe90-f6d1-50e6-85c5-b3d62e664f51', DEFAULT, DEFAULT, '5ac46069-d153-5b50-a0be-8a017d379243', '5fef9e7c-116a-5504-a6ae-d16f4442d448', '2025-06-09T20:42:49.339Z', '2025-06-09T22:12:49.339Z', 'Anbefalt av en venninne!', 'completed', NULL, 'pi_ensure_reviews_e0c122d0-a1c6-57e5-8e5a-a275d77d69a9_0', 90, 2604, 'Sed convicia vero voluptata ut tim nondum fungimura.', '2020-01-17T12:40:42.000Z', DEFAULT, NULL), ('9ca6a3da-e8d3-5a6f-880c-d09b77a8ec20', DEFAULT, DEFAULT, '461f046b-b8af-5c8e-95dd-0f9194531ecb', '5fef9e7c-116a-5504-a6ae-d16f4442d448', '2025-06-03T20:42:49.339Z', '2025-06-03T22:12:49.339Z', 'Hørt mye bra om deg!', 'completed', NULL, 'pi_ensure_reviews_e0c122d0-a1c6-57e5-8e5a-a275d77d69a9_1', 90, 2604, 'Sequam alia meo et quem, am statue est et voce.', '2020-10-06T22:03:58.000Z', DEFAULT, NULL), ('b3c5c797-7b27-5ef7-9996-ff9e9e1797ee', DEFAULT, DEFAULT, '5ac46069-d153-5b50-a0be-8a017d379243', '5fef9e7c-116a-5504-a6ae-d16f4442d448', '2025-06-04T20:42:49.339Z', '2025-06-04T22:12:49.339Z', 'Hørt mye bra om deg!', 'completed', NULL, 'pi_ensure_reviews_e0c122d0-a1c6-57e5-8e5a-a275d77d69a9_2', 90, 2604, 'Sunt evolvenir aegritumen uta modus necest certate et, ines firme et utrumque pariat autem.', '2020-03-11T14:03:34.000Z', DEFAULT, NULL), ('2a25d426-320b-5baf-8349-c72f27df402e', DEFAULT, DEFAULT, '8bb5337a-4ae8-5fe9-834c-d09e97c220b7', 'e4153ca5-d012-5995-bad4-086731587974', '2025-08-01T20:42:49.339Z', '2025-08-01T21:42:49.339Z', 'Trenger en oppfriskning!', 'completed', NULL, 'pi_ensure_reviews_87cfc1e8-8252-5821-8c8f-8b6a31cb5156_0', 60, 2143, 'Ad ille nam petere qui iudicarbit vero an.', '2020-08-20T20:05:42.000Z', DEFAULT, NULL), ('8c62efa2-695a-5b16-94b8-dad312d8c9c8', DEFAULT, DEFAULT, '71c8f57c-aae5-5ac8-8fc0-a1ff399b17b8', 'f14ee7a7-b3f9-561d-8cf7-983293f0008f', '2025-05-19T20:42:49.339Z', '2025-05-19T22:42:49.339Z', 'Trenger en oppfriskning!', 'completed', NULL, 'pi_ensure_reviews_b0111ba7-5a98-5907-ba27-3f45196d3977_0', 120, 1616, 'Quam multavitur maius libere se clarioremus ne, potuimus postea tota eniuntur qui quid qui inum.', '2020-04-08T03:52:46.000Z', DEFAULT, NULL), ('7d7ba756-c614-52cf-925e-f70d46ef9956', DEFAULT, DEFAULT, '71c8f57c-aae5-5ac8-8fc0-a1ff399b17b8', 'f14ee7a7-b3f9-561d-8cf7-983293f0008f', '2025-07-20T20:42:49.339Z', '2025-07-20T22:42:49.339Z', 'Gleder meg til denne tjenesten!', 'completed', NULL, 'pi_ensure_reviews_b0111ba7-5a98-5907-ba27-3f45196d3977_1', 120, 1616, 'As haec dicturbulen de referration endo et quibus.', '2020-06-10T05:47:13.000Z', DEFAULT, NULL), ('e621bffd-4710-5736-a47b-0070b1281778', DEFAULT, DEFAULT, '5fef9e7c-116a-5504-a6ae-d16f4442d448', '71c8f57c-aae5-5ac8-8fc0-a1ff399b17b8', '2025-05-19T20:42:49.339Z', '2025-05-19T21:42:49.339Z', 'Gleder meg til denne tjenesten!', 'completed', NULL, 'pi_ensure_reviews_2a66a173-5e57-53c4-a2e0-3d491704e63c_0', 60, 1049, 'Quisquam sed quia intempore venus ea non esse, voluptat diceros philos ob quod.', '2020-04-24T15:51:17.000Z', DEFAULT, NULL), ('1e03c0a8-6c3c-5278-a33f-e02df619b521', DEFAULT, DEFAULT, '5f2c632c-1003-5d3e-94f5-6085899aa359', '71c8f57c-aae5-5ac8-8fc0-a1ff399b17b8', '2025-05-20T20:42:49.339Z', '2025-05-20T21:42:49.339Z', 'Anbefalt av en venninne!', 'completed', NULL, 'pi_ensure_reviews_2a66a173-5e57-53c4-a2e0-3d491704e63c_1', 60, 1049, 'Habetur delaptis igit legitiari ut fuisset est neque.', '2020-07-23T06:46:20.000Z', DEFAULT, NULL), ('f02e243c-3c4b-5caf-a3df-addfefbce6c8', DEFAULT, DEFAULT, '5ac46069-d153-5b50-a0be-8a017d379243', '71c8f57c-aae5-5ac8-8fc0-a1ff399b17b8', '2025-05-29T20:42:49.339Z', '2025-05-29T21:42:49.339Z', 'Trenger en oppfriskning!', 'completed', NULL, 'pi_ensure_reviews_2a66a173-5e57-53c4-a2e0-3d491704e63c_2', 60, 1049, 'In fieri c et credo optabillar autem, ipsos aperamur profectica alii et quo haeret.', '2020-08-28T07:38:20.000Z', DEFAULT, NULL), ('f0f93274-5c9e-583c-b072-eb3103cebe6d', DEFAULT, DEFAULT, 'b36ab93a-34cf-5d2f-8309-1f65466da6f0', '815c84a1-9088-5e6f-b1ab-0853285c0e5d', '2025-08-10T20:42:49.339Z', '2025-08-10T21:42:49.339Z', 'Trenger en oppfriskning!', 'completed', NULL, 'pi_ensure_reviews_17174d2b-fa53-516c-9c8f-328d1c1d0a8c_0', 60, 1420, 'Iubere non se gloriae et.', '2020-07-23T18:51:49.000Z', DEFAULT, NULL), ('07810b60-d912-53d9-a3ed-516c51ec4df0', DEFAULT, DEFAULT, '461f046b-b8af-5c8e-95dd-0f9194531ecb', '815c84a1-9088-5e6f-b1ab-0853285c0e5d', '2025-05-27T20:42:49.339Z', '2025-05-27T21:42:49.339Z', 'Hørt mye bra om deg!', 'completed', NULL, 'pi_ensure_reviews_17174d2b-fa53-516c-9c8f-328d1c1d0a8c_1', 60, 1420, 'Det haec probandi detraxita quam possit quam, vel caecille ocrito defenimus quae ad facet.', '2020-11-07T10:13:43.000Z', DEFAULT, NULL), ('653c4db2-4388-5de3-80c7-497beb1577c9', DEFAULT, DEFAULT, 'b36ab93a-34cf-5d2f-8309-1f65466da6f0', '815c84a1-9088-5e6f-b1ab-0853285c0e5d', '2025-06-11T20:42:49.339Z', '2025-06-11T21:42:49.339Z', 'Trenger en oppfriskning!', 'completed', NULL, 'pi_ensure_reviews_17174d2b-fa53-516c-9c8f-328d1c1d0a8c_2', 60, 1420, 'Metu extremumque hominduce tribus formidante multo probet natur, ine et qui quod facillimis locum pars.', '2020-10-14T09:19:15.000Z', DEFAULT, NULL), ('593d6500-ae76-53e7-b042-ec686175cd4c', DEFAULT, DEFAULT, '71c8f57c-aae5-5ac8-8fc0-a1ff399b17b8', 'b36ab93a-34cf-5d2f-8309-1f65466da6f0', '2025-06-28T20:42:49.339Z', '2025-06-28T22:12:49.339Z', 'Hørt mye bra om deg!', 'completed', NULL, 'pi_ensure_reviews_753f481f-9fee-53c1-bef0-6fc0bcf78933_0', 90, 1920, 'Iniuria iri ipse laudat intellegam.', '2020-08-16T08:11:21.000Z', DEFAULT, NULL), ('b5379428-29ee-5389-8bf4-85a5e516386f', DEFAULT, DEFAULT, '461f046b-b8af-5c8e-95dd-0f9194531ecb', 'b36ab93a-34cf-5d2f-8309-1f65466da6f0', '2025-06-23T20:42:49.339Z', '2025-06-23T22:12:49.339Z', 'Hørt mye bra om deg!', 'completed', NULL, 'pi_ensure_reviews_753f481f-9fee-53c1-bef0-6fc0bcf78933_1', 90, 1920, 'Modum ut causa inituri oderudin audit aut.', '2020-02-06T13:55:44.000Z', DEFAULT, NULL), ('e93fe92b-99d3-5f88-9b3e-a3078c6677bc', DEFAULT, DEFAULT, '5ac46069-d153-5b50-a0be-8a017d379243', 'b36ab93a-34cf-5d2f-8309-1f65466da6f0', '2025-08-04T20:42:49.339Z', '2025-08-04T22:12:49.339Z', 'Hørt mye bra om deg!', 'completed', NULL, 'pi_ensure_reviews_753f481f-9fee-53c1-bef0-6fc0bcf78933_2', 90, 1920, 'Esse minimo essit sunt quoniam magissimo desid canesse.', '2020-08-04T07:50:10.000Z', DEFAULT, NULL), ('c3d2790b-8e51-5dfc-9436-7c2e6453e83b', DEFAULT, DEFAULT, '5ac46069-d153-5b50-a0be-8a017d379243', '5f2c632c-1003-5d3e-94f5-6085899aa359', '2025-05-19T20:42:49.339Z', '2025-05-19T22:42:49.339Z', 'Trenger en oppfriskning!', 'completed', NULL, 'pi_ensure_reviews_6988ab5f-f1cf-533e-9e10-6250fa03d64e_0', 120, 2043, 'Feram interestia huic corrupis sum intellegi quibus te, talo spe essariustius quippe conflixisci omnesque torem.', '2020-03-23T02:47:49.000Z', DEFAULT, NULL), ('7bf0957a-de39-5082-9120-a7eb95bc41cd', DEFAULT, DEFAULT, '8bb5337a-4ae8-5fe9-834c-d09e97c220b7', '5f2c632c-1003-5d3e-94f5-6085899aa359', '2025-06-22T20:42:49.339Z', '2025-06-22T22:42:49.339Z', 'Første gang jeg prøver dette!', 'completed', NULL, 'pi_ensure_reviews_6988ab5f-f1cf-533e-9e10-6250fa03d64e_1', 120, 2043, 'Inum rationest in venanim tollitterer sine.', '2020-03-07T02:04:19.000Z', DEFAULT, NULL), ('6b3261f3-3aec-5431-af81-3049e91c8732', DEFAULT, DEFAULT, '461f046b-b8af-5c8e-95dd-0f9194531ecb', '5f2c632c-1003-5d3e-94f5-6085899aa359', '2025-08-05T20:42:49.339Z', '2025-08-05T22:42:49.339Z', 'Trenger en oppfriskning!', 'completed', NULL, 'pi_ensure_reviews_6988ab5f-f1cf-533e-9e10-6250fa03d64e_2', 120, 2043, 'Dem corrupti doctrinisdem peranim bene aut, frustra aut scripserendas inimi et aut involuptar uti.', '2020-01-05T12:51:14.000Z', DEFAULT, NULL), ('f1b75e9f-d4cc-51e6-bd2f-b5dd2821dafb', DEFAULT, DEFAULT, 'e4153ca5-d012-5995-bad4-086731587974', '8bb5337a-4ae8-5fe9-834c-d09e97c220b7', '2025-07-18T20:42:49.339Z', '2025-07-18T23:42:49.339Z', 'Anbefalt av en venninne!', 'completed', NULL, 'pi_ensure_reviews_5e167626-1d66-5123-9111-b3d1d294a57b_0', 180, 2544, 'Quidem vitamura causa andisciplin itur natur quodsi.', '2020-06-14T05:24:34.000Z', DEFAULT, NULL), ('3194d9e8-65a0-59fb-9646-7b8054a2c718', DEFAULT, DEFAULT, '5f2c632c-1003-5d3e-94f5-6085899aa359', '8bb5337a-4ae8-5fe9-834c-d09e97c220b7', '2025-06-20T20:42:49.339Z', '2025-06-20T23:42:49.339Z', 'Hørt mye bra om deg!', 'completed', NULL, 'pi_ensure_reviews_5e167626-1d66-5123-9111-b3d1d294a57b_1', 180, 2544, 'Et quid voluptatur is plerique de amicur.', '2020-09-01T08:35:51.000Z', DEFAULT, NULL), ('d6cfae51-b0a6-56f2-a66d-8d62e39ab534', DEFAULT, DEFAULT, '5f2c632c-1003-5d3e-94f5-6085899aa359', '8bb5337a-4ae8-5fe9-834c-d09e97c220b7', '2025-07-22T20:42:49.339Z', '2025-07-22T23:42:49.339Z', 'Anbefalt av en venninne!', 'completed', NULL, 'pi_ensure_reviews_5e167626-1d66-5123-9111-b3d1d294a57b_2', 180, 2544, 'Ipso dolem tuum moveaturus satisdem aut, es non amicura est in.', '2020-03-07T02:55:42.000Z', DEFAULT, NULL), ('dafd8f5a-c818-5f9f-808a-d849eb2d9250', DEFAULT, DEFAULT, '461f046b-b8af-5c8e-95dd-0f9194531ecb', '5ac46069-d153-5b50-a0be-8a017d379243', '2025-06-12T20:42:49.339Z', '2025-06-12T21:42:49.339Z', 'Første gang jeg prøver dette!', 'completed', NULL, 'pi_ensure_reviews_85540e24-0e5a-5ffc-97e6-90b2875c357c_0', 60, 2755, 'Quam causa meam es perferatur, voluptasse verbum finit it doceat stultorquate doleris dedit.', '2020-12-04T23:30:31.000Z', DEFAULT, NULL), ('d1ed2573-22be-50f1-8873-043ff68ecb22', DEFAULT, DEFAULT, 'f14ee7a7-b3f9-561d-8cf7-983293f0008f', '5ac46069-d153-5b50-a0be-8a017d379243', '2025-07-01T20:42:49.339Z', '2025-07-01T21:42:49.339Z', 'Trenger en oppfriskning!', 'completed', NULL, 'pi_ensure_reviews_85540e24-0e5a-5ffc-97e6-90b2875c357c_1', 60, 2755, 'Ideritor aut futura primorum in minus, dis voluptatem videt dixi vitae.', '2020-04-16T15:41:21.000Z', DEFAULT, NULL), ('3f4a098a-b9bc-5f94-b567-67f59fb8415e', DEFAULT, DEFAULT, '5ca75a8e-3605-5166-aa74-4e2e2fc0beef', '5ac46069-d153-5b50-a0be-8a017d379243', '2025-05-30T20:42:49.339Z', '2025-05-30T21:42:49.339Z', 'Første gang jeg prøver dette!', 'completed', NULL, 'pi_ensure_reviews_85540e24-0e5a-5ffc-97e6-90b2875c357c_2', 60, 2755, 'Continax laus non cursu id dolore enim, nullam utio dolore neque graecistima am quibus.', '2020-04-08T04:02:33.000Z', DEFAULT, NULL), ('fe3eb8dd-080c-54ea-869a-763dec93bdab', DEFAULT, DEFAULT, '8bb5337a-4ae8-5fe9-834c-d09e97c220b7', 'b36ab93a-34cf-5d2f-8309-1f65466da6f0', '2025-06-26T20:42:49.339Z', '2025-06-26T21:57:49.339Z', 'Gleder meg til denne tjenesten!', 'completed', NULL, 'pi_ensure_reviews_2a882c6e-7824-5518-b251-1cc3d7bf2bcd_0', 75, 1067, 'Omnino neque nusquam graviterit bent studiosae, malum am autem taneum possimo dolor.', '2020-06-18T05:27:47.000Z', DEFAULT, NULL), ('223410ff-951c-592e-800c-8467d53ec144', DEFAULT, DEFAULT, 'bc6c992f-6177-5b38-a99d-4c1f8bf2d0e3', 'b36ab93a-34cf-5d2f-8309-1f65466da6f0', '2025-07-28T20:42:49.339Z', '2025-07-28T21:57:49.339Z', 'Hørt mye bra om deg!', 'completed', NULL, 'pi_ensure_reviews_2a882c6e-7824-5518-b251-1cc3d7bf2bcd_1', 75, 1067, 'Molest sit modo littera artifexcep si cognostera, si poteris modo corrupte doctum sit autem.', '2020-11-03T11:13:12.000Z', DEFAULT, NULL), ('830e8359-c065-55f7-bbb0-45f7a648d9a5', DEFAULT, DEFAULT, '12b3f6e4-8e09-5767-b1ce-9d45589acea2', 'b36ab93a-34cf-5d2f-8309-1f65466da6f0', '2025-06-26T20:42:49.339Z', '2025-06-26T21:57:49.339Z', 'Trenger en oppfriskning!', 'completed', NULL, 'pi_ensure_reviews_2a882c6e-7824-5518-b251-1cc3d7bf2bcd_2', 75, 1067, 'Faciunt quo fugitur dolorante nem.', '2020-10-26T21:34:50.000Z', DEFAULT, NULL), ('b3e59829-b585-5650-8f6f-12125ac2f30d', DEFAULT, DEFAULT, 'e4153ca5-d012-5995-bad4-086731587974', '5ac46069-d153-5b50-a0be-8a017d379243', '2025-08-03T20:42:49.339Z', '2025-08-03T21:57:49.339Z', 'Gleder meg til denne tjenesten!', 'completed', NULL, 'pi_ensure_reviews_e7cf44d6-9f4a-5776-853b-a7a4072a5d45_0', 75, 1926, 'Ut nulla viventuri magnoperit consequam causa, quae a hominione nixam quam maiestate.', '2020-09-13T20:36:25.000Z', DEFAULT, NULL), ('80732cda-ab31-5983-a490-f8e0631c4842', DEFAULT, DEFAULT, '461f046b-b8af-5c8e-95dd-0f9194531ecb', '5ac46069-d153-5b50-a0be-8a017d379243', '2025-07-01T20:42:49.339Z', '2025-07-01T21:57:49.339Z', 'Trenger en oppfriskning!', 'completed', NULL, 'pi_ensure_reviews_e7cf44d6-9f4a-5776-853b-a7a4072a5d45_1', 75, 1926, 'Il cerem cognitioque idin dissentientis efficiandae.', '2020-01-01T12:53:50.000Z', DEFAULT, NULL), ('54304e32-9704-50c1-9c37-82bd24e2e2ea', DEFAULT, DEFAULT, 'b36ab93a-34cf-5d2f-8309-1f65466da6f0', 'e4153ca5-d012-5995-bad4-086731587974', '2025-06-29T20:42:49.339Z', '2025-06-29T23:42:49.339Z', 'Trenger en oppfriskning!', 'completed', NULL, 'pi_ensure_reviews_b7d36b38-fe23-5e84-a721-275f656c2211_0', 180, 2970, 'Habemusdam angustari dolorum infinxerat etur taneum, bonoris cum civit copulis putanciper haeret doctrina depravatem.', '2020-05-25T16:40:10.000Z', DEFAULT, NULL), ('c53f1961-c738-5eac-9cf5-9d4670cd9dc3', DEFAULT, DEFAULT, '815c84a1-9088-5e6f-b1ab-0853285c0e5d', 'e4153ca5-d012-5995-bad4-086731587974', '2025-06-01T20:42:49.339Z', '2025-06-01T23:42:49.339Z', 'Anbefalt av en venninne!', 'completed', NULL, 'pi_ensure_reviews_b7d36b38-fe23-5e84-a721-275f656c2211_1', 180, 2970, 'A libidque nis nostram quod perita non, a vita voluptates de plura velinquam.', '2020-06-02T05:40:48.000Z', DEFAULT, NULL), ('456c8596-5f1c-5f3e-8979-8a39c70ce4b5', DEFAULT, DEFAULT, 'b36ab93a-34cf-5d2f-8309-1f65466da6f0', 'e4153ca5-d012-5995-bad4-086731587974', '2025-06-08T20:42:49.339Z', '2025-06-08T23:42:49.339Z', 'Anbefalt av en venninne!', 'completed', NULL, 'pi_ensure_reviews_b7d36b38-fe23-5e84-a721-275f656c2211_2', 180, 2970, 'A ad discipitum ante hae.', '2020-10-02T09:36:39.000Z', DEFAULT, NULL), ('a02defe4-bfc6-5e87-9442-795c77edab0d', DEFAULT, DEFAULT, '5ac46069-d153-5b50-a0be-8a017d379243', 'e4153ca5-d012-5995-bad4-086731587974', '2025-08-09T20:42:49.339Z', '2025-08-09T23:12:49.339Z', 'Hørt mye bra om deg!', 'completed', NULL, 'pi_ensure_reviews_e2a5feea-e90d-5eb7-9c72-fef6ba325faf_0', 150, 1651, 'Ut esse respirari motum totellere non iudicos medium.', '2020-09-25T08:57:00.000Z', DEFAULT, NULL), ('82cd0871-cfc7-5a49-bfed-ec0d3030359c', DEFAULT, DEFAULT, '5ca75a8e-3605-5166-aa74-4e2e2fc0beef', 'e4153ca5-d012-5995-bad4-086731587974', '2025-06-19T20:42:49.339Z', '2025-06-19T23:12:49.339Z', 'Gleder meg til denne tjenesten!', 'completed', NULL, 'pi_ensure_reviews_e2a5feea-e90d-5eb7-9c72-fef6ba325faf_1', 150, 1651, 'Cernimis et ipsius sit singulista, ari possimulen nobis tractatem epullo est proptera veri.', '2020-06-14T17:55:55.000Z', DEFAULT, NULL), ('2390fb56-e22a-56ca-8c95-41be66ea56f5', DEFAULT, DEFAULT, '8bb5337a-4ae8-5fe9-834c-d09e97c220b7', 'e4153ca5-d012-5995-bad4-086731587974', '2025-05-25T20:42:49.339Z', '2025-05-25T23:12:49.339Z', 'Hørt mye bra om deg!', 'completed', NULL, 'pi_ensure_reviews_e2a5feea-e90d-5eb7-9c72-fef6ba325faf_2', 150, 1651, 'Viven semper ego posuitat temnentes ea quae comprobis.', '2020-09-25T21:04:06.000Z', DEFAULT, NULL), ('24c9fb52-6ea2-5c2d-87f3-eb9a5682de0b', DEFAULT, DEFAULT, '5ca75a8e-3605-5166-aa74-4e2e2fc0beef', '5fef9e7c-116a-5504-a6ae-d16f4442d448', '2025-05-27T20:42:49.339Z', '2025-05-27T21:27:49.339Z', 'Trenger en oppfriskning!', 'completed', NULL, 'pi_ensure_reviews_aa0cf64c-2fee-545b-8b01-85b1642cc444_0', 45, 1257, 'De sponte locumquam ano sentanta te, esse repelectat disputam cere ratione.', '2020-12-12T11:38:20.000Z', DEFAULT, NULL), ('400df31f-266b-5d87-9570-d8018c87191d', DEFAULT, DEFAULT, '12b3f6e4-8e09-5767-b1ce-9d45589acea2', '5fef9e7c-116a-5504-a6ae-d16f4442d448', '2025-05-20T20:42:49.339Z', '2025-05-20T21:27:49.339Z', 'Anbefalt av en venninne!', 'completed', NULL, 'pi_ensure_reviews_aa0cf64c-2fee-545b-8b01-85b1642cc444_1', 45, 1257, 'Tractatem conciliant ipsummam diu earum ex, nullo quod abunt am quo.', '2020-06-18T17:18:55.000Z', DEFAULT, NULL), ('78c7ec59-33a6-5c0c-9ae4-ef4ffda556ac', DEFAULT, DEFAULT, '815c84a1-9088-5e6f-b1ab-0853285c0e5d', '5fef9e7c-116a-5504-a6ae-d16f4442d448', '2025-06-15T20:42:49.339Z', '2025-06-15T21:27:49.339Z', 'Første gang jeg prøver dette!', 'completed', NULL, 'pi_ensure_reviews_aa0cf64c-2fee-545b-8b01-85b1642cc444_2', 45, 1257, 'Ut rerum dicanim quam quidem tes, ulatas latindus etiam si graviora sed.', '2020-02-02T13:47:10.000Z', DEFAULT, NULL), ('fb319855-99c2-5e63-9a1c-69d834671969', DEFAULT, DEFAULT, '461f046b-b8af-5c8e-95dd-0f9194531ecb', '5f2c632c-1003-5d3e-94f5-6085899aa359', '2025-08-10T20:42:49.339Z', '2025-08-10T22:12:49.339Z', 'Anbefalt av en venninne!', 'completed', NULL, 'pi_ensure_reviews_e45210c4-5037-5acd-828e-6a2c7da9a3db_0', 90, 2399, 'Nihilla ocritudit videre dissensibus exedicar, modarenim sed eitamicus veri quidem id quas omnis.', '2020-03-07T14:29:44.000Z', DEFAULT, NULL), ('559ef705-7160-5a29-9d51-dda8ec3927f9', DEFAULT, DEFAULT, '12b3f6e4-8e09-5767-b1ce-9d45589acea2', '5f2c632c-1003-5d3e-94f5-6085899aa359', '2025-06-09T20:42:49.339Z', '2025-06-09T22:12:49.339Z', 'Hørt mye bra om deg!', 'completed', NULL, 'pi_ensure_reviews_e45210c4-5037-5acd-828e-6a2c7da9a3db_1', 90, 2399, 'Estia ea vel mihi allicita hoc omnino.', '2020-07-07T18:23:14.000Z', DEFAULT, NULL), ('ac09baed-daac-5409-94b0-113118763fe6', DEFAULT, DEFAULT, '5fef9e7c-116a-5504-a6ae-d16f4442d448', 'e4153ca5-d012-5995-bad4-086731587974', '2025-06-18T20:42:49.339Z', '2025-06-18T21:27:49.339Z', 'Trenger en oppfriskning!', 'completed', NULL, 'pi_ensure_reviews_6a4cd26c-3e74-5e66-8c9d-0a43c0d89298_0', 45, 2121, 'Hocles dici medium id metu scribeniuncul memorum defendum.', '2020-10-26T09:14:26.000Z', DEFAULT, NULL), ('502d334e-9705-5c6b-8bd9-522ad182b8e3', DEFAULT, DEFAULT, '5ac46069-d153-5b50-a0be-8a017d379243', 'e4153ca5-d012-5995-bad4-086731587974', '2025-05-21T20:42:49.339Z', '2025-05-21T21:27:49.339Z', 'Anbefalt av en venninne!', 'completed', NULL, 'pi_ensure_reviews_6a4cd26c-3e74-5e66-8c9d-0a43c0d89298_1', 45, 2121, 'Sis motu hosti romane qui, per ob dilignorar ne vivendo quae a.', '2020-03-11T14:48:05.000Z', DEFAULT, NULL), ('eb4d3a88-2925-5383-aa1d-7ea00f2ef135', DEFAULT, DEFAULT, '461f046b-b8af-5c8e-95dd-0f9194531ecb', 'e4153ca5-d012-5995-bad4-086731587974', '2025-06-02T20:42:49.339Z', '2025-06-02T21:27:49.339Z', 'Første gang jeg prøver dette!', 'completed', NULL, 'pi_ensure_reviews_6a4cd26c-3e74-5e66-8c9d-0a43c0d89298_2', 45, 2121, 'Tum sibus eret et praeterudin est es insit.', '2020-11-15T22:27:29.000Z', DEFAULT, NULL), ('6015551e-7f95-514c-a47c-8fb5d94476ac', DEFAULT, DEFAULT, '461f046b-b8af-5c8e-95dd-0f9194531ecb', '5fef9e7c-116a-5504-a6ae-d16f4442d448', '2025-08-01T20:42:49.339Z', '2025-08-01T21:12:49.339Z', 'Trenger en oppfriskning!', 'completed', NULL, 'pi_ensure_reviews_624647d9-add1-5d7f-8000-30a3a9f0fb30_0', 30, 1389, 'Quos theophrasti crudel es dolorator.', '2020-08-20T19:45:26.000Z', DEFAULT, NULL), ('c6e583ab-0494-5711-a18e-4b80438e96df', DEFAULT, DEFAULT, 'e4153ca5-d012-5995-bad4-086731587974', '5fef9e7c-116a-5504-a6ae-d16f4442d448', '2025-07-15T20:42:49.339Z', '2025-07-15T21:12:49.339Z', 'Gleder meg til denne tjenesten!', 'completed', NULL, 'pi_ensure_reviews_624647d9-add1-5d7f-8000-30a3a9f0fb30_1', 30, 1389, 'Graeci aperate prospexit statim constituentis.', '2020-02-14T01:15:34.000Z', DEFAULT, NULL), ('a7467a3f-6049-57f0-a2e2-7c3025393f32', DEFAULT, DEFAULT, '5ca75a8e-3605-5166-aa74-4e2e2fc0beef', '71c8f57c-aae5-5ac8-8fc0-a1ff399b17b8', '2025-08-06T20:42:49.339Z', '2025-08-06T22:42:49.339Z', 'Trenger en oppfriskning!', 'completed', NULL, 'pi_ensure_reviews_afd953ad-7147-5563-9533-021001caf7a2_0', 120, 1205, 'Et aliqua ire ad quae desidit fuit quasi.', '2020-07-03T06:29:28.000Z', DEFAULT, NULL), ('182befa8-1653-550c-9c63-6a66b75b408b', DEFAULT, DEFAULT, '5fef9e7c-116a-5504-a6ae-d16f4442d448', '71c8f57c-aae5-5ac8-8fc0-a1ff399b17b8', '2025-05-29T20:42:49.339Z', '2025-05-29T22:42:49.339Z', 'Første gang jeg prøver dette!', 'completed', NULL, 'pi_ensure_reviews_afd953ad-7147-5563-9533-021001caf7a2_1', 120, 1205, 'Aliena afferatur ne modo optimi, mediocritum magnum fortitio vulgo pedita pertineantur ipsa decoristim.', '2020-08-20T07:16:32.000Z', DEFAULT, NULL), ('d82cb8b6-fe7c-5c3b-a31b-fb4a2ca0c19e', DEFAULT, DEFAULT, 'f14ee7a7-b3f9-561d-8cf7-983293f0008f', '71c8f57c-aae5-5ac8-8fc0-a1ff399b17b8', '2025-06-19T20:42:49.339Z', '2025-06-19T22:42:49.339Z', 'Anbefalt av en venninne!', 'completed', NULL, 'pi_ensure_reviews_afd953ad-7147-5563-9533-021001caf7a2_2', 120, 1205, 'Inest sequentium ant odioque bene miseriuntque didis non, suapte voluptate solum voluptatum autem ut vel.', '2020-11-07T11:08:50.000Z', DEFAULT, NULL), ('32be9a54-ed8a-5d8a-a3e8-179009027ba6', DEFAULT, DEFAULT, '44315cac-0a3d-513e-ae25-923183abdce2', 'e4153ca5-d012-5995-bad4-086731587974', '2025-06-23T20:42:49.339Z', '2025-06-23T21:57:49.339Z', 'Hørt mye bra om deg!', 'completed', NULL, 'pi_ensure_reviews_14178b43-5f90-51e4-b62a-dd642da598f8_0', 75, 2944, 'Qui quot pluribus aut ophiae erignavi, autem facererab levistotum ut qui et.', '2020-01-05T12:03:27.000Z', DEFAULT, NULL), ('e671edcd-2f49-576b-885e-a1232c2acb1d', DEFAULT, DEFAULT, '8bb5337a-4ae8-5fe9-834c-d09e97c220b7', 'e4153ca5-d012-5995-bad4-086731587974', '2025-06-24T20:42:49.339Z', '2025-06-24T21:57:49.339Z', 'Første gang jeg prøver dette!', 'completed', NULL, 'pi_ensure_reviews_14178b43-5f90-51e4-b62a-dd642da598f8_1', 75, 2944, 'Omni entanta iudicium et elis bonore iucunde, latinferen cum confidem liberandi facet epicos infinirac.', '2020-05-25T04:52:18.000Z', DEFAULT, NULL), ('628246ee-c060-50d4-8d31-61ef547f175b', DEFAULT, DEFAULT, 'f14ee7a7-b3f9-561d-8cf7-983293f0008f', 'e4153ca5-d012-5995-bad4-086731587974', '2025-06-28T20:42:49.339Z', '2025-06-28T21:57:49.339Z', 'Første gang jeg prøver dette!', 'completed', NULL, 'pi_ensure_reviews_14178b43-5f90-51e4-b62a-dd642da598f8_2', 75, 2944, 'Legant et vitium idieque ipso aut, consequit inquam sent ine nasci cumque sapiena.', '2020-07-03T18:31:40.000Z', DEFAULT, NULL), ('61b8394e-e691-594e-a97f-43dea6f5ac9b', DEFAULT, DEFAULT, 'f14ee7a7-b3f9-561d-8cf7-983293f0008f', '5fef9e7c-116a-5504-a6ae-d16f4442d448', '2025-08-06T20:42:49.340Z', '2025-08-06T21:27:49.340Z', 'Hørt mye bra om deg!', 'completed', NULL, 'pi_ensure_reviews_1d2359fd-6f1f-5243-864d-5695b37743eb_0', 45, 2178, 'In sapiendam anim nihilla epicosop etiam dolorum sponte.', '2020-04-28T03:27:21.000Z', DEFAULT, NULL), ('aea34256-92ac-592b-9228-2eb1ac6ab439', DEFAULT, DEFAULT, '12b3f6e4-8e09-5767-b1ce-9d45589acea2', '5fef9e7c-116a-5504-a6ae-d16f4442d448', '2025-06-02T20:42:49.340Z', '2025-06-02T21:27:49.340Z', 'Gleder meg til denne tjenesten!', 'completed', NULL, 'pi_ensure_reviews_1d2359fd-6f1f-5243-864d-5695b37743eb_1', 45, 2178, 'Ennius qui epicur probito accomplexion tria estum scribi, occultari alii dicebitur poteste cum estia cum expressas.', '2020-10-26T09:10:14.000Z', DEFAULT, NULL), ('dad8ca31-283f-530b-9637-3f31fd2bfdf5', DEFAULT, DEFAULT, '12b3f6e4-8e09-5767-b1ce-9d45589acea2', '5fef9e7c-116a-5504-a6ae-d16f4442d448', '2025-08-13T20:42:49.340Z', '2025-08-13T21:27:49.340Z', 'Hørt mye bra om deg!', 'completed', NULL, 'pi_ensure_reviews_1d2359fd-6f1f-5243-864d-5695b37743eb_2', 45, 2178, 'Maximi videnimus parte ore affert quae falso, an minorumque de osophorreat fugiendam.', '2020-08-08T07:13:04.000Z', DEFAULT, NULL), ('0aa14575-8b1a-581d-b9ff-bc7cc3f73d5e', DEFAULT, DEFAULT, '5fef9e7c-116a-5504-a6ae-d16f4442d448', 'f14ee7a7-b3f9-561d-8cf7-983293f0008f', '2025-05-22T20:42:49.340Z', '2025-05-22T22:12:49.340Z', 'Trenger en oppfriskning!', 'completed', NULL, 'pi_ensure_reviews_2a5d49d3-142c-57e5-9270-678f4722bb75_0', 90, 1227, 'In eros eo ille quaeque, munercitat are firmittenet natur sensibi refermissum est.', '2020-04-08T03:24:20.000Z', DEFAULT, NULL), ('3ab59b88-c838-50b3-b970-49b3a79c1bae', DEFAULT, DEFAULT, '44315cac-0a3d-513e-ae25-923183abdce2', 'f14ee7a7-b3f9-561d-8cf7-983293f0008f', '2025-07-04T20:42:49.340Z', '2025-07-04T22:12:49.340Z', 'Første gang jeg prøver dette!', 'completed', NULL, 'pi_ensure_reviews_2a5d49d3-142c-57e5-9270-678f4722bb75_1', 90, 1227, 'Adam quantus lat rerum et sunt dicta iudicur.', '2020-07-11T19:08:17.000Z', DEFAULT, NULL), ('5afc0b02-9153-5e01-957b-193699f5b01a', DEFAULT, DEFAULT, '5f2c632c-1003-5d3e-94f5-6085899aa359', 'f14ee7a7-b3f9-561d-8cf7-983293f0008f', '2025-05-28T20:42:49.340Z', '2025-05-28T22:12:49.340Z', 'Første gang jeg prøver dette!', 'completed', NULL, 'pi_ensure_reviews_2a5d49d3-142c-57e5-9270-678f4722bb75_2', 90, 1227, 'Aut ipsa legitur a satis, autem a impetuisti quae t pars censet.', '2020-08-12T20:04:38.000Z', DEFAULT, NULL), ('8c07d701-f0d1-53e2-b376-666f992fb57d', DEFAULT, DEFAULT, 'e4153ca5-d012-5995-bad4-086731587974', '815c84a1-9088-5e6f-b1ab-0853285c0e5d', '2025-08-07T20:42:49.340Z', '2025-08-07T22:27:49.340Z', 'Hørt mye bra om deg!', 'completed', NULL, 'pi_ensure_reviews_b50cd102-29cf-5eae-88fc-400d1de89af3_0', 105, 836, 'Contentia fuisset nobis acestum vel sine fugiaturi posse.', '2020-02-02T01:45:32.000Z', DEFAULT, NULL), ('2291dc45-a621-54c9-8805-290086ee6476', DEFAULT, DEFAULT, 'e4153ca5-d012-5995-bad4-086731587974', '815c84a1-9088-5e6f-b1ab-0853285c0e5d', '2025-07-15T20:42:49.340Z', '2025-07-15T22:27:49.340Z', 'Gleder meg til denne tjenesten!', 'completed', NULL, 'pi_ensure_reviews_b50cd102-29cf-5eae-88fc-400d1de89af3_1', 105, 836, 'Opin interis sapientiam inam in, inflammatur rem deorum rem quam etiam ut ere.', '2020-07-27T06:10:17.000Z', DEFAULT, NULL), ('77275129-3fbe-5360-a268-318d24a33428', DEFAULT, DEFAULT, 'bc6c992f-6177-5b38-a99d-4c1f8bf2d0e3', '815c84a1-9088-5e6f-b1ab-0853285c0e5d', '2025-06-26T20:42:49.340Z', '2025-06-26T22:27:49.340Z', 'Hørt mye bra om deg!', 'completed', NULL, 'pi_ensure_reviews_b50cd102-29cf-5eae-88fc-400d1de89af3_2', 105, 836, 'Il cognominsat volueris nisi comparvam satis si corrupte.', '2020-02-14T13:19:24.000Z', DEFAULT, NULL), ('1e3eb039-3d33-5347-bfa1-6c37add72a03', DEFAULT, DEFAULT, '8bb5337a-4ae8-5fe9-834c-d09e97c220b7', '5fef9e7c-116a-5504-a6ae-d16f4442d448', '2025-07-12T20:42:49.340Z', '2025-07-12T22:12:49.340Z', 'Hørt mye bra om deg!', 'completed', NULL, 'pi_ensure_reviews_dc966564-92f1-506b-ba19-7d7bb1f740ab_0', 90, 1299, 'Sequi quidem tibus conscientia homin tamenim fruuntur partem, et salut mundus et omnisi posse sunt.', '2020-09-05T20:24:02.000Z', DEFAULT, NULL), ('7cb508f8-f368-5775-817a-60a0a42a1c50', DEFAULT, DEFAULT, '12b3f6e4-8e09-5767-b1ce-9d45589acea2', '5fef9e7c-116a-5504-a6ae-d16f4442d448', '2025-06-18T20:42:49.340Z', '2025-06-18T22:12:49.340Z', 'Hørt mye bra om deg!', 'completed', NULL, 'pi_ensure_reviews_dc966564-92f1-506b-ba19-7d7bb1f740ab_1', 90, 1299, 'Quoniam est a non et, tum estatorum ant affeci ne philosophis animo.', '2020-10-10T21:24:53.000Z', DEFAULT, NULL), ('a2e15df7-8aff-565d-a508-124d188aceb2', DEFAULT, DEFAULT, '5ca75a8e-3605-5166-aa74-4e2e2fc0beef', '5fef9e7c-116a-5504-a6ae-d16f4442d448', '2025-06-12T20:42:49.340Z', '2025-06-12T22:12:49.340Z', 'Anbefalt av en venninne!', 'completed', NULL, 'pi_ensure_reviews_dc966564-92f1-506b-ba19-7d7bb1f740ab_2', 90, 1299, 'Nis igit sed videmantep esse saepe iditate et.', '2020-09-05T08:47:56.000Z', DEFAULT, NULL), ('49a2eba3-d676-54fa-ab8d-59b3c5219d5f', DEFAULT, DEFAULT, '12b3f6e4-8e09-5767-b1ce-9d45589acea2', '44315cac-0a3d-513e-ae25-923183abdce2', '2025-08-01T20:42:49.340Z', '2025-08-01T22:12:49.340Z', 'Anbefalt av en venninne!', 'completed', NULL, 'pi_ensure_reviews_22bf4307-d5a9-538a-bcf4-909f5a7e33dc_0', 90, 2512, 'Lucil aret in dolorem aeque qui tradit recorum, porro libert qua censes dixi.', '2020-03-03T02:14:45.000Z', DEFAULT, NULL), ('629da396-5642-5df3-a54b-a6ab06f64d24', DEFAULT, DEFAULT, '12b3f6e4-8e09-5767-b1ce-9d45589acea2', '44315cac-0a3d-513e-ae25-923183abdce2', '2025-06-10T20:42:49.340Z', '2025-06-10T22:12:49.340Z', 'Hørt mye bra om deg!', 'completed', NULL, 'pi_ensure_reviews_22bf4307-d5a9-538a-bcf4-909f5a7e33dc_1', 90, 2512, 'Aut voluperar epicitas veniungimur suum.', '2020-04-12T15:56:47.000Z', DEFAULT, NULL), ('cfbf456c-fffa-5d83-9d7b-02b663365d0d', DEFAULT, DEFAULT, '5fef9e7c-116a-5504-a6ae-d16f4442d448', '44315cac-0a3d-513e-ae25-923183abdce2', '2025-05-17T20:42:49.340Z', '2025-05-17T22:12:49.340Z', 'Anbefalt av en venninne!', 'completed', NULL, 'pi_ensure_reviews_22bf4307-d5a9-538a-bcf4-909f5a7e33dc_2', 90, 2512, 'Quae id enimagat et eque latur sed ignavi, esse discorruptis arte tum opere.', '2020-07-27T18:30:54.000Z', DEFAULT, NULL), ('5d480a3d-bafa-5f11-aa7a-c44516797b05', DEFAULT, DEFAULT, '71c8f57c-aae5-5ac8-8fc0-a1ff399b17b8', '44315cac-0a3d-513e-ae25-923183abdce2', '2025-06-29T20:42:49.340Z', '2025-06-29T21:42:49.340Z', 'Trenger en oppfriskning!', 'completed', NULL, 'pi_ensure_reviews_cce76ede-998c-52d2-903b-cbf19c7747a8_0', 60, 1929, 'Quem naturus sine familita atibus et extremum sunt.', '2020-10-22T09:35:06.000Z', DEFAULT, NULL), ('ae1e162f-83ec-5de2-83c5-26cd0c727790', DEFAULT, DEFAULT, '5ac46069-d153-5b50-a0be-8a017d379243', '44315cac-0a3d-513e-ae25-923183abdce2', '2025-07-20T20:42:49.340Z', '2025-07-20T21:42:49.340Z', 'Trenger en oppfriskning!', 'completed', NULL, 'pi_ensure_reviews_cce76ede-998c-52d2-903b-cbf19c7747a8_1', 60, 1929, 'Atomnisi praeclaranum quae confidem quo id voluptatem et.', '2020-08-28T19:53:50.000Z', DEFAULT, NULL), ('167bb8c1-0239-5bc2-ab68-47a099019ef9', DEFAULT, DEFAULT, '8bb5337a-4ae8-5fe9-834c-d09e97c220b7', '44315cac-0a3d-513e-ae25-923183abdce2', '2025-06-30T20:42:49.340Z', '2025-06-30T23:12:49.340Z', 'Første gang jeg prøver dette!', 'completed', NULL, 'pi_ensure_reviews_a880eacd-2ef3-5f96-a387-1e4129739d58_0', 150, 2658, 'Futur molest fortunt et causam careriet.', '2020-07-19T19:10:10.000Z', DEFAULT, NULL), ('38ac3bca-a359-55b2-a590-2c3e8974e76b', DEFAULT, DEFAULT, '8bb5337a-4ae8-5fe9-834c-d09e97c220b7', '44315cac-0a3d-513e-ae25-923183abdce2', '2025-06-18T20:42:49.340Z', '2025-06-18T23:12:49.340Z', 'Trenger en oppfriskning!', 'completed', NULL, 'pi_ensure_reviews_a880eacd-2ef3-5f96-a387-1e4129739d58_1', 150, 2658, 'Liberitas plura vel dissentiunt officit, modo ere libere histores crudeli voluptas quod.', '2020-02-26T13:15:31.000Z', DEFAULT, NULL), ('4886593c-3dcc-5e25-851d-68921cb7fdc4', DEFAULT, DEFAULT, '5fef9e7c-116a-5504-a6ae-d16f4442d448', '44315cac-0a3d-513e-ae25-923183abdce2', '2025-06-19T20:42:49.340Z', '2025-06-19T23:12:49.340Z', 'Anbefalt av en venninne!', 'completed', NULL, 'pi_ensure_reviews_a880eacd-2ef3-5f96-a387-1e4129739d58_2', 150, 2658, 'Desidita autem aequum sed delecorum es non es.', '2020-10-02T10:07:24.000Z', DEFAULT, NULL), ('d7cdbfde-1ec1-58fd-8925-c5e65184bee3', DEFAULT, DEFAULT, '5ca75a8e-3605-5166-aa74-4e2e2fc0beef', '815c84a1-9088-5e6f-b1ab-0853285c0e5d', '2025-06-20T20:42:49.340Z', '2025-06-20T21:42:49.340Z', 'Trenger en oppfriskning!', 'completed', NULL, 'pi_ensure_reviews_cc8895a3-c3b1-570a-9715-0e5f7037db58_0', 60, 1586, 'Idinquit eidoli aperaliq modo nec meliustitud, ernumerier contempernar prospercur o labor are torumque linat.', '2020-11-23T10:38:55.000Z', DEFAULT, NULL), ('671c52b5-fac6-5050-9fb6-7e0f85b67fe9', DEFAULT, DEFAULT, '8bb5337a-4ae8-5fe9-834c-d09e97c220b7', '815c84a1-9088-5e6f-b1ab-0853285c0e5d', '2025-07-18T20:42:49.340Z', '2025-07-18T21:42:49.340Z', 'Første gang jeg prøver dette!', 'completed', NULL, 'pi_ensure_reviews_cc8895a3-c3b1-570a-9715-0e5f7037db58_1', 60, 1586, 'Quam possit ferre ex quae ullam iudicur in.', '2020-11-03T23:01:11.000Z', DEFAULT, NULL), ('5e0c9dda-4472-5d85-ab0b-f4b21b1629ce', DEFAULT, DEFAULT, '5fef9e7c-116a-5504-a6ae-d16f4442d448', '815c84a1-9088-5e6f-b1ab-0853285c0e5d', '2025-07-29T20:42:49.340Z', '2025-07-29T21:42:49.340Z', 'Trenger en oppfriskning!', 'completed', NULL, 'pi_ensure_reviews_cc8895a3-c3b1-570a-9715-0e5f7037db58_2', 60, 1586, 'Non salut audiri hunc modiscunt quidem.', '2020-11-23T22:40:26.000Z', DEFAULT, NULL), ('268eeb82-5479-5ab4-86e5-db5fc182d265', DEFAULT, DEFAULT, '5f2c632c-1003-5d3e-94f5-6085899aa359', '815c84a1-9088-5e6f-b1ab-0853285c0e5d', '2025-07-13T20:42:49.340Z', '2025-07-13T21:27:49.340Z', 'Første gang jeg prøver dette!', 'completed', NULL, 'pi_ensure_reviews_bfada96a-f22b-520d-a8a5-2a69720d77cb_0', 45, 2892, 'At quam invitae negens necesse arbitrantur tam, status patrioque se possim non et efacut recoria.', '2020-06-18T17:25:48.000Z', DEFAULT, NULL), ('8ea25957-2a1b-54e9-8a40-494f66ba2093', DEFAULT, DEFAULT, '5f2c632c-1003-5d3e-94f5-6085899aa359', '815c84a1-9088-5e6f-b1ab-0853285c0e5d', '2025-07-14T20:42:49.340Z', '2025-07-14T21:27:49.340Z', 'Første gang jeg prøver dette!', 'completed', NULL, 'pi_ensure_reviews_bfada96a-f22b-520d-a8a5-2a69720d77cb_1', 45, 2892, 'Nis pacem plurim videt collegit, modo sua esse debem proptereantur nullo allicebam.', '2020-07-27T18:44:19.000Z', DEFAULT, NULL), ('be0fe5d2-22eb-5d85-9963-b0cb3d98b3a2', DEFAULT, DEFAULT, '44315cac-0a3d-513e-ae25-923183abdce2', '815c84a1-9088-5e6f-b1ab-0853285c0e5d', '2025-07-09T20:42:49.340Z', '2025-07-09T21:27:49.340Z', 'Første gang jeg prøver dette!', 'completed', NULL, 'pi_ensure_reviews_bfada96a-f22b-520d-a8a5-2a69720d77cb_2', 45, 2892, 'Satis constituentiam grate sensibus qui, videat iudicos evola sed quam se.', '2020-01-01T00:28:47.000Z', DEFAULT, NULL), ('9036874d-3e4a-5f3f-8567-eb23942b502a', DEFAULT, DEFAULT, '71c8f57c-aae5-5ac8-8fc0-a1ff399b17b8', 'f14ee7a7-b3f9-561d-8cf7-983293f0008f', '2025-06-14T20:42:49.340Z', '2025-06-14T21:42:49.340Z', 'Hørt mye bra om deg!', 'completed', NULL, 'pi_ensure_reviews_b7cfbb6f-5f3b-51a2-8f67-556f8e8bb547_0', 60, 2571, 'Sapientiamus animo eo torquentur qui indus quorum nihilla, non propter qui rutil tota bonum sed mucius.', '2020-10-22T09:52:07.000Z', DEFAULT, NULL), ('985b7ce9-d3ec-5495-98d7-2d95d527e9a2', DEFAULT, DEFAULT, '5fef9e7c-116a-5504-a6ae-d16f4442d448', 'f14ee7a7-b3f9-561d-8cf7-983293f0008f', '2025-06-07T20:42:49.340Z', '2025-06-07T21:42:49.340Z', 'Hørt mye bra om deg!', 'completed', NULL, 'pi_ensure_reviews_b7cfbb6f-5f3b-51a2-8f67-556f8e8bb547_1', 60, 2571, 'Etiam acut est et quo am, liberante tum quod duxitiae vidiae sed ut.', '2020-12-13T00:03:17.000Z', DEFAULT, NULL), ('1f95150b-8c10-5071-a75b-95843ec1fec0', DEFAULT, DEFAULT, 'e4153ca5-d012-5995-bad4-086731587974', 'f14ee7a7-b3f9-561d-8cf7-983293f0008f', '2025-05-21T20:42:49.340Z', '2025-05-21T21:42:49.340Z', 'Trenger en oppfriskning!', 'completed', NULL, 'pi_ensure_reviews_b7cfbb6f-5f3b-51a2-8f67-556f8e8bb547_2', 60, 2571, 'Fallara significar iudicium numquam nihilludus, a escenses splendorum actet futurnumquam et equos quaerentibi.', '2020-04-04T04:06:13.000Z', DEFAULT, NULL), ('4310a90b-b230-575f-8ae3-f5f0ee53ef61', DEFAULT, DEFAULT, '5ca75a8e-3605-5166-aa74-4e2e2fc0beef', '8bb5337a-4ae8-5fe9-834c-d09e97c220b7', '2025-06-21T20:42:49.340Z', '2025-06-21T22:27:49.340Z', 'Første gang jeg prøver dette!', 'completed', NULL, 'pi_ensure_reviews_ecbea8f6-b213-57b5-811c-b7261694ffa4_0', 105, 1157, 'Familla ime motum nostram hoc quae ferri.', '2020-07-03T18:42:51.000Z', DEFAULT, NULL), ('95e1a472-70f5-566e-9a37-565b89047231', DEFAULT, DEFAULT, 'bc6c992f-6177-5b38-a99d-4c1f8bf2d0e3', '8bb5337a-4ae8-5fe9-834c-d09e97c220b7', '2025-08-13T20:42:49.340Z', '2025-08-13T22:27:49.340Z', 'Første gang jeg prøver dette!', 'completed', NULL, 'pi_ensure_reviews_ecbea8f6-b213-57b5-811c-b7261694ffa4_1', 105, 1157, 'Sin de magnitudin voluptas es maluisse sunt.', '2020-01-25T00:39:27.000Z', DEFAULT, NULL), ('8ffd0322-9772-54d9-9e42-a2de4fb73e47', DEFAULT, DEFAULT, '461f046b-b8af-5c8e-95dd-0f9194531ecb', '8bb5337a-4ae8-5fe9-834c-d09e97c220b7', '2025-05-27T20:42:49.340Z', '2025-05-27T22:27:49.340Z', 'Første gang jeg prøver dette!', 'completed', NULL, 'pi_ensure_reviews_ecbea8f6-b213-57b5-811c-b7261694ffa4_2', 105, 1157, 'Ad tum effectus propter malis et.', '2020-07-03T18:52:11.000Z', DEFAULT, NULL), ('7f54acc6-2b4b-599e-8726-dc583d90ae46', DEFAULT, DEFAULT, '71c8f57c-aae5-5ac8-8fc0-a1ff399b17b8', '5ac46069-d153-5b50-a0be-8a017d379243', '2025-06-03T20:42:49.340Z', '2025-06-03T21:42:49.340Z', 'Trenger en oppfriskning!', 'completed', NULL, 'pi_ensure_reviews_e120ba0e-3be9-5f1c-bd06-ba190e8d0b70_0', 60, 2825, 'Quo familitat re hominam e.', '2020-02-14T01:10:12.000Z', DEFAULT, NULL), ('33ffa9c3-ca36-5b78-b12d-214fe1a8dad7', DEFAULT, DEFAULT, 'e4153ca5-d012-5995-bad4-086731587974', '5ac46069-d153-5b50-a0be-8a017d379243', '2025-07-05T20:42:49.340Z', '2025-07-05T21:42:49.340Z', 'Anbefalt av en venninne!', 'completed', NULL, 'pi_ensure_reviews_e120ba0e-3be9-5f1c-bd06-ba190e8d0b70_1', 60, 2825, 'Placet inem quidem voluptas labita nec imamicis expetator, is possit praetullius iderition multa philosophia se quam.', '2020-07-03T18:22:07.000Z', DEFAULT, NULL), ('1bfc2178-cff2-5745-ad80-b4fe1ce50c45', DEFAULT, DEFAULT, 'b36ab93a-34cf-5d2f-8309-1f65466da6f0', '5ac46069-d153-5b50-a0be-8a017d379243', '2025-05-30T20:42:49.340Z', '2025-05-30T21:42:49.340Z', 'Trenger en oppfriskning!', 'completed', NULL, 'pi_ensure_reviews_e120ba0e-3be9-5f1c-bd06-ba190e8d0b70_2', 60, 2825, 'Omnium praeclaranes principaver haec missummum et hanc.', '2020-03-03T02:18:28.000Z', DEFAULT, NULL), ('7f5c2f52-a4a6-57bf-81b1-39489da80ff7', DEFAULT, DEFAULT, '5f2c632c-1003-5d3e-94f5-6085899aa359', '71c8f57c-aae5-5ac8-8fc0-a1ff399b17b8', '2025-07-06T20:42:49.340Z', '2025-07-06T23:12:49.340Z', 'Anbefalt av en venninne!', 'completed', NULL, 'pi_ensure_reviews_01386236-4a58-58c4-bc9b-b62296d5b0c8_0', 150, 1263, 'Beatam de amur sensibus eorum endiscorpor en graecis.', '2020-01-01T12:48:42.000Z', DEFAULT, NULL), ('6b65a798-70f0-57e7-aaaa-82272d343b62', DEFAULT, DEFAULT, '815c84a1-9088-5e6f-b1ab-0853285c0e5d', '71c8f57c-aae5-5ac8-8fc0-a1ff399b17b8', '2025-08-02T20:42:49.340Z', '2025-08-02T23:12:49.340Z', 'Gleder meg til denne tjenesten!', 'completed', NULL, 'pi_ensure_reviews_01386236-4a58-58c4-bc9b-b62296d5b0c8_1', 150, 1263, 'Nobisse quo nostra assumma quo videant summum, adminus ad cognitione etura in.', '2020-09-13T08:30:35.000Z', DEFAULT, NULL), ('a37a9a99-a3cf-5044-97af-487eac94f3e3', DEFAULT, DEFAULT, 'bc6c992f-6177-5b38-a99d-4c1f8bf2d0e3', '71c8f57c-aae5-5ac8-8fc0-a1ff399b17b8', '2025-08-07T20:42:49.340Z', '2025-08-07T23:12:49.340Z', 'Anbefalt av en venninne!', 'completed', NULL, 'pi_ensure_reviews_01386236-4a58-58c4-bc9b-b62296d5b0c8_2', 150, 1263, 'Verum puerilem alia aut hanc.', '2020-01-13T12:59:10.000Z', DEFAULT, NULL), ('045d156f-4834-56dd-8547-62080662d37e', DEFAULT, DEFAULT, '8bb5337a-4ae8-5fe9-834c-d09e97c220b7', '5fef9e7c-116a-5504-a6ae-d16f4442d448', '2025-07-24T20:42:49.340Z', '2025-07-24T23:12:49.340Z', 'Trenger en oppfriskning!', 'completed', NULL, 'pi_ensure_reviews_588ce9a6-824d-5ecc-ac30-0e0629217186_0', 150, 2098, 'Maior quem medium magnumquam os dubit bono.', '2020-04-24T15:38:42.000Z', DEFAULT, NULL), ('fb55fc65-6578-5578-991f-494da8d34db0', DEFAULT, DEFAULT, '5ac46069-d153-5b50-a0be-8a017d379243', '5fef9e7c-116a-5504-a6ae-d16f4442d448', '2025-07-01T20:42:49.340Z', '2025-07-01T23:12:49.340Z', 'Trenger en oppfriskning!', 'completed', NULL, 'pi_ensure_reviews_588ce9a6-824d-5ecc-ac30-0e0629217186_1', 150, 2098, 'Multo tum artes a quo quidam es.', '2020-07-07T19:06:07.000Z', DEFAULT, NULL), ('ca7cbbfb-56e5-5e88-9e5a-3dd56ea6e170', DEFAULT, DEFAULT, '12b3f6e4-8e09-5767-b1ce-9d45589acea2', '5fef9e7c-116a-5504-a6ae-d16f4442d448', '2025-06-24T20:42:49.340Z', '2025-06-24T23:12:49.340Z', 'Hørt mye bra om deg!', 'completed', NULL, 'pi_ensure_reviews_588ce9a6-824d-5ecc-ac30-0e0629217186_2', 150, 2098, 'Sunt latinanes tota ant fugientia, philosoper ut quasi mortali et.', '2020-12-24T11:51:35.000Z', DEFAULT, NULL), ('8d5d5e2c-a9f4-5251-8dbd-ec81770fc3a2', DEFAULT, DEFAULT, '5fef9e7c-116a-5504-a6ae-d16f4442d448', '71c8f57c-aae5-5ac8-8fc0-a1ff399b17b8', '2025-06-15T20:42:49.340Z', '2025-06-15T21:42:49.340Z', 'Første gang jeg prøver dette!', 'completed', NULL, 'pi_ensure_reviews_0416504c-bc7d-5f0c-ac2f-94736d68799c_0', 60, 2057, 'Ata bonum suscipavis dicatio habetiam, recte in esse int laetiti extremum animi ferebiti.', '2020-05-05T16:21:40.000Z', DEFAULT, NULL), ('f07d0a38-b3b8-5f88-b80b-972fd5ee4763', DEFAULT, DEFAULT, 'bc6c992f-6177-5b38-a99d-4c1f8bf2d0e3', '71c8f57c-aae5-5ac8-8fc0-a1ff399b17b8', '2025-06-03T20:42:49.340Z', '2025-06-03T21:42:49.340Z', 'Trenger en oppfriskning!', 'completed', NULL, 'pi_ensure_reviews_0416504c-bc7d-5f0c-ac2f-94736d68799c_1', 60, 2057, 'Est pleniora siliis desperpeten habuit si uta, reprehent dolorum natur efacri est sequatur afferre.', '2020-07-11T06:17:29.000Z', DEFAULT, NULL), ('670c5a82-2575-5bbb-bae0-7a4cb31765f7', DEFAULT, DEFAULT, '815c84a1-9088-5e6f-b1ab-0853285c0e5d', '71c8f57c-aae5-5ac8-8fc0-a1ff399b17b8', '2025-06-05T20:42:49.340Z', '2025-06-05T21:42:49.340Z', 'Anbefalt av en venninne!', 'completed', NULL, 'pi_ensure_reviews_0416504c-bc7d-5f0c-ac2f-94736d68799c_2', 60, 2057, 'Stoicosamic quae voluptatib detere qui libris putet, mihi are e de nati dente.', '2020-08-24T19:25:06.000Z', DEFAULT, NULL), ('196de7b8-6b30-5b8e-b6ae-610220a6a7e5', DEFAULT, DEFAULT, 'f14ee7a7-b3f9-561d-8cf7-983293f0008f', '5fef9e7c-116a-5504-a6ae-d16f4442d448', '2025-06-08T20:42:49.340Z', '2025-06-08T21:42:49.340Z', 'Gleder meg til denne tjenesten!', 'completed', NULL, 'pi_ensure_reviews_b341b4e7-48c7-52a0-b31a-cfc76698083a_0', 60, 2711, 'Esse esque quis pacuvii cum quidem quae, omoriant ab cognitioque ceri dixeret te consequatur si.', '2020-07-03T06:23:52.000Z', DEFAULT, NULL), ('7a127187-e6ea-5b7c-9a39-9a5693629451', DEFAULT, DEFAULT, 'bc6c992f-6177-5b38-a99d-4c1f8bf2d0e3', '5fef9e7c-116a-5504-a6ae-d16f4442d448', '2025-05-21T20:42:49.340Z', '2025-05-21T21:42:49.340Z', 'Hørt mye bra om deg!', 'completed', NULL, 'pi_ensure_reviews_b341b4e7-48c7-52a0-b31a-cfc76698083a_1', 60, 2711, 'Saepe potiora et benivolum quid idemur satis, vult refere iucuntur seritatus videtria et.', '2020-12-08T23:46:19.000Z', DEFAULT, NULL), ('451deed9-9699-5bf0-9606-d1dcd7e2f17a', DEFAULT, DEFAULT, '5f2c632c-1003-5d3e-94f5-6085899aa359', '5fef9e7c-116a-5504-a6ae-d16f4442d448', '2025-07-14T20:42:49.340Z', '2025-07-14T21:42:49.340Z', 'Trenger en oppfriskning!', 'completed', NULL, 'pi_ensure_reviews_b341b4e7-48c7-52a0-b31a-cfc76698083a_2', 60, 2711, 'Hic adhibenta ut parvam sin semellatin.', '2020-06-18T05:56:19.000Z', DEFAULT, NULL);
INSERT INTO public.booking_services (booking_id,service_id) VALUES ('f7f59e8d-50a5-5bac-9166-74fde365365e', '76182b33-2b88-55da-9317-c322cfc4cdb2'), ('20cc6523-2826-5a08-86f4-b908cd162229', '76182b33-2b88-55da-9317-c322cfc4cdb2'), ('fc029e26-18ee-5656-a49a-e1ac0f7a95a7', '76182b33-2b88-55da-9317-c322cfc4cdb2'), ('cbd8ff02-8d4f-51f8-91c7-78b9a57def03', 'f66c822d-c39b-5997-9fdd-1cc2906b1259'), ('4b8887f8-7f16-5cfb-a6e0-3b8df27efb93', 'f66c822d-c39b-5997-9fdd-1cc2906b1259'), ('832ed0c0-93df-5768-bb0f-9e52c787ad4c', 'f66c822d-c39b-5997-9fdd-1cc2906b1259'), ('94f81093-dd98-5a70-9230-ba01536ad6f1', '7c724ddb-a436-508b-954f-ea531f015c8e'), ('6a080678-117b-5ad0-9282-02b82dac9c28', '7c724ddb-a436-508b-954f-ea531f015c8e'), ('065bf126-facf-58cc-9162-4a6e152134fb', '7c724ddb-a436-508b-954f-ea531f015c8e'), ('0f9ae927-0606-55ac-a1ca-216698b00936', 'ee28eb0b-265a-5f31-962b-baeb03171f3b'), ('c5b90239-6e51-56d4-a465-b51ca62e8a3f', 'ee28eb0b-265a-5f31-962b-baeb03171f3b'), ('8814330b-5977-5915-87e3-b3adf4fb6f9e', 'ee28eb0b-265a-5f31-962b-baeb03171f3b'), ('deecccfd-34ec-5fb6-9dbf-3324a4506904', 'bdd1b363-ac2b-5678-88e3-3a63f4b658f4'), ('c77047c0-d8fe-5a33-b816-a1a9bc5d5596', 'bdd1b363-ac2b-5678-88e3-3a63f4b658f4'), ('754d0696-68c2-5b1a-b06e-cfac2685befd', 'e00070ec-a32f-50ad-9dca-90b08b918d33'), ('9da05787-17ce-5100-9e07-e56c1a66263d', 'e00070ec-a32f-50ad-9dca-90b08b918d33'), ('c18ecb52-170b-5af2-bc08-f5fdc573bce7', 'e00070ec-a32f-50ad-9dca-90b08b918d33'), ('d5208a7c-48d8-5ee4-99ba-f8c1d23afe4a', '14988abd-97c9-5f3a-be9a-59d5637d4463'), ('0191ca21-3fa2-56db-bd1c-1ac5e972d9c1', '14988abd-97c9-5f3a-be9a-59d5637d4463'), ('fca548b5-9611-5729-8e0e-acc9dd5f0ed8', '8379c4b0-1c06-5d40-b0fc-56513422c1d8'), ('0c70d227-aedd-5295-9d58-7529f3ebf944', '8379c4b0-1c06-5d40-b0fc-56513422c1d8'), ('a9e80b50-afe2-53f3-89bf-d7a17b2e55fe', '8379c4b0-1c06-5d40-b0fc-56513422c1d8'), ('ad771cce-a6d3-52fd-bdbc-8b32bb4e7bfa', 'f67b1d42-e134-5c10-baf6-9357f4083f61'), ('2ce94800-3737-5f2f-93b3-360eb00ac821', 'f67b1d42-e134-5c10-baf6-9357f4083f61'), ('83a31706-f5d9-5713-ba64-a2e6ce47b267', 'f67b1d42-e134-5c10-baf6-9357f4083f61'), ('1d56ed51-0070-57fd-a3c9-68b435d8e902', '1c3cb731-ed59-5c03-891d-dd445c49271e'), ('92995cb3-1be4-57d8-bd8f-f34433b0cc87', '1c3cb731-ed59-5c03-891d-dd445c49271e'), ('eed9cca5-bd72-5a8e-be84-ea068debfae3', '1c3cb731-ed59-5c03-891d-dd445c49271e'), ('d78735c4-c5a9-5b7d-b842-9e0dbcbacdba', 'a84c07d7-9cad-533f-b8cf-1e50727560c4'), ('916fa7ed-652a-5b1d-b6a6-821bdb63d654', 'a84c07d7-9cad-533f-b8cf-1e50727560c4'), ('0153b8c4-6d66-5ccb-bcff-c0be0db1946e', 'a84c07d7-9cad-533f-b8cf-1e50727560c4'), ('3de7397c-06a9-5f73-bfd5-50e264943ecf', 'f105e82d-4f15-5b10-b687-21bb390972df'), ('e805b0cc-6e2c-594e-a98a-9e2fea6f1257', 'f105e82d-4f15-5b10-b687-21bb390972df'), ('f4e8d4ba-0a3a-503c-96ab-96c1314d8518', 'f105e82d-4f15-5b10-b687-21bb390972df'), ('f9184bcc-80ee-56a0-b9a1-b8dd4bce65d3', 'd7664d95-3caa-5e9b-ac21-e5f97a492422'), ('6a31a08e-d677-5874-9b01-9c97cc389256', 'a1a04c06-3a8f-58fb-a6ac-fd4aa9f23a92'), ('c7267ad0-11d8-5a56-9f5f-8e04661634e1', 'a1a04c06-3a8f-58fb-a6ac-fd4aa9f23a92'), ('bcd5ab7c-2264-5a8a-9262-81a4ab558a8a', 'a1a04c06-3a8f-58fb-a6ac-fd4aa9f23a92'), ('e185fe90-f6d1-50e6-85c5-b3d62e664f51', 'e0c122d0-a1c6-57e5-8e5a-a275d77d69a9'), ('9ca6a3da-e8d3-5a6f-880c-d09b77a8ec20', 'e0c122d0-a1c6-57e5-8e5a-a275d77d69a9'), ('b3c5c797-7b27-5ef7-9996-ff9e9e1797ee', 'e0c122d0-a1c6-57e5-8e5a-a275d77d69a9'), ('2a25d426-320b-5baf-8349-c72f27df402e', '87cfc1e8-8252-5821-8c8f-8b6a31cb5156'), ('8c62efa2-695a-5b16-94b8-dad312d8c9c8', 'b0111ba7-5a98-5907-ba27-3f45196d3977'), ('7d7ba756-c614-52cf-925e-f70d46ef9956', 'b0111ba7-5a98-5907-ba27-3f45196d3977'), ('e621bffd-4710-5736-a47b-0070b1281778', '2a66a173-5e57-53c4-a2e0-3d491704e63c'), ('1e03c0a8-6c3c-5278-a33f-e02df619b521', '2a66a173-5e57-53c4-a2e0-3d491704e63c'), ('f02e243c-3c4b-5caf-a3df-addfefbce6c8', '2a66a173-5e57-53c4-a2e0-3d491704e63c'), ('f0f93274-5c9e-583c-b072-eb3103cebe6d', '17174d2b-fa53-516c-9c8f-328d1c1d0a8c'), ('07810b60-d912-53d9-a3ed-516c51ec4df0', '17174d2b-fa53-516c-9c8f-328d1c1d0a8c'), ('653c4db2-4388-5de3-80c7-497beb1577c9', '17174d2b-fa53-516c-9c8f-328d1c1d0a8c'), ('593d6500-ae76-53e7-b042-ec686175cd4c', '753f481f-9fee-53c1-bef0-6fc0bcf78933'), ('b5379428-29ee-5389-8bf4-85a5e516386f', '753f481f-9fee-53c1-bef0-6fc0bcf78933'), ('e93fe92b-99d3-5f88-9b3e-a3078c6677bc', '753f481f-9fee-53c1-bef0-6fc0bcf78933'), ('c3d2790b-8e51-5dfc-9436-7c2e6453e83b', '6988ab5f-f1cf-533e-9e10-6250fa03d64e'), ('7bf0957a-de39-5082-9120-a7eb95bc41cd', '6988ab5f-f1cf-533e-9e10-6250fa03d64e'), ('6b3261f3-3aec-5431-af81-3049e91c8732', '6988ab5f-f1cf-533e-9e10-6250fa03d64e'), ('f1b75e9f-d4cc-51e6-bd2f-b5dd2821dafb', '5e167626-1d66-5123-9111-b3d1d294a57b'), ('3194d9e8-65a0-59fb-9646-7b8054a2c718', '5e167626-1d66-5123-9111-b3d1d294a57b'), ('d6cfae51-b0a6-56f2-a66d-8d62e39ab534', '5e167626-1d66-5123-9111-b3d1d294a57b'), ('dafd8f5a-c818-5f9f-808a-d849eb2d9250', '85540e24-0e5a-5ffc-97e6-90b2875c357c'), ('d1ed2573-22be-50f1-8873-043ff68ecb22', '85540e24-0e5a-5ffc-97e6-90b2875c357c'), ('3f4a098a-b9bc-5f94-b567-67f59fb8415e', '85540e24-0e5a-5ffc-97e6-90b2875c357c'), ('fe3eb8dd-080c-54ea-869a-763dec93bdab', '2a882c6e-7824-5518-b251-1cc3d7bf2bcd'), ('223410ff-951c-592e-800c-8467d53ec144', '2a882c6e-7824-5518-b251-1cc3d7bf2bcd'), ('830e8359-c065-55f7-bbb0-45f7a648d9a5', '2a882c6e-7824-5518-b251-1cc3d7bf2bcd'), ('b3e59829-b585-5650-8f6f-12125ac2f30d', 'e7cf44d6-9f4a-5776-853b-a7a4072a5d45'), ('80732cda-ab31-5983-a490-f8e0631c4842', 'e7cf44d6-9f4a-5776-853b-a7a4072a5d45'), ('54304e32-9704-50c1-9c37-82bd24e2e2ea', 'b7d36b38-fe23-5e84-a721-275f656c2211'), ('c53f1961-c738-5eac-9cf5-9d4670cd9dc3', 'b7d36b38-fe23-5e84-a721-275f656c2211'), ('456c8596-5f1c-5f3e-8979-8a39c70ce4b5', 'b7d36b38-fe23-5e84-a721-275f656c2211'), ('a02defe4-bfc6-5e87-9442-795c77edab0d', 'e2a5feea-e90d-5eb7-9c72-fef6ba325faf'), ('82cd0871-cfc7-5a49-bfed-ec0d3030359c', 'e2a5feea-e90d-5eb7-9c72-fef6ba325faf'), ('2390fb56-e22a-56ca-8c95-41be66ea56f5', 'e2a5feea-e90d-5eb7-9c72-fef6ba325faf'), ('24c9fb52-6ea2-5c2d-87f3-eb9a5682de0b', 'aa0cf64c-2fee-545b-8b01-85b1642cc444'), ('400df31f-266b-5d87-9570-d8018c87191d', 'aa0cf64c-2fee-545b-8b01-85b1642cc444'), ('78c7ec59-33a6-5c0c-9ae4-ef4ffda556ac', 'aa0cf64c-2fee-545b-8b01-85b1642cc444'), ('fb319855-99c2-5e63-9a1c-69d834671969', 'e45210c4-5037-5acd-828e-6a2c7da9a3db'), ('559ef705-7160-5a29-9d51-dda8ec3927f9', 'e45210c4-5037-5acd-828e-6a2c7da9a3db'), ('ac09baed-daac-5409-94b0-113118763fe6', '6a4cd26c-3e74-5e66-8c9d-0a43c0d89298'), ('502d334e-9705-5c6b-8bd9-522ad182b8e3', '6a4cd26c-3e74-5e66-8c9d-0a43c0d89298'), ('eb4d3a88-2925-5383-aa1d-7ea00f2ef135', '6a4cd26c-3e74-5e66-8c9d-0a43c0d89298'), ('6015551e-7f95-514c-a47c-8fb5d94476ac', '624647d9-add1-5d7f-8000-30a3a9f0fb30'), ('c6e583ab-0494-5711-a18e-4b80438e96df', '624647d9-add1-5d7f-8000-30a3a9f0fb30'), ('a7467a3f-6049-57f0-a2e2-7c3025393f32', 'afd953ad-7147-5563-9533-021001caf7a2'), ('182befa8-1653-550c-9c63-6a66b75b408b', 'afd953ad-7147-5563-9533-021001caf7a2'), ('d82cb8b6-fe7c-5c3b-a31b-fb4a2ca0c19e', 'afd953ad-7147-5563-9533-021001caf7a2'), ('32be9a54-ed8a-5d8a-a3e8-179009027ba6', '14178b43-5f90-51e4-b62a-dd642da598f8'), ('e671edcd-2f49-576b-885e-a1232c2acb1d', '14178b43-5f90-51e4-b62a-dd642da598f8'), ('628246ee-c060-50d4-8d31-61ef547f175b', '14178b43-5f90-51e4-b62a-dd642da598f8'), ('61b8394e-e691-594e-a97f-43dea6f5ac9b', '1d2359fd-6f1f-5243-864d-5695b37743eb'), ('aea34256-92ac-592b-9228-2eb1ac6ab439', '1d2359fd-6f1f-5243-864d-5695b37743eb'), ('dad8ca31-283f-530b-9637-3f31fd2bfdf5', '1d2359fd-6f1f-5243-864d-5695b37743eb'), ('0aa14575-8b1a-581d-b9ff-bc7cc3f73d5e', '2a5d49d3-142c-57e5-9270-678f4722bb75'), ('3ab59b88-c838-50b3-b970-49b3a79c1bae', '2a5d49d3-142c-57e5-9270-678f4722bb75'), ('5afc0b02-9153-5e01-957b-193699f5b01a', '2a5d49d3-142c-57e5-9270-678f4722bb75'), ('8c07d701-f0d1-53e2-b376-666f992fb57d', 'b50cd102-29cf-5eae-88fc-400d1de89af3'), ('2291dc45-a621-54c9-8805-290086ee6476', 'b50cd102-29cf-5eae-88fc-400d1de89af3'), ('77275129-3fbe-5360-a268-318d24a33428', 'b50cd102-29cf-5eae-88fc-400d1de89af3'), ('1e3eb039-3d33-5347-bfa1-6c37add72a03', 'dc966564-92f1-506b-ba19-7d7bb1f740ab'), ('7cb508f8-f368-5775-817a-60a0a42a1c50', 'dc966564-92f1-506b-ba19-7d7bb1f740ab'), ('a2e15df7-8aff-565d-a508-124d188aceb2', 'dc966564-92f1-506b-ba19-7d7bb1f740ab'), ('49a2eba3-d676-54fa-ab8d-59b3c5219d5f', '22bf4307-d5a9-538a-bcf4-909f5a7e33dc'), ('629da396-5642-5df3-a54b-a6ab06f64d24', '22bf4307-d5a9-538a-bcf4-909f5a7e33dc'), ('cfbf456c-fffa-5d83-9d7b-02b663365d0d', '22bf4307-d5a9-538a-bcf4-909f5a7e33dc'), ('5d480a3d-bafa-5f11-aa7a-c44516797b05', 'cce76ede-998c-52d2-903b-cbf19c7747a8'), ('ae1e162f-83ec-5de2-83c5-26cd0c727790', 'cce76ede-998c-52d2-903b-cbf19c7747a8'), ('167bb8c1-0239-5bc2-ab68-47a099019ef9', 'a880eacd-2ef3-5f96-a387-1e4129739d58'), ('38ac3bca-a359-55b2-a590-2c3e8974e76b', 'a880eacd-2ef3-5f96-a387-1e4129739d58'), ('4886593c-3dcc-5e25-851d-68921cb7fdc4', 'a880eacd-2ef3-5f96-a387-1e4129739d58'), ('d7cdbfde-1ec1-58fd-8925-c5e65184bee3', 'cc8895a3-c3b1-570a-9715-0e5f7037db58'), ('671c52b5-fac6-5050-9fb6-7e0f85b67fe9', 'cc8895a3-c3b1-570a-9715-0e5f7037db58'), ('5e0c9dda-4472-5d85-ab0b-f4b21b1629ce', 'cc8895a3-c3b1-570a-9715-0e5f7037db58'), ('268eeb82-5479-5ab4-86e5-db5fc182d265', 'bfada96a-f22b-520d-a8a5-2a69720d77cb'), ('8ea25957-2a1b-54e9-8a40-494f66ba2093', 'bfada96a-f22b-520d-a8a5-2a69720d77cb'), ('be0fe5d2-22eb-5d85-9963-b0cb3d98b3a2', 'bfada96a-f22b-520d-a8a5-2a69720d77cb'), ('9036874d-3e4a-5f3f-8567-eb23942b502a', 'b7cfbb6f-5f3b-51a2-8f67-556f8e8bb547'), ('985b7ce9-d3ec-5495-98d7-2d95d527e9a2', 'b7cfbb6f-5f3b-51a2-8f67-556f8e8bb547'), ('1f95150b-8c10-5071-a75b-95843ec1fec0', 'b7cfbb6f-5f3b-51a2-8f67-556f8e8bb547'), ('4310a90b-b230-575f-8ae3-f5f0ee53ef61', 'ecbea8f6-b213-57b5-811c-b7261694ffa4'), ('95e1a472-70f5-566e-9a37-565b89047231', 'ecbea8f6-b213-57b5-811c-b7261694ffa4'), ('8ffd0322-9772-54d9-9e42-a2de4fb73e47', 'ecbea8f6-b213-57b5-811c-b7261694ffa4'), ('7f54acc6-2b4b-599e-8726-dc583d90ae46', 'e120ba0e-3be9-5f1c-bd06-ba190e8d0b70'), ('33ffa9c3-ca36-5b78-b12d-214fe1a8dad7', 'e120ba0e-3be9-5f1c-bd06-ba190e8d0b70'), ('1bfc2178-cff2-5745-ad80-b4fe1ce50c45', 'e120ba0e-3be9-5f1c-bd06-ba190e8d0b70'), ('7f5c2f52-a4a6-57bf-81b1-39489da80ff7', '01386236-4a58-58c4-bc9b-b62296d5b0c8'), ('6b65a798-70f0-57e7-aaaa-82272d343b62', '01386236-4a58-58c4-bc9b-b62296d5b0c8'), ('a37a9a99-a3cf-5044-97af-487eac94f3e3', '01386236-4a58-58c4-bc9b-b62296d5b0c8'), ('045d156f-4834-56dd-8547-62080662d37e', '588ce9a6-824d-5ecc-ac30-0e0629217186'), ('fb55fc65-6578-5578-991f-494da8d34db0', '588ce9a6-824d-5ecc-ac30-0e0629217186'), ('ca7cbbfb-56e5-5e88-9e5a-3dd56ea6e170', '588ce9a6-824d-5ecc-ac30-0e0629217186'), ('8d5d5e2c-a9f4-5251-8dbd-ec81770fc3a2', '0416504c-bc7d-5f0c-ac2f-94736d68799c'), ('f07d0a38-b3b8-5f88-b80b-972fd5ee4763', '0416504c-bc7d-5f0c-ac2f-94736d68799c'), ('670c5a82-2575-5bbb-bae0-7a4cb31765f7', '0416504c-bc7d-5f0c-ac2f-94736d68799c'), ('196de7b8-6b30-5b8e-b6ae-610220a6a7e5', 'b341b4e7-48c7-52a0-b31a-cfc76698083a'), ('7a127187-e6ea-5b7c-9a39-9a5693629451', 'b341b4e7-48c7-52a0-b31a-cfc76698083a'), ('451deed9-9699-5bf0-9606-d1dcd7e2f17a', 'b341b4e7-48c7-52a0-b31a-cfc76698083a');
INSERT INTO public.reviews (id,created_at,booking_id,customer_id,stylist_id,rating,comment) VALUES ('bb068051-5504-5076-b1af-e5a852b724c5', DEFAULT, 'f7f59e8d-50a5-5bac-9166-74fde365365e', 'b36ab93a-34cf-5d2f-8309-1f65466da6f0', '71c8f57c-aae5-5ac8-8fc0-a1ff399b17b8', 5, 'Så bra service og kvalitet. Veldig imponert!'), ('a33800e7-9b37-5e06-a0df-2635ff0504e1', DEFAULT, '20cc6523-2826-5a08-86f4-b908cd162229', 'bc6c992f-6177-5b38-a99d-4c1f8bf2d0e3', '71c8f57c-aae5-5ac8-8fc0-a1ff399b17b8', 4, 'Perfect service from start to finish!'), ('6d8cc429-716d-54cc-8245-64722b2d7945', DEFAULT, 'fc029e26-18ee-5656-a49a-e1ac0f7a95a7', 'e4153ca5-d012-5995-bad4-086731587974', '71c8f57c-aae5-5ac8-8fc0-a1ff399b17b8', 5, 'Brilliant work! Could not ask for better service.'), ('afe27739-49e5-5f97-b071-c0972f9fbeef', DEFAULT, 'cbd8ff02-8d4f-51f8-91c7-78b9a57def03', '5fef9e7c-116a-5504-a6ae-d16f4442d448', 'f14ee7a7-b3f9-561d-8cf7-983293f0008f', 4, 'Profesjonell og hyggelig service. Anbefales på det sterkeste!'), ('6eec75fe-2825-5879-8b6e-eb352718ec1a', DEFAULT, '4b8887f8-7f16-5cfb-a6e0-3b8df27efb93', '5f2c632c-1003-5d3e-94f5-6085899aa359', 'f14ee7a7-b3f9-561d-8cf7-983293f0008f', 5, 'Fantastisk opplevelse! Akkurat det jeg trengte.'), ('19edad09-3869-5fa7-9a29-78969d2a5b8a', DEFAULT, '832ed0c0-93df-5768-bb0f-9e52c787ad4c', '461f046b-b8af-5c8e-95dd-0f9194531ecb', 'f14ee7a7-b3f9-561d-8cf7-983293f0008f', 4, 'Wonderful experience! Very skilled and caring.'), ('8408dbe9-e333-5779-a15c-9ab97c1b0644', DEFAULT, '94f81093-dd98-5a70-9230-ba01536ad6f1', '5ac46069-d153-5b50-a0be-8a017d379243', '5fef9e7c-116a-5504-a6ae-d16f4442d448', 4, 'Amazing results! Will definitely recommend to friends.'), ('9551e54f-481e-5d1d-962b-dad5dc069616', DEFAULT, '6a080678-117b-5ad0-9282-02b82dac9c28', 'bc6c992f-6177-5b38-a99d-4c1f8bf2d0e3', '5fef9e7c-116a-5504-a6ae-d16f4442d448', 3, 'Profesjonell og hyggelig service. Anbefales på det sterkeste!'), ('e8ef37b3-351c-5212-9c4c-fcef4023a79f', DEFAULT, '065bf126-facf-58cc-9162-4a6e152134fb', '71c8f57c-aae5-5ac8-8fc0-a1ff399b17b8', '5fef9e7c-116a-5504-a6ae-d16f4442d448', 5, 'Utrolig dyktig! Resultatet overgikk mine forventninger.'), ('c53a4bc7-963a-54e1-8d2a-27d193f7a5da', DEFAULT, '0f9ae927-0606-55ac-a1ca-216698b00936', '12b3f6e4-8e09-5767-b1ce-9d45589acea2', '5f2c632c-1003-5d3e-94f5-6085899aa359', 5, 'So happy with the outcome. Great attention to detail!'), ('8f273178-ccdc-5e34-aaf5-4cefddfc24e8', DEFAULT, 'c5b90239-6e51-56d4-a465-b51ca62e8a3f', '815c84a1-9088-5e6f-b1ab-0853285c0e5d', '5f2c632c-1003-5d3e-94f5-6085899aa359', 5, 'Brilliant work! Could not ask for better service.'), ('49ed2700-c9c6-5727-bc1d-dc099199f1a6', DEFAULT, '8814330b-5977-5915-87e3-b3adf4fb6f9e', '461f046b-b8af-5c8e-95dd-0f9194531ecb', '5f2c632c-1003-5d3e-94f5-6085899aa359', 4, 'Så fornøyd med resultatet. Kommer definitivt tilbake!'), ('c098e424-6f4b-5f86-8053-155cd0d73d8b', DEFAULT, 'deecccfd-34ec-5fb6-9dbf-3324a4506904', '8bb5337a-4ae8-5fe9-834c-d09e97c220b7', '5f2c632c-1003-5d3e-94f5-6085899aa359', 4, 'Kunne ikke vært mer fornøyd. Takk for en super opplevelse!'), ('9e6c605c-3805-5259-b249-25b3e5c52c31', DEFAULT, 'c77047c0-d8fe-5a33-b816-a1a9bc5d5596', '5fef9e7c-116a-5504-a6ae-d16f4442d448', '5f2c632c-1003-5d3e-94f5-6085899aa359', 4, 'Utrolig dyktig! Resultatet overgikk mine forventninger.'), ('6b45c1e0-6522-5e4e-9b01-1f0ecfb1d943', DEFAULT, '754d0696-68c2-5b1a-b06e-cfac2685befd', 'bc6c992f-6177-5b38-a99d-4c1f8bf2d0e3', '44315cac-0a3d-513e-ae25-923183abdce2', 3, 'Så bra service og kvalitet. Veldig imponert!'), ('7d6e5799-a7e2-5654-b6cc-83d396404429', DEFAULT, '9da05787-17ce-5100-9e07-e56c1a66263d', '8bb5337a-4ae8-5fe9-834c-d09e97c220b7', '44315cac-0a3d-513e-ae25-923183abdce2', 5, 'Wonderful experience! Very skilled and caring.'), ('1bcbd30b-c54e-5217-ac76-a7c037e268ee', DEFAULT, 'c18ecb52-170b-5af2-bc08-f5fdc573bce7', 'f14ee7a7-b3f9-561d-8cf7-983293f0008f', '44315cac-0a3d-513e-ae25-923183abdce2', 5, 'Kunne ikke vært mer fornøyd. Takk for en super opplevelse!'), ('3c9bb729-51a7-5734-b415-b5b14a7d3f3a', DEFAULT, 'd5208a7c-48d8-5ee4-99ba-f8c1d23afe4a', '44315cac-0a3d-513e-ae25-923183abdce2', '5fef9e7c-116a-5504-a6ae-d16f4442d448', 5, 'Brilliant work! Could not ask for better service.'), ('285f62c3-fd8d-5cf3-aa4a-9d33a06db928', DEFAULT, '0191ca21-3fa2-56db-bd1c-1ac5e972d9c1', '5ca75a8e-3605-5166-aa74-4e2e2fc0beef', '5fef9e7c-116a-5504-a6ae-d16f4442d448', 5, 'Perfect service from start to finish!'), ('3d1f6cd8-0516-5c9e-8f8a-1b719e1bb100', DEFAULT, 'fca548b5-9611-5729-8e0e-acc9dd5f0ed8', 'b36ab93a-34cf-5d2f-8309-1f65466da6f0', '44315cac-0a3d-513e-ae25-923183abdce2', 4, 'Utrolig dyktig! Resultatet overgikk mine forventninger.'), ('af592dbb-a233-532f-ad2e-27109568a082', DEFAULT, '0c70d227-aedd-5295-9d58-7529f3ebf944', 'f14ee7a7-b3f9-561d-8cf7-983293f0008f', '44315cac-0a3d-513e-ae25-923183abdce2', 5, 'Amazing results! Will definitely recommend to friends.'), ('d918425a-b8cb-5613-95a3-9ae2712c5226', DEFAULT, 'a9e80b50-afe2-53f3-89bf-d7a17b2e55fe', '8bb5337a-4ae8-5fe9-834c-d09e97c220b7', '44315cac-0a3d-513e-ae25-923183abdce2', 5, 'Brilliant work! Could not ask for better service.'), ('5ce95d69-7c39-5b8d-9dd6-87957b28cac3', DEFAULT, 'ad771cce-a6d3-52fd-bdbc-8b32bb4e7bfa', '5ca75a8e-3605-5166-aa74-4e2e2fc0beef', '71c8f57c-aae5-5ac8-8fc0-a1ff399b17b8', 3, 'Utrolig dyktig! Resultatet overgikk mine forventninger.'), ('87122989-9ae8-57ab-875a-379ddfe0e40c', DEFAULT, '2ce94800-3737-5f2f-93b3-360eb00ac821', 'f14ee7a7-b3f9-561d-8cf7-983293f0008f', '71c8f57c-aae5-5ac8-8fc0-a1ff399b17b8', 4, 'So happy with the outcome. Great attention to detail!'), ('702c24d9-ea63-5b6f-bccf-979572de64e8', DEFAULT, '83a31706-f5d9-5713-ba64-a2e6ce47b267', 'bc6c992f-6177-5b38-a99d-4c1f8bf2d0e3', '71c8f57c-aae5-5ac8-8fc0-a1ff399b17b8', 4, 'Fantastisk opplevelse! Akkurat det jeg trengte.'), ('b6a6c506-659f-507a-955e-02ec8cc77810', DEFAULT, '1d56ed51-0070-57fd-a3c9-68b435d8e902', '5ac46069-d153-5b50-a0be-8a017d379243', '44315cac-0a3d-513e-ae25-923183abdce2', 4, 'Amazing results! Will definitely recommend to friends.'), ('db1ff0f6-11ac-5375-863d-87b31c7f3bb6', DEFAULT, '92995cb3-1be4-57d8-bd8f-f34433b0cc87', '5f2c632c-1003-5d3e-94f5-6085899aa359', '44315cac-0a3d-513e-ae25-923183abdce2', 5, 'Perfect service from start to finish!'), ('e112265d-bd83-5e85-8717-1ffac49f80df', DEFAULT, 'eed9cca5-bd72-5a8e-be84-ea068debfae3', '5ac46069-d153-5b50-a0be-8a017d379243', '44315cac-0a3d-513e-ae25-923183abdce2', 3, 'Utrolig dyktig! Resultatet overgikk mine forventninger.'), ('1ffa7d99-2fb1-555e-93a7-89df4350fa28', DEFAULT, 'd78735c4-c5a9-5b7d-b842-9e0dbcbacdba', 'f14ee7a7-b3f9-561d-8cf7-983293f0008f', '8bb5337a-4ae8-5fe9-834c-d09e97c220b7', 5, 'Kunne ikke vært mer fornøyd. Takk for en super opplevelse!'), ('1a73eaad-454a-5b3f-8d34-074665b37557', DEFAULT, '916fa7ed-652a-5b1d-b6a6-821bdb63d654', '461f046b-b8af-5c8e-95dd-0f9194531ecb', '8bb5337a-4ae8-5fe9-834c-d09e97c220b7', 5, 'Så bra service og kvalitet. Veldig imponert!'), ('1c3c6e2b-5f41-57ed-b2a2-1bfa1857aae5', DEFAULT, '0153b8c4-6d66-5ccb-bcff-c0be0db1946e', '461f046b-b8af-5c8e-95dd-0f9194531ecb', '8bb5337a-4ae8-5fe9-834c-d09e97c220b7', 5, 'Wonderful experience! Very skilled and caring.'), ('4c18deb4-0745-5b6e-9062-455bba7bc253', DEFAULT, '3de7397c-06a9-5f73-bfd5-50e264943ecf', 'f14ee7a7-b3f9-561d-8cf7-983293f0008f', '815c84a1-9088-5e6f-b1ab-0853285c0e5d', 3, 'Perfect service from start to finish!'), ('294eba59-1473-5b32-a171-0af9da606a33', DEFAULT, 'e805b0cc-6e2c-594e-a98a-9e2fea6f1257', '5f2c632c-1003-5d3e-94f5-6085899aa359', '815c84a1-9088-5e6f-b1ab-0853285c0e5d', 4, 'Kunne ikke vært mer fornøyd. Takk for en super opplevelse!'), ('0b4eb2aa-7469-58a8-b8bf-97971eb2505e', DEFAULT, 'f4e8d4ba-0a3a-503c-96ab-96c1314d8518', 'f14ee7a7-b3f9-561d-8cf7-983293f0008f', '815c84a1-9088-5e6f-b1ab-0853285c0e5d', 4, 'Excellent work! Professional and friendly.'), ('a0a3e022-bb7e-50c3-8b0b-0fb8f40e0214', DEFAULT, 'f9184bcc-80ee-56a0-b9a1-b8dd4bce65d3', '5ac46069-d153-5b50-a0be-8a017d379243', 'b36ab93a-34cf-5d2f-8309-1f65466da6f0', 5, 'Kunne ikke vært mer fornøyd. Takk for en super opplevelse!'), ('de3ae970-3aec-5061-a142-5a67dfe8d627', DEFAULT, '6a31a08e-d677-5874-9b01-9c97cc389256', 'bc6c992f-6177-5b38-a99d-4c1f8bf2d0e3', '5fef9e7c-116a-5504-a6ae-d16f4442d448', 3, 'Fantastisk opplevelse! Akkurat det jeg trengte.'), ('371a2445-9da7-5a65-a576-19bab3ba12ab', DEFAULT, 'c7267ad0-11d8-5a56-9f5f-8e04661634e1', 'e4153ca5-d012-5995-bad4-086731587974', '5fef9e7c-116a-5504-a6ae-d16f4442d448', 5, 'Perfect service from start to finish!'), ('61b27e0c-25c5-5b33-845d-b66fb19f7368', DEFAULT, 'bcd5ab7c-2264-5a8a-9262-81a4ab558a8a', '815c84a1-9088-5e6f-b1ab-0853285c0e5d', '5fef9e7c-116a-5504-a6ae-d16f4442d448', 4, 'Perfekt! Nøyaktig som jeg ønsket meg.'), ('6fc4d019-3939-5b14-a892-d8c7b3b43760', DEFAULT, 'e185fe90-f6d1-50e6-85c5-b3d62e664f51', '5ac46069-d153-5b50-a0be-8a017d379243', '5fef9e7c-116a-5504-a6ae-d16f4442d448', 5, 'Flott jobb! Føler meg som en helt ny person.'), ('6ae064e4-1a03-5ba3-ac1b-2bb95f46f9d3', DEFAULT, '9ca6a3da-e8d3-5a6f-880c-d09b77a8ec20', '461f046b-b8af-5c8e-95dd-0f9194531ecb', '5fef9e7c-116a-5504-a6ae-d16f4442d448', 5, 'Utrolig dyktig! Resultatet overgikk mine forventninger.'), ('7759ef51-0efe-5501-935a-3d4bfa76d846', DEFAULT, 'b3c5c797-7b27-5ef7-9996-ff9e9e1797ee', '5ac46069-d153-5b50-a0be-8a017d379243', '5fef9e7c-116a-5504-a6ae-d16f4442d448', 5, 'So happy with the outcome. Great attention to detail!'), ('d0065873-a5fa-50ae-9068-13b9474bab38', DEFAULT, '2a25d426-320b-5baf-8349-c72f27df402e', '8bb5337a-4ae8-5fe9-834c-d09e97c220b7', 'e4153ca5-d012-5995-bad4-086731587974', 5, 'Fantastisk opplevelse! Akkurat det jeg trengte.'), ('adc0e28d-c7d0-5804-8c3d-96e669ce6c67', DEFAULT, '8c62efa2-695a-5b16-94b8-dad312d8c9c8', '71c8f57c-aae5-5ac8-8fc0-a1ff399b17b8', 'f14ee7a7-b3f9-561d-8cf7-983293f0008f', 5, 'So happy with the outcome. Great attention to detail!'), ('3d1bb4b6-da9f-5f3a-b6b3-37ea8aeea9b2', DEFAULT, '7d7ba756-c614-52cf-925e-f70d46ef9956', '71c8f57c-aae5-5ac8-8fc0-a1ff399b17b8', 'f14ee7a7-b3f9-561d-8cf7-983293f0008f', 4, 'Flott jobb! Føler meg som en helt ny person.'), ('4f25a9bc-6c7b-5334-8558-2de7fea3493e', DEFAULT, 'e621bffd-4710-5736-a47b-0070b1281778', '5fef9e7c-116a-5504-a6ae-d16f4442d448', '71c8f57c-aae5-5ac8-8fc0-a1ff399b17b8', 5, 'Perfekt! Nøyaktig som jeg ønsket meg.'), ('651658cd-e52d-5242-a640-d155bcf5b7fb', DEFAULT, '1e03c0a8-6c3c-5278-a33f-e02df619b521', '5f2c632c-1003-5d3e-94f5-6085899aa359', '71c8f57c-aae5-5ac8-8fc0-a1ff399b17b8', 4, 'So happy with the outcome. Great attention to detail!'), ('5f159d0e-cf9d-5594-b946-d914aceda41f', DEFAULT, 'f02e243c-3c4b-5caf-a3df-addfefbce6c8', '5ac46069-d153-5b50-a0be-8a017d379243', '71c8f57c-aae5-5ac8-8fc0-a1ff399b17b8', 5, 'Perfekt! Nøyaktig som jeg ønsket meg.'), ('f33c7574-c013-507d-9b91-7fd9007cd300', DEFAULT, 'f0f93274-5c9e-583c-b072-eb3103cebe6d', 'b36ab93a-34cf-5d2f-8309-1f65466da6f0', '815c84a1-9088-5e6f-b1ab-0853285c0e5d', 5, 'Kunne ikke vært mer fornøyd. Takk for en super opplevelse!'), ('ae01af5e-82a3-52ea-bd78-fabb59bbe8cf', DEFAULT, '07810b60-d912-53d9-a3ed-516c51ec4df0', '461f046b-b8af-5c8e-95dd-0f9194531ecb', '815c84a1-9088-5e6f-b1ab-0853285c0e5d', 5, 'Perfect service from start to finish!'), ('11187654-426b-54ce-87db-82bdbcd9c467', DEFAULT, '653c4db2-4388-5de3-80c7-497beb1577c9', 'b36ab93a-34cf-5d2f-8309-1f65466da6f0', '815c84a1-9088-5e6f-b1ab-0853285c0e5d', 5, 'Utrolig dyktig! Resultatet overgikk mine forventninger.'), ('173b089e-d977-5806-ac80-a270547fe89c', DEFAULT, '593d6500-ae76-53e7-b042-ec686175cd4c', '71c8f57c-aae5-5ac8-8fc0-a1ff399b17b8', 'b36ab93a-34cf-5d2f-8309-1f65466da6f0', 5, 'Amazing results! Will definitely recommend to friends.'), ('d66491e4-32fe-54ba-91b4-e5f07e84fdf6', DEFAULT, 'b5379428-29ee-5389-8bf4-85a5e516386f', '461f046b-b8af-5c8e-95dd-0f9194531ecb', 'b36ab93a-34cf-5d2f-8309-1f65466da6f0', 5, 'Flott jobb! Føler meg som en helt ny person.'), ('dc63e493-d4fe-5e3e-96e0-cb2352ffc322', DEFAULT, 'e93fe92b-99d3-5f88-9b3e-a3078c6677bc', '5ac46069-d153-5b50-a0be-8a017d379243', 'b36ab93a-34cf-5d2f-8309-1f65466da6f0', 5, 'Så fornøyd med resultatet. Kommer definitivt tilbake!'), ('050988a5-58f0-50a5-90ca-a333fe420235', DEFAULT, 'c3d2790b-8e51-5dfc-9436-7c2e6453e83b', '5ac46069-d153-5b50-a0be-8a017d379243', '5f2c632c-1003-5d3e-94f5-6085899aa359', 5, 'Wonderful experience! Very skilled and caring.'), ('91885347-5f59-591a-bb26-6e621e98f768', DEFAULT, '7bf0957a-de39-5082-9120-a7eb95bc41cd', '8bb5337a-4ae8-5fe9-834c-d09e97c220b7', '5f2c632c-1003-5d3e-94f5-6085899aa359', 3, 'Outstanding quality! Exceeded all my expectations.'), ('c0c93203-2742-5a97-b427-651b529ce573', DEFAULT, '6b3261f3-3aec-5431-af81-3049e91c8732', '461f046b-b8af-5c8e-95dd-0f9194531ecb', '5f2c632c-1003-5d3e-94f5-6085899aa359', 5, 'Utrolig dyktig! Resultatet overgikk mine forventninger.'), ('d7fec45d-305a-522a-932e-2d57c85e2c60', DEFAULT, 'f1b75e9f-d4cc-51e6-bd2f-b5dd2821dafb', 'e4153ca5-d012-5995-bad4-086731587974', '8bb5337a-4ae8-5fe9-834c-d09e97c220b7', 4, 'Perfect service from start to finish!'), ('79e6cd85-3f05-5395-b99c-50fd59490641', DEFAULT, '3194d9e8-65a0-59fb-9646-7b8054a2c718', '5f2c632c-1003-5d3e-94f5-6085899aa359', '8bb5337a-4ae8-5fe9-834c-d09e97c220b7', 4, 'Utrolig dyktig! Resultatet overgikk mine forventninger.'), ('51aa2fe9-4da2-52ce-b323-4c277dd3a761', DEFAULT, 'd6cfae51-b0a6-56f2-a66d-8d62e39ab534', '5f2c632c-1003-5d3e-94f5-6085899aa359', '8bb5337a-4ae8-5fe9-834c-d09e97c220b7', 5, 'Brilliant work! Could not ask for better service.'), ('df5426ae-d3a8-5b34-b87f-c40f947defe6', DEFAULT, 'dafd8f5a-c818-5f9f-808a-d849eb2d9250', '461f046b-b8af-5c8e-95dd-0f9194531ecb', '5ac46069-d153-5b50-a0be-8a017d379243', 4, 'Perfect service from start to finish!'), ('5fef6b4f-b317-50e6-88e1-cc2d017c7c8f', DEFAULT, 'd1ed2573-22be-50f1-8873-043ff68ecb22', 'f14ee7a7-b3f9-561d-8cf7-983293f0008f', '5ac46069-d153-5b50-a0be-8a017d379243', 3, 'Så bra service og kvalitet. Veldig imponert!'), ('e0d3c17f-67d5-5314-811a-642ad6d9f736', DEFAULT, '3f4a098a-b9bc-5f94-b567-67f59fb8415e', '5ca75a8e-3605-5166-aa74-4e2e2fc0beef', '5ac46069-d153-5b50-a0be-8a017d379243', 4, 'Så bra service og kvalitet. Veldig imponert!'), ('5f06489b-a685-5a2e-bb82-2c87fffcc758', DEFAULT, 'fe3eb8dd-080c-54ea-869a-763dec93bdab', '8bb5337a-4ae8-5fe9-834c-d09e97c220b7', 'b36ab93a-34cf-5d2f-8309-1f65466da6f0', 4, 'Kunne ikke vært mer fornøyd. Takk for en super opplevelse!'), ('cea9e462-a0b0-58dc-b14f-7a90774a35f2', DEFAULT, '223410ff-951c-592e-800c-8467d53ec144', 'bc6c992f-6177-5b38-a99d-4c1f8bf2d0e3', 'b36ab93a-34cf-5d2f-8309-1f65466da6f0', 5, 'Flott jobb! Føler meg som en helt ny person.'), ('e0f07b6b-e452-5b60-b3cd-e7bc0243d531', DEFAULT, '830e8359-c065-55f7-bbb0-45f7a648d9a5', '12b3f6e4-8e09-5767-b1ce-9d45589acea2', 'b36ab93a-34cf-5d2f-8309-1f65466da6f0', 3, 'Utrolig dyktig! Resultatet overgikk mine forventninger.'), ('10a721e2-149c-58a2-87cb-3ad6dd7f5d93', DEFAULT, 'b3e59829-b585-5650-8f6f-12125ac2f30d', 'e4153ca5-d012-5995-bad4-086731587974', '5ac46069-d153-5b50-a0be-8a017d379243', 5, 'Utrolig dyktig! Resultatet overgikk mine forventninger.'), ('ca823f60-7fef-52ab-9013-705376f11e36', DEFAULT, '80732cda-ab31-5983-a490-f8e0631c4842', '461f046b-b8af-5c8e-95dd-0f9194531ecb', '5ac46069-d153-5b50-a0be-8a017d379243', 4, 'Flott jobb! Føler meg som en helt ny person.'), ('97abaa63-c295-55eb-b67f-dec311440a8b', DEFAULT, '54304e32-9704-50c1-9c37-82bd24e2e2ea', 'b36ab93a-34cf-5d2f-8309-1f65466da6f0', 'e4153ca5-d012-5995-bad4-086731587974', 3, 'Kunne ikke vært mer fornøyd. Takk for en super opplevelse!'), ('344ec3d7-20fa-5996-8380-591bbf00e1a3', DEFAULT, 'c53f1961-c738-5eac-9cf5-9d4670cd9dc3', '815c84a1-9088-5e6f-b1ab-0853285c0e5d', 'e4153ca5-d012-5995-bad4-086731587974', 5, 'Flott jobb! Føler meg som en helt ny person.'), ('fa57879c-132a-5c46-97f7-2800d80b5599', DEFAULT, '456c8596-5f1c-5f3e-8979-8a39c70ce4b5', 'b36ab93a-34cf-5d2f-8309-1f65466da6f0', 'e4153ca5-d012-5995-bad4-086731587974', 5, 'Amazing results! Will definitely recommend to friends.'), ('a16cb383-6fa2-5be7-ab01-683bd6cc54bb', DEFAULT, 'a02defe4-bfc6-5e87-9442-795c77edab0d', '5ac46069-d153-5b50-a0be-8a017d379243', 'e4153ca5-d012-5995-bad4-086731587974', 5, 'Perfekt! Nøyaktig som jeg ønsket meg.'), ('a497b7fb-bd24-51ea-bb8f-4cb84008f10d', DEFAULT, '82cd0871-cfc7-5a49-bfed-ec0d3030359c', '5ca75a8e-3605-5166-aa74-4e2e2fc0beef', 'e4153ca5-d012-5995-bad4-086731587974', 3, 'Utrolig dyktig! Resultatet overgikk mine forventninger.'), ('9b1ee03e-628f-5968-9a28-a8a9a06497f0', DEFAULT, '2390fb56-e22a-56ca-8c95-41be66ea56f5', '8bb5337a-4ae8-5fe9-834c-d09e97c220b7', 'e4153ca5-d012-5995-bad4-086731587974', 5, 'Så fornøyd med resultatet. Kommer definitivt tilbake!'), ('c2a9ca03-600f-5494-86f9-0851369bc098', DEFAULT, '24c9fb52-6ea2-5c2d-87f3-eb9a5682de0b', '5ca75a8e-3605-5166-aa74-4e2e2fc0beef', '5fef9e7c-116a-5504-a6ae-d16f4442d448', 4, 'Perfekt! Nøyaktig som jeg ønsket meg.'), ('885c14c5-7095-55ad-80f9-1b39dfd5c85d', DEFAULT, '400df31f-266b-5d87-9570-d8018c87191d', '12b3f6e4-8e09-5767-b1ce-9d45589acea2', '5fef9e7c-116a-5504-a6ae-d16f4442d448', 5, 'Profesjonell og hyggelig service. Anbefales på det sterkeste!'), ('c12f0e55-e4d6-54a6-8945-3ef8f145abb6', DEFAULT, '78c7ec59-33a6-5c0c-9ae4-ef4ffda556ac', '815c84a1-9088-5e6f-b1ab-0853285c0e5d', '5fef9e7c-116a-5504-a6ae-d16f4442d448', 5, 'So happy with the outcome. Great attention to detail!'), ('a74fb7f9-33f6-539a-b1c8-a7a704ecc520', DEFAULT, 'fb319855-99c2-5e63-9a1c-69d834671969', '461f046b-b8af-5c8e-95dd-0f9194531ecb', '5f2c632c-1003-5d3e-94f5-6085899aa359', 5, 'Så bra service og kvalitet. Veldig imponert!'), ('793d627e-0892-54d8-b51a-28590e3af52f', DEFAULT, '559ef705-7160-5a29-9d51-dda8ec3927f9', '12b3f6e4-8e09-5767-b1ce-9d45589acea2', '5f2c632c-1003-5d3e-94f5-6085899aa359', 5, 'Wonderful experience! Very skilled and caring.'), ('8248f880-6fef-5bc3-b85e-b40faf75667f', DEFAULT, 'ac09baed-daac-5409-94b0-113118763fe6', '5fef9e7c-116a-5504-a6ae-d16f4442d448', 'e4153ca5-d012-5995-bad4-086731587974', 4, 'So happy with the outcome. Great attention to detail!'), ('324a3a8f-beb5-53a0-8683-a13f95ba0f60', DEFAULT, '502d334e-9705-5c6b-8bd9-522ad182b8e3', '5ac46069-d153-5b50-a0be-8a017d379243', 'e4153ca5-d012-5995-bad4-086731587974', 5, 'Utrolig dyktig! Resultatet overgikk mine forventninger.'), ('7e4c5b20-e828-5c98-bf4f-c353adf15830', DEFAULT, 'eb4d3a88-2925-5383-aa1d-7ea00f2ef135', '461f046b-b8af-5c8e-95dd-0f9194531ecb', 'e4153ca5-d012-5995-bad4-086731587974', 4, 'Excellent work! Professional and friendly.'), ('51fbb33e-1db4-599f-bbc6-e0ab0726e173', DEFAULT, '6015551e-7f95-514c-a47c-8fb5d94476ac', '461f046b-b8af-5c8e-95dd-0f9194531ecb', '5fef9e7c-116a-5504-a6ae-d16f4442d448', 5, 'Flott jobb! Føler meg som en helt ny person.'), ('2f6e14ac-0b74-5bd4-8c49-1d823e9ad15c', DEFAULT, 'c6e583ab-0494-5711-a18e-4b80438e96df', 'e4153ca5-d012-5995-bad4-086731587974', '5fef9e7c-116a-5504-a6ae-d16f4442d448', 4, 'Excellent work! Professional and friendly.'), ('7e68d5f6-ea14-594c-a025-62ebffcf269b', DEFAULT, 'a7467a3f-6049-57f0-a2e2-7c3025393f32', '5ca75a8e-3605-5166-aa74-4e2e2fc0beef', '71c8f57c-aae5-5ac8-8fc0-a1ff399b17b8', 4, 'Perfect service from start to finish!'), ('c380cc85-62cb-5add-867b-eace874ff72b', DEFAULT, '182befa8-1653-550c-9c63-6a66b75b408b', '5fef9e7c-116a-5504-a6ae-d16f4442d448', '71c8f57c-aae5-5ac8-8fc0-a1ff399b17b8', 4, 'Excellent work! Professional and friendly.'), ('d5b1bb76-b65c-5076-b1a5-e9a7367c6cab', DEFAULT, 'd82cb8b6-fe7c-5c3b-a31b-fb4a2ca0c19e', 'f14ee7a7-b3f9-561d-8cf7-983293f0008f', '71c8f57c-aae5-5ac8-8fc0-a1ff399b17b8', 5, 'Fantastisk opplevelse! Akkurat det jeg trengte.'), ('03623ec7-1504-5fca-ac18-e0680ce7c2f6', DEFAULT, '32be9a54-ed8a-5d8a-a3e8-179009027ba6', '44315cac-0a3d-513e-ae25-923183abdce2', 'e4153ca5-d012-5995-bad4-086731587974', 4, 'Wonderful experience! Very skilled and caring.'), ('676b675c-07f8-5e1e-9fbd-2c52c55ed74e', DEFAULT, 'e671edcd-2f49-576b-885e-a1232c2acb1d', '8bb5337a-4ae8-5fe9-834c-d09e97c220b7', 'e4153ca5-d012-5995-bad4-086731587974', 5, 'Flott jobb! Føler meg som en helt ny person.'), ('deb6811a-7a1c-5c59-b122-12bc5375d5ce', DEFAULT, '628246ee-c060-50d4-8d31-61ef547f175b', 'f14ee7a7-b3f9-561d-8cf7-983293f0008f', 'e4153ca5-d012-5995-bad4-086731587974', 5, 'Perfekt! Nøyaktig som jeg ønsket meg.'), ('df59fe7a-5a83-5413-af11-f6b154156013', DEFAULT, '61b8394e-e691-594e-a97f-43dea6f5ac9b', 'f14ee7a7-b3f9-561d-8cf7-983293f0008f', '5fef9e7c-116a-5504-a6ae-d16f4442d448', 4, 'Så bra service og kvalitet. Veldig imponert!'), ('548cf7ad-97ec-5c65-b357-039489bc3e07', DEFAULT, 'aea34256-92ac-592b-9228-2eb1ac6ab439', '12b3f6e4-8e09-5767-b1ce-9d45589acea2', '5fef9e7c-116a-5504-a6ae-d16f4442d448', 4, 'Wonderful experience! Very skilled and caring.'), ('f06fdafc-b7df-596a-8c6d-924ee9d0c059', DEFAULT, 'dad8ca31-283f-530b-9637-3f31fd2bfdf5', '12b3f6e4-8e09-5767-b1ce-9d45589acea2', '5fef9e7c-116a-5504-a6ae-d16f4442d448', 5, 'Amazing results! Will definitely recommend to friends.'), ('a3740105-cabf-50fc-b40e-25476345003a', DEFAULT, '0aa14575-8b1a-581d-b9ff-bc7cc3f73d5e', '5fef9e7c-116a-5504-a6ae-d16f4442d448', 'f14ee7a7-b3f9-561d-8cf7-983293f0008f', 4, 'Fantastisk opplevelse! Akkurat det jeg trengte.'), ('92b019c4-e5c9-5200-875f-1a904f390daf', DEFAULT, '3ab59b88-c838-50b3-b970-49b3a79c1bae', '44315cac-0a3d-513e-ae25-923183abdce2', 'f14ee7a7-b3f9-561d-8cf7-983293f0008f', 4, 'So happy with the outcome. Great attention to detail!'), ('b145fac3-cf44-5666-b6f2-1491985107dd', DEFAULT, '5afc0b02-9153-5e01-957b-193699f5b01a', '5f2c632c-1003-5d3e-94f5-6085899aa359', 'f14ee7a7-b3f9-561d-8cf7-983293f0008f', 4, 'Utrolig dyktig! Resultatet overgikk mine forventninger.'), ('40d332c8-df66-5793-910d-fff66c37fb7f', DEFAULT, '8c07d701-f0d1-53e2-b376-666f992fb57d', 'e4153ca5-d012-5995-bad4-086731587974', '815c84a1-9088-5e6f-b1ab-0853285c0e5d', 5, 'Så fornøyd med resultatet. Kommer definitivt tilbake!'), ('d1db9b6d-7516-50c2-9bd7-0c12de682ec7', DEFAULT, '2291dc45-a621-54c9-8805-290086ee6476', 'e4153ca5-d012-5995-bad4-086731587974', '815c84a1-9088-5e6f-b1ab-0853285c0e5d', 4, 'Perfect service from start to finish!'), ('c947d633-cd83-555e-8ad0-c88779067fd5', DEFAULT, '77275129-3fbe-5360-a268-318d24a33428', 'bc6c992f-6177-5b38-a99d-4c1f8bf2d0e3', '815c84a1-9088-5e6f-b1ab-0853285c0e5d', 5, 'So happy with the outcome. Great attention to detail!'), ('5a105766-6e61-56e7-8de1-4184911932dd', DEFAULT, '1e3eb039-3d33-5347-bfa1-6c37add72a03', '8bb5337a-4ae8-5fe9-834c-d09e97c220b7', '5fef9e7c-116a-5504-a6ae-d16f4442d448', 4, 'Så fornøyd med resultatet. Kommer definitivt tilbake!'), ('a7f2256b-f2e7-58cf-aef5-d799c09843b6', DEFAULT, '7cb508f8-f368-5775-817a-60a0a42a1c50', '12b3f6e4-8e09-5767-b1ce-9d45589acea2', '5fef9e7c-116a-5504-a6ae-d16f4442d448', 3, 'Excellent work! Professional and friendly.'), ('7976d2e5-ba3c-511d-b1fd-6f3aeb8a640f', DEFAULT, 'a2e15df7-8aff-565d-a508-124d188aceb2', '5ca75a8e-3605-5166-aa74-4e2e2fc0beef', '5fef9e7c-116a-5504-a6ae-d16f4442d448', 5, 'So happy with the outcome. Great attention to detail!'), ('b7ef278e-5c3b-5ab3-9e15-02e9d1935e25', DEFAULT, '49a2eba3-d676-54fa-ab8d-59b3c5219d5f', '12b3f6e4-8e09-5767-b1ce-9d45589acea2', '44315cac-0a3d-513e-ae25-923183abdce2', 4, 'Utrolig dyktig! Resultatet overgikk mine forventninger.'), ('c050df23-d065-5019-9675-6bdc81efc807', DEFAULT, '629da396-5642-5df3-a54b-a6ab06f64d24', '12b3f6e4-8e09-5767-b1ce-9d45589acea2', '44315cac-0a3d-513e-ae25-923183abdce2', 4, 'Kunne ikke vært mer fornøyd. Takk for en super opplevelse!'), ('05ecb9bc-2ba0-5693-b6ea-0c788af5ffcc', DEFAULT, 'cfbf456c-fffa-5d83-9d7b-02b663365d0d', '5fef9e7c-116a-5504-a6ae-d16f4442d448', '44315cac-0a3d-513e-ae25-923183abdce2', 5, 'Perfect service from start to finish!'), ('48cdd4ed-e2a3-5fd7-982f-eaa5c24ab9f2', DEFAULT, '5d480a3d-bafa-5f11-aa7a-c44516797b05', '71c8f57c-aae5-5ac8-8fc0-a1ff399b17b8', '44315cac-0a3d-513e-ae25-923183abdce2', 5, 'Kunne ikke vært mer fornøyd. Takk for en super opplevelse!'), ('905944a4-ea41-5cb9-b93f-69915332d964', DEFAULT, 'ae1e162f-83ec-5de2-83c5-26cd0c727790', '5ac46069-d153-5b50-a0be-8a017d379243', '44315cac-0a3d-513e-ae25-923183abdce2', 5, 'Utrolig dyktig! Resultatet overgikk mine forventninger.'), ('cb31c545-1945-592f-82e6-932d0b97c334', DEFAULT, '167bb8c1-0239-5bc2-ab68-47a099019ef9', '8bb5337a-4ae8-5fe9-834c-d09e97c220b7', '44315cac-0a3d-513e-ae25-923183abdce2', 5, 'Wonderful experience! Very skilled and caring.'), ('1a5601e9-5f8e-5510-891e-feae6e5cb1bc', DEFAULT, '38ac3bca-a359-55b2-a590-2c3e8974e76b', '8bb5337a-4ae8-5fe9-834c-d09e97c220b7', '44315cac-0a3d-513e-ae25-923183abdce2', 5, 'Perfekt! Nøyaktig som jeg ønsket meg.'), ('4a9e5ddc-d08a-52b9-8731-9e99d5b07de8', DEFAULT, '4886593c-3dcc-5e25-851d-68921cb7fdc4', '5fef9e7c-116a-5504-a6ae-d16f4442d448', '44315cac-0a3d-513e-ae25-923183abdce2', 5, 'Excellent work! Professional and friendly.'), ('81137e89-a637-51fb-bab1-d16064ff60d0', DEFAULT, 'd7cdbfde-1ec1-58fd-8925-c5e65184bee3', '5ca75a8e-3605-5166-aa74-4e2e2fc0beef', '815c84a1-9088-5e6f-b1ab-0853285c0e5d', 5, 'So happy with the outcome. Great attention to detail!'), ('10517502-1e3a-553c-b92a-31a903cd15ce', DEFAULT, '671c52b5-fac6-5050-9fb6-7e0f85b67fe9', '8bb5337a-4ae8-5fe9-834c-d09e97c220b7', '815c84a1-9088-5e6f-b1ab-0853285c0e5d', 5, 'Profesjonell og hyggelig service. Anbefales på det sterkeste!'), ('5eb3d472-d952-5348-b851-96e6f5f092ec', DEFAULT, '5e0c9dda-4472-5d85-ab0b-f4b21b1629ce', '5fef9e7c-116a-5504-a6ae-d16f4442d448', '815c84a1-9088-5e6f-b1ab-0853285c0e5d', 5, 'Profesjonell og hyggelig service. Anbefales på det sterkeste!'), ('6f814813-b658-5f7c-b67c-fc80111fd59c', DEFAULT, '268eeb82-5479-5ab4-86e5-db5fc182d265', '5f2c632c-1003-5d3e-94f5-6085899aa359', '815c84a1-9088-5e6f-b1ab-0853285c0e5d', 3, 'Wonderful experience! Very skilled and caring.'), ('29af1645-5cf2-5e16-98a2-c472ef81226e', DEFAULT, '8ea25957-2a1b-54e9-8a40-494f66ba2093', '5f2c632c-1003-5d3e-94f5-6085899aa359', '815c84a1-9088-5e6f-b1ab-0853285c0e5d', 5, 'Brilliant work! Could not ask for better service.'), ('26904f0c-f100-5a79-acb4-7468b310413b', DEFAULT, 'be0fe5d2-22eb-5d85-9963-b0cb3d98b3a2', '44315cac-0a3d-513e-ae25-923183abdce2', '815c84a1-9088-5e6f-b1ab-0853285c0e5d', 5, 'Flott jobb! Føler meg som en helt ny person.'), ('d896710f-591c-5a72-9417-1379547804f3', DEFAULT, '9036874d-3e4a-5f3f-8567-eb23942b502a', '71c8f57c-aae5-5ac8-8fc0-a1ff399b17b8', 'f14ee7a7-b3f9-561d-8cf7-983293f0008f', 3, 'Fantastisk opplevelse! Akkurat det jeg trengte.'), ('b1481583-97d0-5815-8add-cf7ee6957d1c', DEFAULT, '985b7ce9-d3ec-5495-98d7-2d95d527e9a2', '5fef9e7c-116a-5504-a6ae-d16f4442d448', 'f14ee7a7-b3f9-561d-8cf7-983293f0008f', 5, 'Så bra service og kvalitet. Veldig imponert!'), ('ab2527ff-6650-52d9-8ac3-991ee2f65139', DEFAULT, '1f95150b-8c10-5071-a75b-95843ec1fec0', 'e4153ca5-d012-5995-bad4-086731587974', 'f14ee7a7-b3f9-561d-8cf7-983293f0008f', 3, 'Flott jobb! Føler meg som en helt ny person.'), ('b5060598-dd79-5554-b672-721aaaed9155', DEFAULT, '4310a90b-b230-575f-8ae3-f5f0ee53ef61', '5ca75a8e-3605-5166-aa74-4e2e2fc0beef', '8bb5337a-4ae8-5fe9-834c-d09e97c220b7', 4, 'So happy with the outcome. Great attention to detail!'), ('88bbef06-edd9-5b9a-a19b-d928032f1808', DEFAULT, '95e1a472-70f5-566e-9a37-565b89047231', 'bc6c992f-6177-5b38-a99d-4c1f8bf2d0e3', '8bb5337a-4ae8-5fe9-834c-d09e97c220b7', 5, 'Perfekt! Nøyaktig som jeg ønsket meg.'), ('1ef2041f-7e5b-53b6-9eff-0bcf649c39d3', DEFAULT, '8ffd0322-9772-54d9-9e42-a2de4fb73e47', '461f046b-b8af-5c8e-95dd-0f9194531ecb', '8bb5337a-4ae8-5fe9-834c-d09e97c220b7', 4, 'Så fornøyd med resultatet. Kommer definitivt tilbake!'), ('9a60a9ae-1e53-5116-9f04-16f29c9161a3', DEFAULT, '7f54acc6-2b4b-599e-8726-dc583d90ae46', '71c8f57c-aae5-5ac8-8fc0-a1ff399b17b8', '5ac46069-d153-5b50-a0be-8a017d379243', 3, 'Fantastisk opplevelse! Akkurat det jeg trengte.'), ('fd5f9648-41a3-55fb-b132-30045e900f01', DEFAULT, '33ffa9c3-ca36-5b78-b12d-214fe1a8dad7', 'e4153ca5-d012-5995-bad4-086731587974', '5ac46069-d153-5b50-a0be-8a017d379243', 5, 'Flott jobb! Føler meg som en helt ny person.'), ('6ba93e3a-d3fd-5bdf-aaa8-4d14aa9a7b36', DEFAULT, '1bfc2178-cff2-5745-ad80-b4fe1ce50c45', 'b36ab93a-34cf-5d2f-8309-1f65466da6f0', '5ac46069-d153-5b50-a0be-8a017d379243', 5, 'So happy with the outcome. Great attention to detail!'), ('030f3671-1f23-535b-a7b8-e1c2dda4503f', DEFAULT, '7f5c2f52-a4a6-57bf-81b1-39489da80ff7', '5f2c632c-1003-5d3e-94f5-6085899aa359', '71c8f57c-aae5-5ac8-8fc0-a1ff399b17b8', 5, 'Kunne ikke vært mer fornøyd. Takk for en super opplevelse!'), ('6458c3ab-e7d3-5ab5-bcce-3b02c16af4ac', DEFAULT, '6b65a798-70f0-57e7-aaaa-82272d343b62', '815c84a1-9088-5e6f-b1ab-0853285c0e5d', '71c8f57c-aae5-5ac8-8fc0-a1ff399b17b8', 4, 'Fantastisk opplevelse! Akkurat det jeg trengte.'), ('ddce98a3-175b-5f99-8e84-28ecc11913be', DEFAULT, 'a37a9a99-a3cf-5044-97af-487eac94f3e3', 'bc6c992f-6177-5b38-a99d-4c1f8bf2d0e3', '71c8f57c-aae5-5ac8-8fc0-a1ff399b17b8', 5, 'Flott jobb! Føler meg som en helt ny person.'), ('8e61873c-ba6f-5feb-9358-db77f54d33e0', DEFAULT, '045d156f-4834-56dd-8547-62080662d37e', '8bb5337a-4ae8-5fe9-834c-d09e97c220b7', '5fef9e7c-116a-5504-a6ae-d16f4442d448', 3, 'Kunne ikke vært mer fornøyd. Takk for en super opplevelse!'), ('46fe6042-f726-5bd1-ac88-3f95c6dc2e66', DEFAULT, 'fb55fc65-6578-5578-991f-494da8d34db0', '5ac46069-d153-5b50-a0be-8a017d379243', '5fef9e7c-116a-5504-a6ae-d16f4442d448', 4, 'Outstanding quality! Exceeded all my expectations.'), ('c9115354-438f-539e-a233-c06044ed38c7', DEFAULT, 'ca7cbbfb-56e5-5e88-9e5a-3dd56ea6e170', '12b3f6e4-8e09-5767-b1ce-9d45589acea2', '5fef9e7c-116a-5504-a6ae-d16f4442d448', 5, 'Perfect service from start to finish!'), ('810161cc-5525-5418-8609-33e121588129', DEFAULT, '8d5d5e2c-a9f4-5251-8dbd-ec81770fc3a2', '5fef9e7c-116a-5504-a6ae-d16f4442d448', '71c8f57c-aae5-5ac8-8fc0-a1ff399b17b8', 4, 'Profesjonell og hyggelig service. Anbefales på det sterkeste!'), ('a1be6fe6-5261-5139-8b96-3e3afbc95078', DEFAULT, 'f07d0a38-b3b8-5f88-b80b-972fd5ee4763', 'bc6c992f-6177-5b38-a99d-4c1f8bf2d0e3', '71c8f57c-aae5-5ac8-8fc0-a1ff399b17b8', 5, 'Kunne ikke vært mer fornøyd. Takk for en super opplevelse!'), ('409b24d5-9344-5488-94ba-a5a0fe33c150', DEFAULT, '670c5a82-2575-5bbb-bae0-7a4cb31765f7', '815c84a1-9088-5e6f-b1ab-0853285c0e5d', '71c8f57c-aae5-5ac8-8fc0-a1ff399b17b8', 4, 'Excellent work! Professional and friendly.'), ('503a323e-9e78-59c4-a89d-9a6ffcd8abe5', DEFAULT, '196de7b8-6b30-5b8e-b6ae-610220a6a7e5', 'f14ee7a7-b3f9-561d-8cf7-983293f0008f', '5fef9e7c-116a-5504-a6ae-d16f4442d448', 4, 'Så fornøyd med resultatet. Kommer definitivt tilbake!'), ('8841c316-8d6d-5aa8-8cf9-9da279d8aff4', DEFAULT, '7a127187-e6ea-5b7c-9a39-9a5693629451', 'bc6c992f-6177-5b38-a99d-4c1f8bf2d0e3', '5fef9e7c-116a-5504-a6ae-d16f4442d448', 4, 'Flott jobb! Føler meg som en helt ny person.'), ('7e142ce4-41b3-52f9-95ae-f2f09bab7139', DEFAULT, '451deed9-9699-5bf0-9606-d1dcd7e2f17a', '5f2c632c-1003-5d3e-94f5-6085899aa359', '5fef9e7c-116a-5504-a6ae-d16f4442d448', 5, 'Perfekt! Nøyaktig som jeg ønsket meg.');
-- Created 136 additional reviews to ensure service coverage
-- Total reviews created: 174
INSERT INTO public.media (id,created_at,file_path,media_type,chat_message_id,service_id,owner_id,application_id,review_id,is_preview_image,booking_note_id) VALUES ('de44e036-cbf0-529c-87ed-bd3345ca0b82', DEFAULT, 'https://images.unsplash.com/photo-1583001931096-959e9a1a6223?w=400', 'review_image', NULL, NULL, NULL, NULL, NULL, 'f', NULL), ('22286c3a-ccb2-599c-b1e3-c56133ea7db0', DEFAULT, 'https://images.unsplash.com/photo-1583001931096-959e9a1a6223?w=400', 'review_image', NULL, NULL, NULL, NULL, NULL, 'f', NULL), ('e37e2e30-cafd-5cba-b5dc-72f782abc284', DEFAULT, 'https://images.unsplash.com/photo-1604654894610-df63bc536371?w=400', 'review_image', NULL, NULL, NULL, NULL, NULL, 'f', NULL), ('5203e243-39d8-547a-a11f-dee9f3dab258', DEFAULT, 'https://images.unsplash.com/photo-1571019613454-1cb2f99b2d8b?w=400', 'review_image', NULL, NULL, NULL, NULL, NULL, 'f', NULL), ('f492612a-9a9c-5b32-983d-b0b009f72ddb', DEFAULT, 'https://images.unsplash.com/photo-1583001931096-959e9a1a6223?w=400', 'review_image', NULL, NULL, NULL, NULL, NULL, 'f', NULL), ('0016ee75-077f-5c2e-891b-f52828091242', DEFAULT, 'https://images.unsplash.com/photo-1571019613454-1cb2f99b2d8b?w=400', 'review_image', NULL, NULL, NULL, NULL, NULL, 'f', NULL), ('0f0cbf70-6f49-56cc-aab1-0e1785a16d2d', DEFAULT, 'https://images.unsplash.com/photo-1583001931096-959e9a1a6223?w=400', 'review_image', NULL, NULL, NULL, NULL, NULL, 'f', NULL), ('daa13cc6-5bea-549c-a780-7727eadb6f45', DEFAULT, 'https://images.unsplash.com/photo-1571019613454-1cb2f99b2d8b?w=400', 'review_image', NULL, NULL, NULL, NULL, NULL, 'f', NULL), ('df2ec377-9c9c-5267-9413-60d9ae6cc3a0', DEFAULT, 'https://images.unsplash.com/photo-1522337360788-8b13dee7a37e?w=400', 'review_image', NULL, NULL, NULL, NULL, NULL, 'f', NULL), ('dcc0886e-159a-58a9-8a06-150f16c84cde', DEFAULT, 'https://images.unsplash.com/photo-1604654894610-df63bc536371?w=400', 'review_image', NULL, NULL, NULL, NULL, NULL, 'f', NULL), ('51a0f3f3-091a-5931-b035-99ccf6162f43', DEFAULT, 'https://images.unsplash.com/photo-1583001931096-959e9a1a6223?w=400', 'review_image', NULL, NULL, NULL, NULL, NULL, 'f', NULL), ('dca66327-c2a5-598f-b7e5-ed64637d27bf', DEFAULT, 'https://images.unsplash.com/photo-1560869713-c9e73ac4e93f?w=400', 'review_image', NULL, NULL, NULL, NULL, NULL, 'f', NULL), ('dec028db-16c4-5158-b304-42ded22dc345', DEFAULT, 'https://images.unsplash.com/photo-1583001931096-959e9a1a6223?w=400', 'review_image', NULL, NULL, NULL, NULL, NULL, 'f', NULL), ('fba596c5-03c1-53a8-8c0f-94b75a34942b', DEFAULT, 'https://images.unsplash.com/photo-1604654894610-df63bc536371?w=400', 'review_image', NULL, NULL, NULL, NULL, NULL, 'f', NULL), ('d8342494-9fbc-55d5-a79c-cdc12b27e759', DEFAULT, 'https://images.unsplash.com/photo-1571019613454-1cb2f99b2d8b?w=400', 'review_image', NULL, NULL, NULL, NULL, NULL, 'f', NULL), ('929170db-2fd4-516f-acf9-9f0bf490f5cd', DEFAULT, 'https://images.unsplash.com/photo-1604654894610-df63bc536371?w=400', 'review_image', NULL, NULL, NULL, NULL, NULL, 'f', NULL), ('49622743-c543-58e0-9692-fb26c1325fda', DEFAULT, 'https://images.unsplash.com/photo-1522337360788-8b13dee7a37e?w=400', 'review_image', NULL, NULL, NULL, NULL, NULL, 'f', NULL), ('48239312-345b-56a1-af3b-0e64bb8b1f6c', DEFAULT, 'https://images.unsplash.com/photo-1604654894610-df63bc536371?w=400', 'review_image', NULL, NULL, NULL, NULL, NULL, 'f', NULL), ('0484db08-7e2c-596d-a4ef-c8a44c7f667a', DEFAULT, 'https://images.unsplash.com/photo-1571019613454-1cb2f99b2d8b?w=400', 'review_image', NULL, NULL, NULL, NULL, NULL, 'f', NULL), ('9a4577e0-fe37-579e-bdc9-4f2f8819f8f0', DEFAULT, 'https://images.unsplash.com/photo-1583001931096-959e9a1a6223?w=400', 'review_image', NULL, NULL, NULL, NULL, NULL, 'f', NULL), ('4d6f91d7-8ce6-59a4-a097-617d50434d63', DEFAULT, 'https://images.unsplash.com/photo-1604654894610-df63bc536371?w=400', 'review_image', NULL, NULL, NULL, NULL, NULL, 'f', NULL), ('401999fc-7ccc-58b1-8d66-8055b20a565a', DEFAULT, 'https://images.unsplash.com/photo-1583001931096-959e9a1a6223?w=400', 'review_image', NULL, NULL, NULL, NULL, NULL, 'f', NULL), ('ce9d0acb-b04a-5bd9-a9f5-db83c8e9d098', DEFAULT, 'https://images.unsplash.com/photo-1583001931096-959e9a1a6223?w=400', 'review_image', NULL, NULL, NULL, NULL, NULL, 'f', NULL), ('66b73485-57f5-5094-a5fe-a122e4c6840f', DEFAULT, 'https://images.unsplash.com/photo-1522337360788-8b13dee7a37e?w=400', 'review_image', NULL, NULL, NULL, NULL, NULL, 'f', NULL), ('f2874123-bf49-54f1-8d50-dcbee387d6fc', DEFAULT, 'https://images.unsplash.com/photo-1571019613454-1cb2f99b2d8b?w=400', 'review_image', NULL, NULL, NULL, NULL, NULL, 'f', NULL), ('4128b59f-7841-5a71-a9e9-b7cdb34f186b', DEFAULT, 'https://images.unsplash.com/photo-1560869713-c9e73ac4e93f?w=400', 'review_image', NULL, NULL, NULL, NULL, NULL, 'f', NULL), ('5a089b35-2d3e-58ab-9382-49f199aee63f', DEFAULT, 'https://images.unsplash.com/photo-1571019613454-1cb2f99b2d8b?w=400', 'review_image', NULL, NULL, NULL, NULL, NULL, 'f', NULL), ('57400c05-b1b2-5045-a81a-eb740462d771', DEFAULT, 'https://images.unsplash.com/photo-1604654894610-df63bc536371?w=400', 'review_image', NULL, NULL, NULL, NULL, NULL, 'f', NULL), ('03af1204-6095-5800-9040-5e2529e0dd9b', DEFAULT, 'https://images.unsplash.com/photo-1560869713-c9e73ac4e93f?w=400', 'review_image', NULL, NULL, NULL, NULL, NULL, 'f', NULL), ('9c411720-f9f0-5961-85f5-e36d323d13ef', DEFAULT, 'https://images.unsplash.com/photo-1560869713-c9e73ac4e93f?w=400', 'review_image', NULL, NULL, NULL, NULL, NULL, 'f', NULL);
UPDATE public.media SET owner_id = 'bc6c992f-6177-5b38-a99d-4c1f8bf2d0e3', review_id = '1b3a4894-b0fd-5bc9-9073-1e189f8f3f51' WHERE id = 'de44e036-cbf0-529c-87ed-bd3345ca0b82';
UPDATE public.media SET owner_id = 'bc6c992f-6177-5b38-a99d-4c1f8bf2d0e3', review_id = '1b3a4894-b0fd-5bc9-9073-1e189f8f3f51' WHERE id = '22286c3a-ccb2-599c-b1e3-c56133ea7db0';
UPDATE public.media SET owner_id = 'bc6c992f-6177-5b38-a99d-4c1f8bf2d0e3', review_id = '1b3a4894-b0fd-5bc9-9073-1e189f8f3f51' WHERE id = 'e37e2e30-cafd-5cba-b5dc-72f782abc284';
UPDATE public.media SET owner_id = '12b3f6e4-8e09-5767-b1ce-9d45589acea2', review_id = '7379d022-aa2a-510e-bb61-a9168729a731' WHERE id = '5203e243-39d8-547a-a11f-dee9f3dab258';
UPDATE public.media SET owner_id = '12b3f6e4-8e09-5767-b1ce-9d45589acea2', review_id = '7379d022-aa2a-510e-bb61-a9168729a731' WHERE id = 'f492612a-9a9c-5b32-983d-b0b009f72ddb';
UPDATE public.media SET owner_id = 'bc6c992f-6177-5b38-a99d-4c1f8bf2d0e3', review_id = '9cbd790e-046f-590c-9877-a73a8a6b5151' WHERE id = '0016ee75-077f-5c2e-891b-f52828091242';
UPDATE public.media SET owner_id = 'bc6c992f-6177-5b38-a99d-4c1f8bf2d0e3', review_id = '9cbd790e-046f-590c-9877-a73a8a6b5151' WHERE id = '0f0cbf70-6f49-56cc-aab1-0e1785a16d2d';
UPDATE public.media SET owner_id = 'bc6c992f-6177-5b38-a99d-4c1f8bf2d0e3', review_id = '9cbd790e-046f-590c-9877-a73a8a6b5151' WHERE id = 'daa13cc6-5bea-549c-a780-7727eadb6f45';
UPDATE public.media SET owner_id = 'bc6c992f-6177-5b38-a99d-4c1f8bf2d0e3', review_id = '6040c8e6-57a8-5e41-9e35-fc9c049f077b' WHERE id = 'df2ec377-9c9c-5267-9413-60d9ae6cc3a0';
UPDATE public.media SET owner_id = 'bc6c992f-6177-5b38-a99d-4c1f8bf2d0e3', review_id = '6040c8e6-57a8-5e41-9e35-fc9c049f077b' WHERE id = 'dcc0886e-159a-58a9-8a06-150f16c84cde';
UPDATE public.media SET owner_id = 'bc6c992f-6177-5b38-a99d-4c1f8bf2d0e3', review_id = '6040c8e6-57a8-5e41-9e35-fc9c049f077b' WHERE id = '51a0f3f3-091a-5931-b035-99ccf6162f43';
UPDATE public.media SET owner_id = '5f2c632c-1003-5d3e-94f5-6085899aa359', review_id = '2582524a-86a9-5c45-81d3-2d2a55068447' WHERE id = 'dca66327-c2a5-598f-b7e5-ed64637d27bf';
UPDATE public.media SET owner_id = '5f2c632c-1003-5d3e-94f5-6085899aa359', review_id = '2582524a-86a9-5c45-81d3-2d2a55068447' WHERE id = 'dec028db-16c4-5158-b304-42ded22dc345';
UPDATE public.media SET owner_id = '71c8f57c-aae5-5ac8-8fc0-a1ff399b17b8', review_id = 'd7cc3175-3f9d-5d8c-ac74-24906df7fa0c' WHERE id = 'fba596c5-03c1-53a8-8c0f-94b75a34942b';
UPDATE public.media SET owner_id = '71c8f57c-aae5-5ac8-8fc0-a1ff399b17b8', review_id = 'd7cc3175-3f9d-5d8c-ac74-24906df7fa0c' WHERE id = 'd8342494-9fbc-55d5-a79c-cdc12b27e759';
UPDATE public.media SET owner_id = '71c8f57c-aae5-5ac8-8fc0-a1ff399b17b8', review_id = 'd7cc3175-3f9d-5d8c-ac74-24906df7fa0c' WHERE id = '929170db-2fd4-516f-acf9-9f0bf490f5cd';
UPDATE public.media SET owner_id = '71c8f57c-aae5-5ac8-8fc0-a1ff399b17b8', review_id = 'e9ee2238-b8dd-5de4-9b9a-f0af56ee131f' WHERE id = '49622743-c543-58e0-9692-fb26c1325fda';
UPDATE public.media SET owner_id = 'b36ab93a-34cf-5d2f-8309-1f65466da6f0', review_id = '840576bb-3d34-5f40-8e15-255fab9c38b9' WHERE id = '48239312-345b-56a1-af3b-0e64bb8b1f6c';
UPDATE public.media SET owner_id = 'b36ab93a-34cf-5d2f-8309-1f65466da6f0', review_id = '840576bb-3d34-5f40-8e15-255fab9c38b9' WHERE id = '0484db08-7e2c-596d-a4ef-c8a44c7f667a';
UPDATE public.media SET owner_id = 'b36ab93a-34cf-5d2f-8309-1f65466da6f0', review_id = '840576bb-3d34-5f40-8e15-255fab9c38b9' WHERE id = '9a4577e0-fe37-579e-bdc9-4f2f8819f8f0';
UPDATE public.media SET owner_id = '8bb5337a-4ae8-5fe9-834c-d09e97c220b7', review_id = '2745d202-e023-5fde-b7e9-50f0295fde9b' WHERE id = '4d6f91d7-8ce6-59a4-a097-617d50434d63';
UPDATE public.media SET owner_id = '8bb5337a-4ae8-5fe9-834c-d09e97c220b7', review_id = '2745d202-e023-5fde-b7e9-50f0295fde9b' WHERE id = '401999fc-7ccc-58b1-8d66-8055b20a565a';
UPDATE public.media SET owner_id = '5ac46069-d153-5b50-a0be-8a017d379243', review_id = '7fec7245-8eaf-5266-a401-655e4007953c' WHERE id = 'ce9d0acb-b04a-5bd9-a9f5-db83c8e9d098';
UPDATE public.media SET owner_id = '12b3f6e4-8e09-5767-b1ce-9d45589acea2', review_id = 'f7e2667e-69b1-5947-909b-c60087301e28' WHERE id = '66b73485-57f5-5094-a5fe-a122e4c6840f';
UPDATE public.media SET owner_id = '12b3f6e4-8e09-5767-b1ce-9d45589acea2', review_id = 'f7e2667e-69b1-5947-909b-c60087301e28' WHERE id = 'f2874123-bf49-54f1-8d50-dcbee387d6fc';
UPDATE public.media SET owner_id = '44315cac-0a3d-513e-ae25-923183abdce2', review_id = 'a6f8dc21-43e3-5653-8e9f-3242ddcef69c' WHERE id = '4128b59f-7841-5a71-a9e9-b7cdb34f186b';
UPDATE public.media SET owner_id = '44315cac-0a3d-513e-ae25-923183abdce2', review_id = 'a6f8dc21-43e3-5653-8e9f-3242ddcef69c' WHERE id = '5a089b35-2d3e-58ab-9382-49f199aee63f';
UPDATE public.media SET owner_id = '44315cac-0a3d-513e-ae25-923183abdce2', review_id = 'a6f8dc21-43e3-5653-8e9f-3242ddcef69c' WHERE id = '57400c05-b1b2-5045-a81a-eb740462d771';
UPDATE public.media SET owner_id = 'bc6c992f-6177-5b38-a99d-4c1f8bf2d0e3', review_id = '84113906-cd0f-519c-8ed3-70729c14fab6' WHERE id = '03af1204-6095-5800-9040-5e2529e0dd9b';
UPDATE public.media SET owner_id = 'bc6c992f-6177-5b38-a99d-4c1f8bf2d0e3', review_id = '84113906-cd0f-519c-8ed3-70729c14fab6' WHERE id = '9c411720-f9f0-5961-85f5-e36d323d13ef';
-- Added 30 review images
-- Successfully seeded database with reviews and ratings!
-- Test accounts:
--   Customer 1: kari.nordmann@example.com (6 bookings)
--   Customer 2: ole.hansen@example.com (2 bookings)
--   All stylists have reviews both received and written
--   Total reviews: 174
--   Every published service has at least 3 reviews
-- 
-- Cron Job Testing:
--   Added 3 chat messages older than 5 years for cleanup testing
--   Test endpoint: GET /api/cron/cleanup-old-messages
--   Remember to set CRON_SECRET environment variable
