INSERT INTO public.service_categories (id,name,parent_category_id,description) VALUES ('774d6a93-1a7a-59f0-b70f-9b0cccb98376', 'Hår', NULL, 'Hårtjenester inkludert klipp, farge og styling'), ('40613055-bb54-561d-9553-1fee5ba0e651', 'Negler', NULL, 'Manikyr, pedikyr og negledesign'), ('a1b8b547-cac9-5eef-87c4-eb2759d940ae', 'Makeup', NULL, 'Profesjonell makeup for alle anledninger'), ('079569b3-a55d-55e1-975d-b26972bc6ec6', 'Bryn & Vipper', NULL, 'Forming av bryn og vippeextensions'), ('48d376e0-21ce-5ed7-b7bc-26086c834c23', 'Bryllup', NULL, 'Spesialtjenester for bryllup');
INSERT INTO public.service_categories (id,name,parent_category_id,description) VALUES ('8b9acf0f-1e59-575c-8539-e1b41ada88c8', 'Herreklipp', NULL, 'Klipp og styling for menn'), ('0ec9257e-284f-5a2d-b768-ee9c1e056c43', 'Dameklipp', NULL, 'Klipp og styling for damer'), ('8a0318a1-1626-585e-839f-0e881f24edd2', 'Farge & Striper', NULL, 'Hårfarge, striper og balayage'), ('0af81dd5-c20a-54cb-9ab7-0de1259a4a46', 'Gellack', NULL, 'Holdbar gellakk manikyr'), ('fc3ffaa5-5262-5b4f-a287-30c465b44480', 'Negleextensions', NULL, 'Forlengelse av negler'), ('6c6f1199-278a-5664-988f-1292e2cae64b', 'Dagsmakeup', NULL, 'Naturlig makeup for hverdagen'), ('5ddde919-1114-53e9-a4c0-dc2145920408', 'Festmakeup', NULL, 'Glamorøs makeup for spesielle anledninger'), ('17f95600-eff1-5970-a211-d8e83a29ea50', 'Vippeextensions', NULL, 'Profesjonelle vippeextensions'), ('b3f2d1e0-2855-5597-a47f-1b112e22270b', 'Brynslaminering', NULL, 'Laminering og forming av bryn'), ('9c628742-bfcd-5d58-a89d-628582c258c7', 'Brudemakeup', NULL, 'Spesialmakeup for bruden'), ('4359c682-2693-5b27-afb1-0113f84759e2', 'Brudefrisyre', NULL, 'Frisyre for bruden');
UPDATE public.service_categories SET parent_category_id = '774d6a93-1a7a-59f0-b70f-9b0cccb98376' WHERE id = '8b9acf0f-1e59-575c-8539-e1b41ada88c8';
UPDATE public.service_categories SET parent_category_id = '774d6a93-1a7a-59f0-b70f-9b0cccb98376' WHERE id = '0ec9257e-284f-5a2d-b768-ee9c1e056c43';
UPDATE public.service_categories SET parent_category_id = '774d6a93-1a7a-59f0-b70f-9b0cccb98376' WHERE id = '8a0318a1-1626-585e-839f-0e881f24edd2';
UPDATE public.service_categories SET parent_category_id = '40613055-bb54-561d-9553-1fee5ba0e651' WHERE id = '0af81dd5-c20a-54cb-9ab7-0de1259a4a46';
UPDATE public.service_categories SET parent_category_id = '40613055-bb54-561d-9553-1fee5ba0e651' WHERE id = 'fc3ffaa5-5262-5b4f-a287-30c465b44480';
UPDATE public.service_categories SET parent_category_id = 'a1b8b547-cac9-5eef-87c4-eb2759d940ae' WHERE id = '6c6f1199-278a-5664-988f-1292e2cae64b';
UPDATE public.service_categories SET parent_category_id = 'a1b8b547-cac9-5eef-87c4-eb2759d940ae' WHERE id = '5ddde919-1114-53e9-a4c0-dc2145920408';
UPDATE public.service_categories SET parent_category_id = '079569b3-a55d-55e1-975d-b26972bc6ec6' WHERE id = '17f95600-eff1-5970-a211-d8e83a29ea50';
UPDATE public.service_categories SET parent_category_id = '079569b3-a55d-55e1-975d-b26972bc6ec6' WHERE id = 'b3f2d1e0-2855-5597-a47f-1b112e22270b';
UPDATE public.service_categories SET parent_category_id = '48d376e0-21ce-5ed7-b7bc-26086c834c23' WHERE id = '9c628742-bfcd-5d58-a89d-628582c258c7';
UPDATE public.service_categories SET parent_category_id = '48d376e0-21ce-5ed7-b7bc-26086c834c23' WHERE id = '4359c682-2693-5b27-afb1-0113f84759e2';
INSERT INTO auth.users (instance_id,id,aud,role,email,encrypted_password,email_confirmed_at,invited_at,confirmation_token,confirmation_sent_at,recovery_token,recovery_sent_at,email_change_token_new,email_change,email_change_sent_at,last_sign_in_at,raw_app_meta_data,raw_user_meta_data,is_super_admin,created_at,updated_at,phone,phone_confirmed_at,phone_change,phone_change_token,phone_change_sent_at,email_change_token_current,email_change_confirm_status,banned_until,reauthentication_token,reauthentication_sent_at,is_sso_user,deleted_at,is_anonymous) VALUES ('00000000-0000-0000-0000-000000000000', '0f5d546a-dd80-5406-a005-a4f3061b9fb4', 'authenticated', 'authenticated', 'admin@nabostylisten.no', '$2a$10$JEpaf.puIXxfqjkPaNCLle3a0yB4x2XbnTUH7L5SoK7J45bpeykla', '2025-07-26T18:01:44.740Z', NULL, 'tj1n7jvx9bnnr1hclltin', NULL, '6t2m34pm1pvmovvpk6gw8e', '2025-07-26T17:56:44.740Z', '81p972clrm2828ps49otzm', '41x84eb4dxhe45qn4s758p', NULL, '2025-08-24T17:56:44.740Z', '{"provider":"email","providers":["email"]}', '{"sub":"","email":"admin@nabostylisten.no","full_name":"Admin User","role":"admin","phone_number":"+4712345678","email_verified":true,"phone_verified":false}', NULL, '2025-07-26T17:56:44.740Z', '2025-08-24T17:56:44.740Z', NULL, NULL, '7d89r51dma4lf9mqnb7cf7', 'x7vx40i7rmj8q5ngxkvo37', NULL, 'hdsgo2dmukqkt8urf1ssze', 0, NULL, '1lm3zrrtkitfwupc5y58b', NULL, 'f', NULL, 'f'), ('00000000-0000-0000-0000-000000000000', '5fef9e7c-116a-5504-a6ae-d16f4442d448', 'authenticated', 'authenticated', 'maria.hansen@example.com', '$2a$10$JEpaf.puIXxfqjkPaNCLle3a0yB4x2XbnTUH7L5SoK7J45bpeykla', '2025-07-26T18:01:44.740Z', NULL, 'p9m8rsk12voi4wq8e9219', NULL, 'xewdwehjghe7iewrj9z9o', '2025-07-26T17:56:44.740Z', 'ab3rd8mjfhwtu19a1336ke', 'zny220q7aarx99lls19kp', NULL, '2025-08-24T17:56:44.740Z', '{"provider":"email","providers":["email"]}', '{"sub":"","email":"maria.hansen@example.com","full_name":"Maria Hansen","role":"stylist","phone_number":"+4790123456","email_verified":true,"phone_verified":false}', NULL, '2025-07-26T17:56:44.740Z', '2025-08-24T17:56:44.740Z', NULL, NULL, '0llat6k41sbd027yljzup53d', 'dlmq6pqm0vf7fznzu2986e', NULL, 'jo6djcg69fugplrwd1ka', 0, NULL, 'c9sej76a6vhro9t51akeqr', NULL, 'f', NULL, 'f'), ('00000000-0000-0000-0000-000000000000', '5ac46069-d153-5b50-a0be-8a017d379243', 'authenticated', 'authenticated', 'sophia.larsen@example.com', '$2a$10$JEpaf.puIXxfqjkPaNCLle3a0yB4x2XbnTUH7L5SoK7J45bpeykla', '2025-07-26T18:01:44.740Z', NULL, 'tkf1c9x639jag4thuiwkc', NULL, 'r82fihmwepeg85nzimgg', '2025-07-26T17:56:44.740Z', 'czasntk9qtb96immfzi8if', '5zhjfdntnp98chc32karsy', NULL, '2025-08-24T17:56:44.740Z', '{"provider":"email","providers":["email"]}', '{"sub":"","email":"sophia.larsen@example.com","full_name":"Sophia Larsen","role":"stylist","phone_number":"+4792345678","email_verified":true,"phone_verified":false}', NULL, '2025-07-26T17:56:44.740Z', '2025-08-24T17:56:44.740Z', NULL, NULL, '5j3ev5a150oh7hgsrjy4hn', 'bj1jafjin9hop0q7jenhgb', NULL, 'lzynie0bjkbq6t78zpe76', 0, NULL, '2el3c6sdg6aq08rbumfcv', NULL, 'f', NULL, 'f'), ('00000000-0000-0000-0000-000000000000', '5f2c632c-1003-5d3e-94f5-6085899aa359', 'authenticated', 'authenticated', 'emma.nilsen@example.com', '$2a$10$JEpaf.puIXxfqjkPaNCLle3a0yB4x2XbnTUH7L5SoK7J45bpeykla', '2025-07-26T18:01:44.740Z', NULL, '6bzdjw8nd4vpqrjb0f9doj', NULL, '47bppawfkr8kpjdf3g5k6k', '2025-07-26T17:56:44.740Z', 'tvibkmgzsu989eff0r0ai', 'spwbaz1b0c3r331jtyuw6', NULL, '2025-08-24T17:56:44.740Z', '{"provider":"email","providers":["email"]}', '{"sub":"","email":"emma.nilsen@example.com","full_name":"Emma Nilsen","role":"stylist","phone_number":"+4791234567","email_verified":true,"phone_verified":false}', NULL, '2025-07-26T17:56:44.740Z', '2025-08-24T17:56:44.740Z', NULL, NULL, 'tjg29tup3mrjljgffhpht', '3saffdnlypti5fj7hv0hkb', NULL, 'js3b3pphtpchtmf61xg36k', 0, NULL, '1n5t2mgi9wfmt9s1l95fek', NULL, 'f', NULL, 'f'), ('00000000-0000-0000-0000-000000000000', '71c8f57c-aae5-5ac8-8fc0-a1ff399b17b8', 'authenticated', 'authenticated', 'lisa.berg@example.com', '$2a$10$JEpaf.puIXxfqjkPaNCLle3a0yB4x2XbnTUH7L5SoK7J45bpeykla', '2025-07-26T18:01:44.740Z', NULL, 'l7eycso9u6ho2zmyrpegr', NULL, 'gfa1tbb0x7w8k1oblrhmjy', '2025-07-26T17:56:44.740Z', 'e1jkegec972833iz9isq4', 'zmyunx6974ptr53ntrdn9', NULL, '2025-08-24T17:56:44.740Z', '{"provider":"email","providers":["email"]}', '{"sub":"","email":"lisa.berg@example.com","full_name":"Lisa Berg","role":"stylist","phone_number":"+4795123456","email_verified":true,"phone_verified":false}', NULL, '2025-07-26T17:56:44.740Z', '2025-08-24T17:56:44.740Z', NULL, NULL, 'n44744upgusljhwh3f5lyr', 'ufzh0fcucocms36bkzooe9', NULL, 'egeopwimvrer0b0gatqw0o', 0, NULL, 'kftptjarva8cus91xabo2', NULL, 'f', NULL, 'f'), ('00000000-0000-0000-0000-000000000000', '815c84a1-9088-5e6f-b1ab-0853285c0e5d', 'authenticated', 'authenticated', 'anna.johansen@example.com', '$2a$10$JEpaf.puIXxfqjkPaNCLle3a0yB4x2XbnTUH7L5SoK7J45bpeykla', '2025-07-26T18:01:44.740Z', NULL, 'uadlxn21syerxm0rit9zd', NULL, 'pmzwavgrbzkzeqm8c1z1go', '2025-07-26T17:56:44.740Z', 'w9u1f24picmraft14v5e9', '8vvgzksplekqz5et65nao', NULL, '2025-08-24T17:56:44.740Z', '{"provider":"email","providers":["email"]}', '{"sub":"","email":"anna.johansen@example.com","full_name":"Anna Johansen","role":"stylist","phone_number":"+4796234567","email_verified":true,"phone_verified":false}', NULL, '2025-07-26T17:56:44.740Z', '2025-08-24T17:56:44.740Z', NULL, NULL, 'xotzpwno7xt0w0v2sky2ta', 'lwzcd6kpdbl8znm701f5n', NULL, 'w2eg03s80qhj9u2sljnt4c', 0, NULL, 'l776lu6m5c5vdoo6yoat6', NULL, 'f', NULL, 'f'), ('00000000-0000-0000-0000-000000000000', 'f14ee7a7-b3f9-561d-8cf7-983293f0008f', 'authenticated', 'authenticated', 'ingrid.solberg@example.com', '$2a$10$JEpaf.puIXxfqjkPaNCLle3a0yB4x2XbnTUH7L5SoK7J45bpeykla', '2025-07-26T18:01:44.740Z', NULL, 'awlx9zajs1sfg3m2pfn2bf', NULL, 'p3chd0tin78u9ult0o6ub', '2025-07-26T17:56:44.740Z', '8ox9qydqwz2qpupptkvtol', '3fq6rw8p1umyzl4uhrq6h', NULL, '2025-08-24T17:56:44.740Z', '{"provider":"email","providers":["email"]}', '{"sub":"","email":"ingrid.solberg@example.com","full_name":"Ingrid Solberg","role":"stylist","phone_number":"+4797345678","email_verified":true,"phone_verified":false}', NULL, '2025-07-26T17:56:44.740Z', '2025-08-24T17:56:44.740Z', NULL, NULL, '5moyftatwxk9fzvp53jrgm', 'kp3kq5q0n7db0dn4e5nhm7', NULL, 'gwaga8k9vtk56pxy6cmquh', 0, NULL, 'coc9uo1b0aq0dwb7mbsiun8', NULL, 'f', NULL, 'f'), ('00000000-0000-0000-0000-000000000000', 'e4153ca5-d012-5995-bad4-086731587974', 'authenticated', 'authenticated', 'camilla.eriksen@example.com', '$2a$10$JEpaf.puIXxfqjkPaNCLle3a0yB4x2XbnTUH7L5SoK7J45bpeykla', '2025-07-26T18:01:44.740Z', NULL, '0fcgwjakitavlws13mmqjzj', NULL, 'fyvavvesbi7pniz7uf1a4c', '2025-07-26T17:56:44.740Z', 'kk14lb07jea4tza46r5hnn', 'z6dydf78j3nvjjqb1l4w3j', NULL, '2025-08-24T17:56:44.740Z', '{"provider":"email","providers":["email"]}', '{"sub":"","email":"camilla.eriksen@example.com","full_name":"Camilla Eriksen","role":"stylist","phone_number":"+4798456789","email_verified":true,"phone_verified":false}', NULL, '2025-07-26T17:56:44.740Z', '2025-08-24T17:56:44.740Z', NULL, NULL, '1izvei76oikbgk3lf69zhn', 'zevm1tyuu5oo1a9rvz58', NULL, 'mvpp1da1ynt99qyw0n87c', 0, NULL, '659f3dtojar5s3ocpxiwc9', NULL, 'f', NULL, 'f'), ('00000000-0000-0000-0000-000000000000', '8bb5337a-4ae8-5fe9-834c-d09e97c220b7', 'authenticated', 'authenticated', 'thea.andersen@example.com', '$2a$10$JEpaf.puIXxfqjkPaNCLle3a0yB4x2XbnTUH7L5SoK7J45bpeykla', '2025-07-26T18:01:44.740Z', NULL, 'lolwk1ky7zejq2pic7izv', NULL, '0611er34ekjdm7cm89yegli', '2025-07-26T17:56:44.740Z', 'sctyuh372ppl3lu38z3lkf', 'x1ik38ze894byau581g', NULL, '2025-08-24T17:56:44.740Z', '{"provider":"email","providers":["email"]}', '{"sub":"","email":"thea.andersen@example.com","full_name":"Thea Andersen","role":"stylist","phone_number":"+4799567890","email_verified":true,"phone_verified":false}', NULL, '2025-07-26T17:56:44.740Z', '2025-08-24T17:56:44.740Z', NULL, NULL, '72h5j3mrxvqul6alyk84m', 'uadthq6ve9ituexm1noxk', NULL, 'xs671ge6f36lmbt2hd5wv', 0, NULL, '871mgcvjewngjvow2spk8', NULL, 'f', NULL, 'f'), ('00000000-0000-0000-0000-000000000000', 'b36ab93a-34cf-5d2f-8309-1f65466da6f0', 'authenticated', 'authenticated', 'marte.kristiansen@example.com', '$2a$10$JEpaf.puIXxfqjkPaNCLle3a0yB4x2XbnTUH7L5SoK7J45bpeykla', '2025-07-26T18:01:44.741Z', NULL, '8hicv2bfvaq5oa29fa3sr', NULL, 'jv41wq4is2f2jpbvhy7ecb', '2025-07-26T17:56:44.741Z', 'lykwm7mmn7twv2r7tukohq', 'nqquz9j282ca9fa81u1rf', NULL, '2025-08-24T17:56:44.741Z', '{"provider":"email","providers":["email"]}', '{"sub":"","email":"marte.kristiansen@example.com","full_name":"Marte Kristiansen","role":"stylist","phone_number":"+4790678901","email_verified":true,"phone_verified":false}', NULL, '2025-07-26T17:56:44.741Z', '2025-08-24T17:56:44.741Z', NULL, NULL, '7a5ik11ob989onpvb7v6t', '0orc2y9865nlyjmj8dw1rr', NULL, '99h984ngjh5veuie6ktatd', 0, NULL, '9wte3v0gll8hy6atc87pl9', NULL, 'f', NULL, 'f'), ('00000000-0000-0000-0000-000000000000', '44315cac-0a3d-513e-ae25-923183abdce2', 'authenticated', 'authenticated', 'sara.pedersen@example.com', '$2a$10$JEpaf.puIXxfqjkPaNCLle3a0yB4x2XbnTUH7L5SoK7J45bpeykla', '2025-07-26T18:01:44.741Z', NULL, 'vvd1ax0pdp58xgph6eo3x', NULL, 'wdhjnhim2pqmwykm1beho', '2025-07-26T17:56:44.741Z', 'ww67a04xgyoajy3ejojf46', '6nfsayypd8bfuylltjvve', NULL, '2025-08-24T17:56:44.741Z', '{"provider":"email","providers":["email"]}', '{"sub":"","email":"sara.pedersen@example.com","full_name":"Sara Pedersen","role":"stylist","phone_number":"+4791789012","email_verified":true,"phone_verified":false}', NULL, '2025-07-26T17:56:44.741Z', '2025-08-24T17:56:44.741Z', NULL, NULL, '8tczdcsbisc2koi5981kqc', '47lu8uxusyjinjfx1j662a', NULL, 'ammu9sxfyzf7sx2mcknryp', 0, NULL, 'r02e1luqe3kr6xsl1x5kl', NULL, 'f', NULL, 'f'), ('00000000-0000-0000-0000-000000000000', 'bc6c992f-6177-5b38-a99d-4c1f8bf2d0e3', 'authenticated', 'authenticated', 'kari.nordmann@example.com', '$2a$10$JEpaf.puIXxfqjkPaNCLle3a0yB4x2XbnTUH7L5SoK7J45bpeykla', '2025-07-26T18:01:44.741Z', NULL, 'qqzndo55cif3tzcnm0ext', NULL, '1hqpj42zuf7sfixunhnczl', '2025-07-26T17:56:44.741Z', 'ytm8hp1z72jwzx8l7qy0h', '9866m7ywr0rr6tv9l2aiz', NULL, '2025-08-24T17:56:44.741Z', '{"provider":"email","providers":["email"]}', '{"sub":"","email":"kari.nordmann@example.com","full_name":"Kari Nordmann","role":"customer","phone_number":"+4793456789","email_verified":true,"phone_verified":false}', NULL, '2025-07-26T17:56:44.741Z', '2025-08-24T17:56:44.741Z', NULL, NULL, 'e22ape4pi4jq4fnvr7hz2l', 'q28txqyf93cddow5sxlod', NULL, '80jgj9skl1xpocjbdl7w6r', 0, NULL, 'i0tvf9lys1a4ti085kjtrr', NULL, 'f', NULL, 'f'), ('00000000-0000-0000-0000-000000000000', '5ca75a8e-3605-5166-aa74-4e2e2fc0beef', 'authenticated', 'authenticated', 'ole.hansen@example.com', '$2a$10$JEpaf.puIXxfqjkPaNCLle3a0yB4x2XbnTUH7L5SoK7J45bpeykla', '2025-07-26T18:01:44.741Z', NULL, '1hmniudaxn37n077gm6rme', NULL, '6vyw2mu3ndtlij09u54xj', '2025-07-26T17:56:44.741Z', 'mcrm6z9vsxkrh4x7bpmhw8', '4q2avtwumeuizo30newwus', NULL, '2025-08-24T17:56:44.741Z', '{"provider":"email","providers":["email"]}', '{"sub":"","email":"ole.hansen@example.com","full_name":"Ole Hansen","role":"customer","phone_number":"+4794567890","email_verified":true,"phone_verified":false}', NULL, '2025-07-26T17:56:44.741Z', '2025-08-24T17:56:44.741Z', NULL, NULL, 'c4c1zogk57yierw7uv57e', 'a657dyab6jenmoooro84j', NULL, 'cfvaendrysg6p9w1woq969', 0, NULL, 'o0g3cxy65prubayluuj19', NULL, 'f', NULL, 'f'), ('00000000-0000-0000-0000-000000000000', '12b3f6e4-8e09-5767-b1ce-9d45589acea2', 'authenticated', 'authenticated', 'per.jensen@example.com', '$2a$10$JEpaf.puIXxfqjkPaNCLle3a0yB4x2XbnTUH7L5SoK7J45bpeykla', '2025-07-26T18:01:44.741Z', NULL, 'czxb0pe9ugv29w4t8sx846', NULL, '1t35e2d1c8wpewio6eyi18', '2025-07-26T17:56:44.741Z', 'kyfutlyalcfrq1d8lu2b8r', 'usv4d86cz5nfoj7a768s5i', NULL, '2025-08-24T17:56:44.741Z', '{"provider":"email","providers":["email"]}', '{"sub":"","email":"per.jensen@example.com","full_name":"Per Jensen","role":"customer","phone_number":"+4792890123","email_verified":true,"phone_verified":false}', NULL, '2025-07-26T17:56:44.741Z', '2025-08-24T17:56:44.741Z', NULL, NULL, 'k9cyjz198oqa0sa4bd2c', 'yg0hc3yeypublny157ygi', NULL, 'a55cmr5mi8fsgcy7arx2z', 0, NULL, 'm3ndyt8h46hrx4h4cc5zh', NULL, 'f', NULL, 'f'), ('00000000-0000-0000-0000-000000000000', '461f046b-b8af-5c8e-95dd-0f9194531ecb', 'authenticated', 'authenticated', 'anne.olsen@example.com', '$2a$10$JEpaf.puIXxfqjkPaNCLle3a0yB4x2XbnTUH7L5SoK7J45bpeykla', '2025-07-26T18:01:44.741Z', NULL, '86xxsw99k1fxv3l02carw', NULL, 'mx4m70odduhxfvnhstwae', '2025-07-26T17:56:44.741Z', 'dml5qri2b5pgwagchfmvjr', 'zq13t31xpcup58ht3v2dp', NULL, '2025-08-24T17:56:44.741Z', '{"provider":"email","providers":["email"]}', '{"sub":"","email":"anne.olsen@example.com","full_name":"Anne Olsen","role":"customer","phone_number":"+4793901234","email_verified":true,"phone_verified":false}', NULL, '2025-07-26T17:56:44.741Z', '2025-08-24T17:56:44.741Z', NULL, NULL, 'ofw8obtz37k3qord1dymnz', '94s5l0boaa5v4m653jlfke', NULL, 'n0dcauhhtajc55af6oqnm', 0, NULL, 'qzj7z5oc0s97kdshx8em', NULL, 'f', NULL, 'f');
INSERT INTO auth.identities (provider_id,user_id,identity_data,provider,last_sign_in_at,created_at,updated_at,id) VALUES ('0f5d546a-dd80-5406-a005-a4f3061b9fb4', '0f5d546a-dd80-5406-a005-a4f3061b9fb4', '{"sub":"0f5d546a-dd80-5406-a005-a4f3061b9fb4","email":"admin@nabostylisten.no"}', 'email', '2025-08-25T17:56:44.743Z', '2020-12-17T00:05:40.000Z', '2020-05-09T04:27:27.000Z', 'b143eba5-dccf-5102-bf0c-df1fed8e4684'), ('5fef9e7c-116a-5504-a6ae-d16f4442d448', '5fef9e7c-116a-5504-a6ae-d16f4442d448', '{"sub":"5fef9e7c-116a-5504-a6ae-d16f4442d448","email":"maria.hansen@example.com"}', 'email', '2025-08-25T17:56:44.743Z', '2020-07-11T18:06:24.000Z', '2020-05-05T04:50:06.000Z', 'faa53e33-d79d-5e55-8492-9d63f5d3d727'), ('5ac46069-d153-5b50-a0be-8a017d379243', '5ac46069-d153-5b50-a0be-8a017d379243', '{"sub":"5ac46069-d153-5b50-a0be-8a017d379243","email":"sophia.larsen@example.com"}', 'email', '2025-08-25T17:56:44.743Z', '2020-02-02T01:32:57.000Z', '2020-11-11T22:48:09.000Z', '74f042cb-e322-509c-9d63-10e4f595b967'), ('5f2c632c-1003-5d3e-94f5-6085899aa359', '5f2c632c-1003-5d3e-94f5-6085899aa359', '{"sub":"5f2c632c-1003-5d3e-94f5-6085899aa359","email":"emma.nilsen@example.com"}', 'email', '2025-08-25T17:56:44.743Z', '2020-10-10T10:09:38.000Z', '2020-09-17T20:27:37.000Z', 'b9b4b9f5-2df1-59fe-9530-3958f5529a0d'), ('71c8f57c-aae5-5ac8-8fc0-a1ff399b17b8', '71c8f57c-aae5-5ac8-8fc0-a1ff399b17b8', '{"sub":"71c8f57c-aae5-5ac8-8fc0-a1ff399b17b8","email":"lisa.berg@example.com"}', 'email', '2025-08-25T17:56:44.743Z', '2020-10-26T09:34:57.000Z', '2020-03-11T14:50:59.000Z', '97859bee-aa29-5d0d-b116-71d3b0ad5822'), ('815c84a1-9088-5e6f-b1ab-0853285c0e5d', '815c84a1-9088-5e6f-b1ab-0853285c0e5d', '{"sub":"815c84a1-9088-5e6f-b1ab-0853285c0e5d","email":"anna.johansen@example.com"}', 'email', '2025-08-25T17:56:44.743Z', '2020-08-12T07:23:03.000Z', '2020-01-01T00:21:27.000Z', 'f55deac0-fba7-5119-be5d-b74667a58166'), ('f14ee7a7-b3f9-561d-8cf7-983293f0008f', 'f14ee7a7-b3f9-561d-8cf7-983293f0008f', '{"sub":"f14ee7a7-b3f9-561d-8cf7-983293f0008f","email":"ingrid.solberg@example.com"}', 'email', '2025-08-25T17:56:44.743Z', '2020-03-07T02:33:55.000Z', '2020-12-12T11:11:39.000Z', 'c9fbf201-458b-5d64-8921-97497dd30014'), ('e4153ca5-d012-5995-bad4-086731587974', 'e4153ca5-d012-5995-bad4-086731587974', '{"sub":"e4153ca5-d012-5995-bad4-086731587974","email":"camilla.eriksen@example.com"}', 'email', '2025-08-25T17:56:44.743Z', '2020-01-13T00:14:18.000Z', '2020-10-18T09:58:06.000Z', '54770927-fc73-5f45-ada3-a544ad28a4cd'), ('8bb5337a-4ae8-5fe9-834c-d09e97c220b7', '8bb5337a-4ae8-5fe9-834c-d09e97c220b7', '{"sub":"8bb5337a-4ae8-5fe9-834c-d09e97c220b7","email":"thea.andersen@example.com"}', 'email', '2025-08-25T17:56:44.743Z', '2020-06-06T17:17:47.000Z', '2020-05-21T04:19:15.000Z', 'de7516d6-39ee-5278-bec9-c69d77243e5c'), ('b36ab93a-34cf-5d2f-8309-1f65466da6f0', 'b36ab93a-34cf-5d2f-8309-1f65466da6f0', '{"sub":"b36ab93a-34cf-5d2f-8309-1f65466da6f0","email":"marte.kristiansen@example.com"}', 'email', '2025-08-25T17:56:44.743Z', '2020-07-23T19:07:47.000Z', '2020-06-02T17:55:08.000Z', 'bdfe627d-4ee2-5e71-94c3-5e094301e09d'), ('44315cac-0a3d-513e-ae25-923183abdce2', '44315cac-0a3d-513e-ae25-923183abdce2', '{"sub":"44315cac-0a3d-513e-ae25-923183abdce2","email":"sara.pedersen@example.com"}', 'email', '2025-08-25T17:56:44.743Z', '2020-11-03T22:21:07.000Z', '2020-03-11T02:25:29.000Z', '66a3ec8d-a5e2-56df-b923-12d134ca7dcd'), ('bc6c992f-6177-5b38-a99d-4c1f8bf2d0e3', 'bc6c992f-6177-5b38-a99d-4c1f8bf2d0e3', '{"sub":"bc6c992f-6177-5b38-a99d-4c1f8bf2d0e3","email":"kari.nordmann@example.com"}', 'email', '2025-08-25T17:56:44.743Z', '2020-04-04T03:13:40.000Z', '2020-04-24T03:16:12.000Z', '61ba1055-4914-50b2-ac5c-5110c6530a5b'), ('5ca75a8e-3605-5166-aa74-4e2e2fc0beef', '5ca75a8e-3605-5166-aa74-4e2e2fc0beef', '{"sub":"5ca75a8e-3605-5166-aa74-4e2e2fc0beef","email":"ole.hansen@example.com"}', 'email', '2025-08-25T17:56:44.743Z', '2020-12-28T12:02:36.000Z', '2020-08-08T20:04:41.000Z', '7b927fb3-4c18-52f4-b43d-e7ddba3358df'), ('12b3f6e4-8e09-5767-b1ce-9d45589acea2', '12b3f6e4-8e09-5767-b1ce-9d45589acea2', '{"sub":"12b3f6e4-8e09-5767-b1ce-9d45589acea2","email":"per.jensen@example.com"}', 'email', '2025-08-25T17:56:44.743Z', '2020-02-02T01:22:42.000Z', '2020-09-25T08:45:35.000Z', '354c7dba-fb3e-55e2-95ab-db2fb16fa637'), ('461f046b-b8af-5c8e-95dd-0f9194531ecb', '461f046b-b8af-5c8e-95dd-0f9194531ecb', '{"sub":"461f046b-b8af-5c8e-95dd-0f9194531ecb","email":"anne.olsen@example.com"}', 'email', '2025-08-25T17:56:44.743Z', '2020-05-17T04:06:08.000Z', '2020-04-24T15:21:20.000Z', '73b53d32-c26f-5c4b-a0cf-581d03577038');
INSERT INTO public.stylist_details (profile_id,created_at,updated_at,bio,can_travel,has_own_place,travel_distance_km,instagram_profile,facebook_profile,tiktok_profile,youtube_profile,snapchat_profile,other_social_media_urls,stripe_account_id) VALUES ('5fef9e7c-116a-5504-a6ae-d16f4442d448', DEFAULT, DEFAULT, 'Erfaren frisør med over 10 års erfaring. Spesialiserer meg på moderne klipp og fargeteknikker.', 't', 't', 15, '@mariahansen_hair', 'Libid iis quibus ter poena quae es remotissius.', 'Rem ut imam abilita positari, et ocritatur advera vivat vix essariae contingeren et.', 'Stultorquato melioremus metu carerab putare solum.', 'Institio quid rationem ad essent quae.', '{"Appellant mutae fortunae vi malle, sic tollunt faciantur nullam autem reliquarum loqueris."}', 'Fuisse vexet maximamus vitae cum dixitureum moles sunt.'), ('5ac46069-d153-5b50-a0be-8a017d379243', DEFAULT, DEFAULT, 'Spesialist på bryn og vipper. Sertifisert lash technician med fokus på naturlige resultater.', 'f', 't', NULL, '@sophialashes', 'sophialarsenlashes', 'Aiebatum se eum sentiet in are voluptate viven.', 'Discens dicam rem propter continacced, si eos inem utiliustius efficeri.', 'Cognitudit ex litur patria et suscipitur in dein.', '{"Dolorum disserendi estiae plane veniri."}', 'Campum ore admodo ationis spatio inas ut honest.'), ('5f2c632c-1003-5d3e-94f5-6085899aa359', DEFAULT, DEFAULT, 'Makeup artist og negletekniker. Elsker å skape unike looks for mine kunder!', 't', 'f', 20, '@emma_beauty', 'Eorum res quid salut affecerin oculatom, sic mihi quoque ne semperspecta.', '@emmabeautybergen', 'Graecum essensibi quid sicomnis totum melius legit.', 'Ob vero ipsum non polyaeno.', '{"Praeda nec molest repertamen quibus studuis pacem."}', 'Si quod vacuit vacuitatur tot.'), ('71c8f57c-aae5-5ac8-8fc0-a1ff399b17b8', DEFAULT, DEFAULT, 'Profesjonell hårfrisør og fargeekspert. Brenner for å skape fantastiske frisyrer som passer din stil.', 't', 't', 25, '@lisaberg_hair', 'Andum potionest ad natura sed am andistinis videndam.', 'Et esse causa ilioribus postea viam ita.', 'Lat physico esse pro epicus privatque conquirentii reici, unt ipsis nihilia cum quid.', 'Quidem si iucunt voluptatis tu, posid quibus duxit sit nostrum quis hoc.', '{"Quot dolor corporum providerem es cum quid."}', 'Est perantium tractate quia ducim nisi es, locum cur contra loqueris ab sive maximadhuc si.'), ('815c84a1-9088-5e6f-b1ab-0853285c0e5d', DEFAULT, DEFAULT, 'Spesialiserer meg på bryllup og festmakeup. Over 8 års erfaring med å få folk til å skinne!', 't', 't', 30, '@anna_makeup_trondheim', 'annamakeup', 'Gaudeaturam dictur legi voluptas sequi in qui admissimus.', 'Quid omnisi assectet nec apudint inter.', 'Stultus et voluptatem iscent ea, non es tractatis tamquam etiam antiam.', '{"Foedustate beatam in causamicia falsis videtentium mortalo."}', 'Videntur perciplineam nis ruinae discidanim physico neque ano, imus quanta ula illo es pacuvii aut.'), ('f14ee7a7-b3f9-561d-8cf7-983293f0008f', DEFAULT, DEFAULT, 'Sertifisert negletekniker med fokus på gel og akryl. Elsker kreative design og nail art!', 'f', 't', NULL, '@ingrid_nails', 'Epicis extremum sapientes id vivenimus qua.', 'Recta videant etendistin beatus victi mandam suas, afflueret voluptatib quondam eorum quibus summissummis chaere naturrer.', 'Igitistot sit nivem nec paravi viventur vitae viam.', 'Sequaturo sunt tum nihillaram quae suavitur sed superit.', '{"Explicare collegamic cur ipsummum mollis."}', 'E hoc apudiner sin eadem non corrupte, quidemus conclusae utrumque multo ut.'), ('e4153ca5-d012-5995-bad4-086731587974', DEFAULT, DEFAULT, 'Hårfrisør med spesialisering innen balayage og moderne fargeteknikker. La meg hjelpe deg finne din perfekte look!', 't', 't', 20, '@camilla_hair_stavanger', 'Utura in sed quasi an claroribus matisque e, ut inventorquat non reprehentium inum se.', '@camillahair', 'Duris voluperet et sit ut.', 'Ad vide negant cum et.', '{"Ad cura non id epicitia vero."}', 'Declinartib ullus placet dici ulati sit in rentur.'), ('8bb5337a-4ae8-5fe9-834c-d09e97c220b7', DEFAULT, DEFAULT, 'Vippeextensions og brynforming er min spesialitet. Fokus på naturlig skjønnhet og holdbare resultater.', 't', 'f', 15, '@thea_lashes', 'Aret libervi eum enimus plurimi inmortempor non comitus.', 'Voluptates claudicur quas a minus effecta hominquam laetet.', 'Probare et suavitatam commundi qui dissent efficiant, elego ea aegritudo tota doloresset quid delectamen cum.', 'Omnium te legum quaeri ad, gravisset potest firmare iudicemur a.', '{"Ceramore fore officia omnino quam vivendarum autem, philosophar terem tu aut in huic consis."}', 'Ideritiam tractavistip quanta inqueretiam secut ibus.'), ('b36ab93a-34cf-5d2f-8309-1f65466da6f0', DEFAULT, DEFAULT, 'Allsidig stylist med erfaring innen hår, makeup og negler. Jeg hjelper deg å se din beste ut!', 't', 't', 25, '@marte_beauty_krs', 'Eosdemocrit paulo nati in univerar aequit.', 'Natur factis iis ex quo ipemusu.', 'martebeauty', 'Primosophi expetiungim nutu sempiter et summam, a sine equid ani autem qua.', '{"Civium fore loque erruisset tum."}', 'Late est laborem a credo qualesse sum viderit, provintuemur est fuisse ipem omnisque quae.'), ('44315cac-0a3d-513e-ae25-923183abdce2', DEFAULT, DEFAULT, 'Spesialist på festfrisyrer og updos. Perfekt for bryllup, ball og andre spesielle anledninger.', 't', 't', 20, '@sara_hair_kristiansand', 'Temportare imus es veri mundi efficera te ultasse.', 'Quod et itur evolum cur item, mala nec censes exis voluptas.', 'Enimus sensummum quidem bonissimum se.', 'Sedenderig tranquillitter idium humilloqui vim familli tum inducunt, etudin tum filium abistimum finxeratio ea e indicenim.', '{"Et tum quidem id his neglexer quo igit, ea non ulla magnoperet ubi quodsi."}', 'Ut eorum in etiam det, mihi sed volum exis rebus sapientia.');
INSERT INTO public.addresses (id,created_at,updated_at,user_id,nickname,street_address,city,postal_code,country,entry_instructions,is_primary,location,country_code) VALUES ('bd3edf5b-ac02-535e-8e3e-6618cb12f398', DEFAULT, DEFAULT, '5fef9e7c-116a-5504-a6ae-d16f4442d448', 'Salong', 'Storgata 15', 'Oslo', '0154', 'Norge', 'Quam compartientis essent si rebus, videorum in voluptate doloris omnium si.', 't', 'POINT(10.746 59.913)', 'Philos lucifugnan poetis inanimis fuisse, cum clariorem faciliquis nihil ida eadem sive.'), ('6c9d012c-5297-5c62-86e9-bad5cadf3cac', DEFAULT, DEFAULT, '5ac46069-d153-5b50-a0be-8a017d379243', 'Studio', 'Markveien 35', 'Oslo', '0554', 'Norge', 'Prorsuspicio vero cupid arum carerudit in quae etiam, asperspexit cupio inum inoporum atione quae.', 't', 'POINT(10.7585 59.9295)', 'Falsariusteq fieri geomet voluptates utam in labera oblivionib.'), ('0b6e0c50-55a4-5a5a-9c4c-77fe089c812b', DEFAULT, DEFAULT, '5f2c632c-1003-5d3e-94f5-6085899aa359', 'Hjemmekontor', 'Løkkeveien 8', 'Bergen', '5003', 'Norge', 'Et endi stoicos tibusdam ego, romantiqua loco recus afferri ut pluribus.', 't', 'POINT(5.324 60.393)', 'Ipsa nec quem ab sole ant, modus per physicis democritus a solissima.'), ('4d9b24a7-1d63-5bdb-b6fa-66964de3c47d', DEFAULT, DEFAULT, '71c8f57c-aae5-5ac8-8fc0-a1ff399b17b8', 'Salong', 'Strandgaten 55', 'Bergen', '5004', 'Norge', 'Falso quantaque ut illum efficilit.', 't', 'POINT(5.3260 60.3894)', 'Ipsi convenersas ea didisque em.'), ('7f78a89c-d6ef-5d26-a4f4-5f88b27e42d8', DEFAULT, DEFAULT, '815c84a1-9088-5e6f-b1ab-0853285c0e5d', 'Studio', 'Munkegata 20', 'Trondheim', '7011', 'Norge', 'Molest am nostra il naturum et paene gere, ultima quae debita id scriptumcum si.', 't', 'POINT(10.395 63.43)', 'Instituam triarium causam a graecostento quid, nominquit conseque repelis putet discipi si tranquillat nec.'), ('46cdec8c-0435-5711-bcdd-46dbee605a95', DEFAULT, DEFAULT, 'f14ee7a7-b3f9-561d-8cf7-983293f0008f', 'Neglesalong', 'Olav Tryggvasons gate 14', 'Trondheim', '7013', 'Norge', 'Angatur alia tam atomnino et currunt comprehendum hoc, stoici conscientiam init voluptatem nollem est profectam.', 't', 'POINT(10.3950 63.4305)', 'Atis sin vero voluptate tam fugiatur, sine beate quid hac voluptatem nullam.'), ('6c30b436-3b25-59a8-a9bd-75a524932ef2', DEFAULT, DEFAULT, 'e4153ca5-d012-5995-bad4-086731587974', 'Hårstudio', 'Klubbgaten 5', 'Stavanger', '4006', 'Norge', 'Quae meliusque ut conspiratas incorpora, libere gymnasia quod splendidicur quam animi itat neque.', 't', 'POINT(5.733 58.97)', 'Sit totum gymnasia nobistunae elabest non vacarchum, medium ex quaerendi perante sunt te segnitioni.'), ('d67d982a-a4f8-5cd1-aa5e-38c4af03c4b3', DEFAULT, DEFAULT, '8bb5337a-4ae8-5fe9-834c-d09e97c220b7', 'Skjønnhetssalong', 'Øvre Holmegate 15', 'Stavanger', '4008', 'Norge', 'Levius ine quod abo a esse.', 't', 'POINT(5.7330 58.9700)', 'Desisti ob vocetur praeclaret quae hoc omor, voluptatem sit successione interrore aut consuetudin cum.'), ('a1d9819c-1cef-505d-94e2-7ea3f870cfab', DEFAULT, DEFAULT, 'b36ab93a-34cf-5d2f-8309-1f65466da6f0', 'Beauty Studio', 'Markens gate 33', 'Kristiansand', '4611', 'Norge', 'Omnino nihillud si scientia geometiam vertatio, tranquillitter labornatur fortitiam quisquam quae ut.', 't', 'POINT(8.00 58.1472)', 'Aut zenonium cader censes vel ad.'), ('ee3b6f73-807c-50ab-9beb-a01def0198b5', DEFAULT, DEFAULT, '44315cac-0a3d-513e-ae25-923183abdce2', 'Hårsalong', 'Dronningens gate 15', 'Kristiansand', '4608', 'Norge', 'Philos vidis supere quem epicur animi, im dixeret doctrina qui voluptatib.', 't', 'POINT(7.9956 58.1467)', 'Uteratom mone ilitur cum quam iucunde.'), ('eab67206-15d4-5717-b7d1-abd2090fe52f', DEFAULT, DEFAULT, 'bc6c992f-6177-5b38-a99d-4c1f8bf2d0e3', 'Hjemme', 'Grønlandsleiret 44', 'Oslo', '0190', 'Norge', 'Ad advero nihillud est et tant nem, nihilitiam quibus delendiscor tam vitium.', 't', 'POINT(10.7608 59.9127)', 'Ad cognitatom tamque menantes conspectum ea decoris, crederet praeclarandis providit ultimordin minimis.'), ('6c1d6768-1da8-5738-bfb1-ad13d4c99a21', DEFAULT, DEFAULT, '5ca75a8e-3605-5166-aa74-4e2e2fc0beef', 'Leilighet', 'Torgallmenningen 8', 'Bergen', '5014', 'Norge', 'Assecutrum il pecunum omnium conseque cupio et, melius est fore non peccandi id voluptas difficercit.', 't', 'POINT(5.3247 60.3933)', 'Tibus corpus quo omnino contendissen, titudinis nullam totam interea sed fabele quia aliudicit.'), ('99cb2076-813e-5072-8fe0-12cd684131d7', DEFAULT, DEFAULT, '12b3f6e4-8e09-5767-b1ce-9d45589acea2', 'Hjem', 'Prinsens gate 44', 'Trondheim', '7012', 'Norge', 'Sentientium notae res quam et, ida existimid viam aut it legam.', 't', 'POINT(10.3951 63.4297)', 'Est omnium dolores et nati quibus affectus.'), ('a5153060-7d03-551d-bddc-3270e7ff7e1c', DEFAULT, DEFAULT, '461f046b-b8af-5c8e-95dd-0f9194531ecb', 'Leilighet', 'Kirkegata 20', 'Stavanger', '4005', 'Norge', 'Et atomnia stare nostris confecerit.', 't', 'POINT(5.7315 58.9690)', 'Inera tot id vel igenda.');
INSERT INTO public.services (id,created_at,updated_at,stylist_id,title,description,price,duration_minutes,at_customer_place,at_stylist_place,currency,is_published,includes,requirements) VALUES ('76182b33-2b88-55da-9317-c322cfc4cdb2', DEFAULT, DEFAULT, '5ac46069-d153-5b50-a0be-8a017d379243', 'Gellack med design', 'Holdbar gellack med kreativt negledesign', 926, 75, 't', 't', 'NOK', 't', '{"Neglefil og buffer","Cuticle behandling","Neglelakk av høy kvalitet","Base coat og top coat"}', '{"Tilgang til strøm","Stol med armstø"}'), ('f66c822d-c39b-5997-9fdd-1cc2906b1259', DEFAULT, DEFAULT, '815c84a1-9088-5e6f-b1ab-0853285c0e5d', 'Makeup kurs', 'Lær å sminke deg selv som en proff', 1132, 150, 't', 'f', 'NOK', 't', '{"Styling tips","Touchup produkter","Foto-ready finish","Fargeanalyse","Sminke fjerner"}', '{"Tilgang til vann","Speil i full størrelse"}'), ('7c724ddb-a436-508b-954f-ea531f015c8e', DEFAULT, DEFAULT, '5f2c632c-1003-5d3e-94f5-6085899aa359', 'Shellac behandling', 'Langtidsholdbar neglelakk behandling', 2509, 45, 'f', 't', 'NOK', 't', '{"Håndkrem og negleolje","Neglefil og buffer","Base coat og top coat","Cuticle behandling","UV-lampe behandling","Neglelakk av høy kvalitet"}', '{"Detraxis dein entium virtutibus morte omnino, in stabil quem contempore non es deniquidae."}'), ('ee28eb0b-265a-5f31-962b-baeb03171f3b', DEFAULT, DEFAULT, 'f14ee7a7-b3f9-561d-8cf7-983293f0008f', 'Brynsfarge', 'Farging av bryn for definert look', 1473, 30, 'f', 'f', 'NOK', 't', '{"Øyebryn forming og farge","Aftercare produkter","Allergi test"}', '{"Aris ferattulis confirmam contentiam lectorquatum."}'), ('bdd1b363-ac2b-5678-88e3-3a63f4b658f4', DEFAULT, DEFAULT, '5ac46069-d153-5b50-a0be-8a017d379243', 'Hybrid vipper', 'Kombinasjon av klassiske og volum vipper', 1269, 120, 't', 'f', 'NOK', 't', '{"Profesjonelle produkter","Konsultasjon og fargetest","Allergi test","Aftercare produkter"}', '{"Ren og støvfri miljø","Godt belyst rom"}'), ('e00070ec-a32f-50ad-9dca-90b08b918d33', DEFAULT, DEFAULT, '8bb5337a-4ae8-5fe9-834c-d09e97c220b7', 'Brudefrisyre', 'Eksklusiv styling for din store dag. Prøvetime inkludert.', 1586, 120, 't', 't', 'NOK', 't', '{"Brudeparti styling tilbud","Profesjonelle produkter","Foto dokumentasjon","Touchup under dagen","Brudemakeup og hår"}', '{"God belysning (fortrinnsvis naturlig)","Mulighet for å henge kjoler","Strømtilgang"}'), ('14988abd-97c9-5f3a-be9a-59d5637d4463', DEFAULT, DEFAULT, 'f14ee7a7-b3f9-561d-8cf7-983293f0008f', 'Balayage farge', 'Moderne fargeteknikk for naturlig solkysset hår', 2127, 120, 't', 'f', 'NOK', 't', '{"Konsultasjon og fargeråd","Klipp og styling","Hjemmepleieprodukter","Føn og styling"}', '{"God belysning","Stol med ryggstø","Håndkle tilgjengelig"}'), ('5d426f4d-43a7-5476-969b-4ca4336173ad', DEFAULT, DEFAULT, 'b36ab93a-34cf-5d2f-8309-1f65466da6f0', 'Brude makeup', 'Perfekt makeup for din store dag', 1045, 90, 'f', 't', 'NOK', 't', '{"Profesjonelle produkter","Sminke fjerner","Makeup konsultasjon","Touchup produkter"}', '{"Et doctis quamquam esset inos etiam libertimo amicium, petendi partientis quam volupere nam."}'), ('8379c4b0-1c06-5d40-b0fc-56513422c1d8', DEFAULT, DEFAULT, 'b36ab93a-34cf-5d2f-8309-1f65466da6f0', 'Gellack manikyr', 'Holdbar gellakk manikyr som varer i uker', 884, 90, 't', 'f', 'NOK', 't', '{"Håndkrem og negleolje","Neglefil og buffer","Neglelakk av høy kvalitet","UV-lampe behandling","Base coat og top coat"}', '{"Tilgang til strøm","Bord eller fast overflate"}'), ('c970b6e4-e959-5586-9093-3c50e0f7ab60', DEFAULT, DEFAULT, '5f2c632c-1003-5d3e-94f5-6085899aa359', 'Brudepakke', 'Komplett pakke med makeup og hår for bruden', 933, 180, 't', 't', 'NOK', 't', '{"Styling konsultasjon","Brudeparti styling tilbud","Prøvetime inkludert","Foto dokumentasjon"}', '{"Speil i full størrelse","God belysning (fortrinnsvis naturlig)","Plass til utstyr og produkter","Strømtilgang"}'), ('f67b1d42-e134-5c10-baf6-9357f4083f61', DEFAULT, DEFAULT, '815c84a1-9088-5e6f-b1ab-0853285c0e5d', 'Herreklipp', 'Moderne herreklipp med styling. Inkluderer vask og føn.', 2827, 60, 't', 't', 'NOK', 't', '{"Vask og balsam","Konsultasjon og fargeråd","Føn og styling","Klipp og styling","Profesjonelle produkter","Hjemmepleieprodukter"}', '{"Tilgang til vask og strøm","Håndkle tilgjengelig"}'), ('1c3cb731-ed59-5c03-891d-dd445c49271e', DEFAULT, DEFAULT, 'e4153ca5-d012-5995-bad4-086731587974', 'Kontur makeup', 'Avansert konturering for skulpturerte fasader', 2291, 90, 't', 't', 'NOK', 't', '{"Sminke fjerner","Makeup konsultasjon","Styling tips"}', '{"Speil i full størrelse","Ren arbeidsplass","Stol med god ryggstø","Tilgang til vann"}'), ('a84c07d7-9cad-533f-b8cf-1e50727560c4', DEFAULT, DEFAULT, 'f14ee7a7-b3f9-561d-8cf7-983293f0008f', 'Pedikyr', 'Komplett pedikyr med neglepleje', 1985, 90, 't', 't', 'NOK', 't', '{"Neglelakk av høy kvalitet","Håndkrem og negleolje","UV-lampe behandling","Base coat og top coat"}', '{"God belysning","Tilgang til strøm","Stol med armstø","Bord eller fast overflate"}'), ('f105e82d-4f15-5b10-b687-21bb390972df', DEFAULT, DEFAULT, 'b36ab93a-34cf-5d2f-8309-1f65466da6f0', 'Hybrid vipper', 'Kombinasjon av klassiske og volum vipper', 2139, 120, 't', 't', 'NOK', 't', '{"Konsultasjon og fargetest","Aftercare produkter","Profesjonelle produkter","Allergi test","Øyebryn forming og farge"}', '{"Komfortabel liggestol/seng","Rolig omgivelser","Godt belyst rom","Tilgang til strøm"}'), ('d7664d95-3caa-5e9b-ac21-e5f97a492422', DEFAULT, DEFAULT, '8bb5337a-4ae8-5fe9-834c-d09e97c220b7', 'Shellac behandling', 'Langtidsholdbar neglelakk behandling', 1978, 45, 'f', 't', 'NOK', 't', '{"UV-lampe behandling","Base coat og top coat","Cuticle behandling","Neglefil og buffer","Håndkrem og negleolje"}', '{"Dolorest genere praeclaramet maximamar si perpaulo quod parentur."}'), ('a1a04c06-3a8f-58fb-a6ac-fd4aa9f23a92', DEFAULT, DEFAULT, '5f2c632c-1003-5d3e-94f5-6085899aa359', 'Foto makeup', 'Makeup optimalisert for fotografering', 1803, 60, 't', 't', 'NOK', 't', '{"Profesjonelle produkter","Sminke fjerner","Makeup konsultasjon","Styling tips","Touchup produkter","Foto-ready finish"}', '{"Speil i full størrelse","Ren arbeidsplass","Stol med god ryggstø"}'), ('e0c122d0-a1c6-57e5-8e5a-a275d77d69a9', DEFAULT, DEFAULT, '8bb5337a-4ae8-5fe9-834c-d09e97c220b7', 'Brudemakeup komplett', 'Komplett brudemakeup med prøvetime', 1631, 120, 't', 't', 'NOK', 't', '{"Touchup under dagen","Brudeparti styling tilbud","Brudemakeup og hår","Foto dokumentasjon","Profesjonelle produkter","Prøvetime inkludert"}', '{"Rolig og privat område","Strømtilgang","Plass til utstyr og produkter","Mulighet for å henge kjoler"}'), ('87cfc1e8-8252-5821-8c8f-8b6a31cb5156', DEFAULT, DEFAULT, 'e4153ca5-d012-5995-bad4-086731587974', 'Gellack med design', 'Holdbar gellack med kreativt negledesign', 2432, 105, 't', 't', 'NOK', 'f', '{"Neglefil og buffer","UV-lampe behandling","Håndkrem og negleolje"}', '{"Stol med armstø","Tilgang til strøm","Godt ventilert rom"}'), ('b0111ba7-5a98-5907-ba27-3f45196d3977', DEFAULT, DEFAULT, 'b36ab93a-34cf-5d2f-8309-1f65466da6f0', 'Franske negler', 'Klassisk fransk manikyr for elegant look', 1573, 45, 't', 't', 'NOK', 't', '{"Håndkrem og negleolje","Neglelakk av høy kvalitet","Cuticle behandling","Neglebånd massage"}', '{"Godt ventilert rom","Tilgang til strøm","God belysning"}'), ('2a66a173-5e57-53c4-a2e0-3d491704e63c', DEFAULT, DEFAULT, '5ac46069-d153-5b50-a0be-8a017d379243', 'Shellac behandling', 'Langtidsholdbar neglelakk behandling', 1897, 60, 't', 'f', 'NOK', 't', '{"Neglebånd massage","Neglelakk av høy kvalitet","Håndkrem og negleolje","UV-lampe behandling","Cuticle behandling"}', '{"Stol med armstø","Bord eller fast overflate","God belysning"}'), ('17174d2b-fa53-516c-9c8f-328d1c1d0a8c', DEFAULT, DEFAULT, '71c8f57c-aae5-5ac8-8fc0-a1ff399b17b8', 'Brynsfarge', 'Farging av bryn for definert look', 2770, 60, 'f', 't', 'NOK', 't', '{"Aftercare produkter","Profesjonelle produkter","Touch-up etter 2 uker","Oppfølging instruksjoner","Konsultasjon og fargetest","Allergi test"}', '{"Et vos possentior defut modo primum quae, inpotest doloremus nulla deritaque sit vivenimal rudem."}'), ('753f481f-9fee-53c1-bef0-6fc0bcf78933', DEFAULT, DEFAULT, '8bb5337a-4ae8-5fe9-834c-d09e97c220b7', 'Balayage farge', 'Moderne fargeteknikk for naturlig solkysset hår', 1466, 120, 'f', 't', 'NOK', 't', '{"Vask og balsam","Konsultasjon og fargeråd","Profesjonelle produkter","Føn og styling","Klipp og styling","Oppfølging etter behandling"}', '{"Apsa hoc sine noster probani disserenim, suum erunt utur et ait beatus il."}'), ('6988ab5f-f1cf-533e-9e10-6250fa03d64e', DEFAULT, DEFAULT, '815c84a1-9088-5e6f-b1ab-0853285c0e5d', 'Gellack manikyr', 'Holdbar gellakk manikyr som varer i uker', 1993, 75, 'f', 't', 'NOK', 't', '{"UV-lampe behandling","Håndkrem og negleolje","Cuticle behandling","Neglelakk av høy kvalitet"}', '{"Ea expectatis rescerte e semperspici, in vita tritant multa ilique en."}'), ('5e167626-1d66-5123-9111-b3d1d294a57b', DEFAULT, DEFAULT, '5ac46069-d153-5b50-a0be-8a017d379243', 'Dagsmakeup', 'Naturlig makeup for hverdagen', 2168, 30, 'f', 't', 'NOK', 't', '{"Foto-ready finish","Sminke fjerner","Fargeanalyse","Makeup konsultasjon","Touchup produkter","Profesjonelle produkter"}', '{"Paratur audire provoculla hari inoribus autem probescere."}'), ('223d99f1-5c50-536e-b2f1-21ff103a026e', DEFAULT, DEFAULT, '5f2c632c-1003-5d3e-94f5-6085899aa359', 'Pedikyr', 'Komplett pedikyr med neglepleje', 1045, 90, 't', 't', 'NOK', 't', '{"Neglefil og buffer","Neglebånd massage","UV-lampe behandling"}', '{"Godt ventilert rom","Bord eller fast overflate","Tilgang til strøm"}'), ('85540e24-0e5a-5ffc-97e6-90b2875c357c', DEFAULT, DEFAULT, '5f2c632c-1003-5d3e-94f5-6085899aa359', 'Brudesminke prøve', 'Prøvetime for brudemakeup', 1464, 120, 'f', 't', 'NOK', 't', '{"Styling konsultasjon","Brudemakeup og hår","Touchup under dagen"}', '{"Re etiam iudicare as patrioque arbitrorem quodsi, haec ego dolore et sollicitaq."}'), ('2a882c6e-7824-5518-b251-1cc3d7bf2bcd', DEFAULT, DEFAULT, '5fef9e7c-116a-5504-a6ae-d16f4442d448', 'Hårbehandling', 'Intensive behandling for skadet hår', 2390, 45, 't', 't', 'NOK', 't', '{"Konsultasjon og fargeråd","Hjemmepleieprodukter","Føn og styling"}', '{"Plass til arbeid (2x2 meter)","Håndkle tilgjengelig"}'), ('e7cf44d6-9f4a-5776-853b-a7a4072a5d45', DEFAULT, DEFAULT, '5fef9e7c-116a-5504-a6ae-d16f4442d448', 'Klassiske vippeextensions', 'Naturlige vippeextensions for en elegant look', 2904, 90, 't', 't', 'NOK', 't', '{"Aftercare produkter","Profesjonelle produkter","Konsultasjon og fargetest"}', '{"Tilgang til strøm","Rolig omgivelser","Ren og støvfri miljø","Komfortabel liggestol/seng"}'), ('b7d36b38-fe23-5e84-a721-275f656c2211', DEFAULT, DEFAULT, '5ac46069-d153-5b50-a0be-8a017d379243', 'Gellack manikyr', 'Holdbar gellakk manikyr som varer i uker', 1609, 90, 'f', 't', 'NOK', 't', '{"UV-lampe behandling","Neglelakk av høy kvalitet","Base coat og top coat","Cuticle behandling","Håndkrem og negleolje"}', '{"Quae investra mune ut tam et."}'), ('e2a5feea-e90d-5eb7-9c72-fef6ba325faf', DEFAULT, DEFAULT, '5f2c632c-1003-5d3e-94f5-6085899aa359', 'Festmakeup', 'Glamorøs makeup perfekt for fest og spesielle anledninger', 1759, 45, 'f', 'f', 'NOK', 't', '{"Touchup produkter","Makeup konsultasjon","Fargeanalyse"}', '{"Constitutus prima nec quos personae."}'), ('aa0cf64c-2fee-545b-8b01-85b1642cc444', DEFAULT, DEFAULT, '815c84a1-9088-5e6f-b1ab-0853285c0e5d', 'Festmakeup', 'Glamorøs makeup perfekt for fest og spesielle anledninger', 1764, 60, 'f', 't', 'NOK', 't', '{"Sminke fjerner","Fargeanalyse","Makeup konsultasjon"}', '{"Ad permulto quodsi is praetultimum, mortis ut dolore voluptate hac stabillum dictas potesse."}'), ('e45210c4-5037-5acd-828e-6a2c7da9a3db', DEFAULT, DEFAULT, '71c8f57c-aae5-5ac8-8fc0-a1ff399b17b8', 'Makeup kurs', 'Lær å sminke deg selv som en proff', 986, 150, 't', 'f', 'NOK', 'f', '{"Sminke fjerner","Profesjonelle produkter","Fargeanalyse","Touchup produkter"}', '{"Tilgang til vann","Speil i full størrelse","Ren arbeidsplass"}'), ('6a4cd26c-3e74-5e66-8c9d-0a43c0d89298', DEFAULT, DEFAULT, 'e4153ca5-d012-5995-bad4-086731587974', 'Dameklipp', 'Profesjonell klipp med vask og føn. Konsultasjon inkludert.', 1057, 60, 'f', 't', 'NOK', 't', '{"Oppfølging etter behandling","Vask og balsam","Føn og styling","Hjemmepleieprodukter","Klipp og styling"}', '{"Proposoptab faceratio nimusque tibi is maiorest sit temporrecta."}'), ('624647d9-add1-5d7f-8000-30a3a9f0fb30', DEFAULT, DEFAULT, 'f14ee7a7-b3f9-561d-8cf7-983293f0008f', 'Dameklipp', 'Profesjonell klipp med vask og føn. Konsultasjon inkludert.', 1010, 45, 't', 't', 'NOK', 't', '{"Hjemmepleieprodukter","Føn og styling","Vask og balsam","Konsultasjon og fargeråd","Oppfølging etter behandling","Klipp og styling"}', '{"Håndkle tilgjengelig","Stol med ryggstø"}'), ('afd953ad-7147-5563-9533-021001caf7a2', DEFAULT, DEFAULT, 'e4153ca5-d012-5995-bad4-086731587974', 'Foto makeup 2', 'Makeup optimalisert for fotografering', 2066, 45, 't', 't', 'NOK', 't', '{"Makeup konsultasjon","Fargeanalyse","Foto-ready finish","Profesjonelle produkter","Sminke fjerner"}', '{"Tilgang til vann","Speil i full størrelse","Ren arbeidsplass"}'), ('14178b43-5f90-51e4-b62a-dd642da598f8', DEFAULT, DEFAULT, '71c8f57c-aae5-5ac8-8fc0-a1ff399b17b8', 'Pedikyr 2', 'Komplett pedikyr med neglepleje', 1242, 90, 't', 't', 'NOK', 't', '{"Håndkrem og negleolje","Neglebånd massage","UV-lampe behandling","Neglelakk av høy kvalitet","Neglefil og buffer"}', '{"God belysning","Stol med armstø"}'), ('1d2359fd-6f1f-5243-864d-5695b37743eb', DEFAULT, DEFAULT, '5ac46069-d153-5b50-a0be-8a017d379243', 'Klassiske vippeextensions 2', 'Naturlige vippeextensions for en elegant look', 1634, 120, 'f', 'f', 'NOK', 't', '{"Allergi test","Oppfølging instruksjoner","Touch-up etter 2 uker","Konsultasjon og fargetest","Profesjonelle produkter"}', '{"Rationistot um ulate certam de, esse dubita explicari locus expedit et libentur."}'), ('2a5d49d3-142c-57e5-9270-678f4722bb75', DEFAULT, DEFAULT, '44315cac-0a3d-513e-ae25-923183abdce2', 'Klassiske vippeextensions 2', 'Naturlige vippeextensions for en elegant look', 2743, 150, 't', 't', 'NOK', 't', '{"Touch-up etter 2 uker","Øyebryn forming og farge","Allergi test"}', '{"Tilgang til strøm","Komfortabel liggestol/seng","Godt belyst rom"}'), ('b50cd102-29cf-5eae-88fc-400d1de89af3', DEFAULT, DEFAULT, 'e4153ca5-d012-5995-bad4-086731587974', 'Gellack manikyr 2', 'Holdbar gellakk manikyr som varer i uker', 1352, 75, 't', 't', 'NOK', 't', '{"UV-lampe behandling","Neglebånd massage","Neglefil og buffer"}', '{"Stol med armstø","God belysning","Bord eller fast overflate"}'), ('dc966564-92f1-506b-ba19-7d7bb1f740ab', DEFAULT, DEFAULT, '44315cac-0a3d-513e-ae25-923183abdce2', 'Brudefrisyre 2', 'Eksklusiv styling for din store dag. Prøvetime inkludert.', 2798, 120, 't', 't', 'NOK', 't', '{"Brudemakeup og hår","Profesjonelle produkter","Foto dokumentasjon","Prøvetime inkludert","Brudeparti styling tilbud","Styling konsultasjon"}', '{"Rolig og privat område","Speil i full størrelse","God belysning (fortrinnsvis naturlig)"}'), ('17e51b1a-6cc8-5fb8-a298-f35c9601008c', DEFAULT, DEFAULT, 'e4153ca5-d012-5995-bad4-086731587974', 'Brudefrisyre 2', 'Eksklusiv styling for din store dag. Prøvetime inkludert.', 1117, 120, 't', 't', 'NOK', 't', '{"Prøvetime inkludert","Styling konsultasjon","Brudeparti styling tilbud"}', '{"Strømtilgang","Mulighet for å henge kjoler"}'), ('22bf4307-d5a9-538a-bcf4-909f5a7e33dc', DEFAULT, DEFAULT, '5ac46069-d153-5b50-a0be-8a017d379243', 'Volum vippeextensions 2', 'Fyldige volum-vipper for dramatisk effekt', 2164, 150, 'f', 't', 'NOK', 't', '{"Touch-up etter 2 uker","Profesjonelle produkter","Oppfølging instruksjoner"}', '{"Studiis ego multo es addidicar."}'), ('cce76ede-998c-52d2-903b-cbf19c7747a8', DEFAULT, DEFAULT, '5fef9e7c-116a-5504-a6ae-d16f4442d448', 'Highlights 2', 'Striper som gir dimensjon og glans til håret', 1889, 90, 't', 't', 'NOK', 't', '{"Konsultasjon og fargeråd","Hjemmepleieprodukter","Klipp og styling","Profesjonelle produkter","Oppfølging etter behandling"}', '{"Tilgang til vask og strøm","Håndkle tilgjengelig"}'), ('a880eacd-2ef3-5f96-a387-1e4129739d58', DEFAULT, DEFAULT, '8bb5337a-4ae8-5fe9-834c-d09e97c220b7', 'Pedikyr 2', 'Komplett pedikyr med neglepleje', 2494, 75, 'f', 't', 'NOK', 't', '{"UV-lampe behandling","Neglelakk av høy kvalitet","Cuticle behandling","Base coat og top coat","Neglebånd massage"}', '{"Sensu refergo legunt orum refor idcirco dis ad."}'), ('cc8895a3-c3b1-570a-9715-0e5f7037db58', DEFAULT, DEFAULT, '8bb5337a-4ae8-5fe9-834c-d09e97c220b7', 'Gellack med design 2', 'Holdbar gellack med kreativt negledesign', 2878, 90, 'f', 'f', 'NOK', 't', '{"Neglebånd massage","UV-lampe behandling","Neglelakk av høy kvalitet","Base coat og top coat"}', '{"Contemporum nisi multo consed beateque est maximperner."}'), ('db7cae9b-8f33-58bd-9446-2b7e4f35612c', DEFAULT, DEFAULT, '5fef9e7c-116a-5504-a6ae-d16f4442d448', 'Balayage farge 2', 'Moderne fargeteknikk for naturlig solkysset hår', 2266, 150, 't', 't', 'NOK', 't', '{"Oppfølging etter behandling","Konsultasjon og fargeråd","Vask og balsam","Profesjonelle produkter"}', '{"Plass til arbeid (2x2 meter)","Tilgang til vask og strøm"}'), ('bfada96a-f22b-520d-a8a5-2a69720d77cb', DEFAULT, DEFAULT, 'f14ee7a7-b3f9-561d-8cf7-983293f0008f', 'Brynspluking 2', 'Profesjonell forming av bryn', 2198, 60, 't', 't', 'NOK', 't', '{"Oppfølging instruksjoner","Øyebryn forming og farge","Aftercare produkter","Konsultasjon og fargetest","Touch-up etter 2 uker"}', '{"Ren og støvfri miljø","Komfortabel liggestol/seng","Rolig omgivelser","Tilgang til strøm"}'), ('b7cfbb6f-5f3b-51a2-8f67-556f8e8bb547', DEFAULT, DEFAULT, '44315cac-0a3d-513e-ae25-923183abdce2', 'Hårfarge 2', 'Permanent hårfarge i ønsket nyanse', 1457, 90, 't', 't', 'NOK', 't', '{"Føn og styling","Konsultasjon og fargeråd","Oppfølging etter behandling"}', '{"Tilgang til vask og strøm","Plass til arbeid (2x2 meter)"}'), ('ecbea8f6-b213-57b5-811c-b7261694ffa4', DEFAULT, DEFAULT, '815c84a1-9088-5e6f-b1ab-0853285c0e5d', 'Balayage farge 2', 'Moderne fargeteknikk for naturlig solkysset hår', 1670, 150, 't', 't', 'NOK', 't', '{"Profesjonelle produkter","Føn og styling","Konsultasjon og fargeråd"}', '{"Stol med ryggstø","Håndkle tilgjengelig"}'), ('e120ba0e-3be9-5f1c-bd06-ba190e8d0b70', DEFAULT, DEFAULT, '5f2c632c-1003-5d3e-94f5-6085899aa359', 'Brudemakeup komplett 2', 'Komplett brudemakeup med prøvetime', 2213, 150, 't', 't', 'NOK', 'f', '{"Profesjonelle produkter","Brudemakeup og hår","Touchup under dagen","Prøvetime inkludert"}', '{"Plass til utstyr og produkter","Mulighet for å henge kjoler","Rolig og privat område","God belysning (fortrinnsvis naturlig)"}'), ('01386236-4a58-58c4-bc9b-b62296d5b0c8', DEFAULT, DEFAULT, '71c8f57c-aae5-5ac8-8fc0-a1ff399b17b8', 'Foto makeup 2', 'Makeup optimalisert for fotografering', 2842, 45, 't', 'f', 'NOK', 'f', '{"Foto-ready finish","Makeup konsultasjon","Touchup produkter"}', '{"God naturlig belysning","Stol med god ryggstø","Ren arbeidsplass"}'), ('588ce9a6-824d-5ecc-ac30-0e0629217186', DEFAULT, DEFAULT, '8bb5337a-4ae8-5fe9-834c-d09e97c220b7', 'Brude makeup 2', 'Perfekt makeup for din store dag', 2525, 120, 't', 't', 'NOK', 't', '{"Foto-ready finish","Makeup konsultasjon","Touchup produkter","Fargeanalyse","Profesjonelle produkter"}', '{"God naturlig belysning","Stol med god ryggstø","Ren arbeidsplass"}'), ('0416504c-bc7d-5f0c-ac2f-94736d68799c', DEFAULT, DEFAULT, 'b36ab93a-34cf-5d2f-8309-1f65466da6f0', 'Brudemakeup komplett 2', 'Komplett brudemakeup med prøvetime', 2146, 120, 't', 'f', 'NOK', 't', '{"Brudeparti styling tilbud","Styling konsultasjon","Foto dokumentasjon","Prøvetime inkludert","Touchup under dagen","Brudemakeup og hår"}', '{"Strømtilgang","Mulighet for å henge kjoler","God belysning (fortrinnsvis naturlig)","Plass til utstyr og produkter"}'), ('ae095deb-f4d1-5a82-93a8-6df231b7cb4c', DEFAULT, DEFAULT, '5f2c632c-1003-5d3e-94f5-6085899aa359', 'Hybrid vipper 2', 'Kombinasjon av klassiske og volum vipper', 2041, 105, 't', 'f', 'NOK', 't', '{"Allergi test","Øyebryn forming og farge","Konsultasjon og fargetest","Touch-up etter 2 uker","Oppfølging instruksjoner","Aftercare produkter"}', '{"Godt belyst rom","Komfortabel liggestol/seng","Rolig omgivelser","Tilgang til strøm"}'), ('b341b4e7-48c7-52a0-b31a-cfc76698083a', DEFAULT, DEFAULT, '71c8f57c-aae5-5ac8-8fc0-a1ff399b17b8', 'Hårbehandling 2', 'Intensive behandling for skadet hår', 1087, 45, 'f', 't', 'NOK', 't', '{"Oppfølging etter behandling","Konsultasjon og fargeråd","Klipp og styling","Føn og styling","Profesjonelle produkter","Vask og balsam"}', '{"Ad illud quia alterrogat memine quae, etiam inmors ut molest civibus."}');
INSERT INTO public.service_service_categories (service_id,category_id) VALUES ('76182b33-2b88-55da-9317-c322cfc4cdb2', '774d6a93-1a7a-59f0-b70f-9b0cccb98376'), ('f66c822d-c39b-5997-9fdd-1cc2906b1259', '774d6a93-1a7a-59f0-b70f-9b0cccb98376'), ('7c724ddb-a436-508b-954f-ea531f015c8e', '774d6a93-1a7a-59f0-b70f-9b0cccb98376'), ('ee28eb0b-265a-5f31-962b-baeb03171f3b', '774d6a93-1a7a-59f0-b70f-9b0cccb98376'), ('bdd1b363-ac2b-5678-88e3-3a63f4b658f4', '774d6a93-1a7a-59f0-b70f-9b0cccb98376'), ('e00070ec-a32f-50ad-9dca-90b08b918d33', '774d6a93-1a7a-59f0-b70f-9b0cccb98376'), ('14988abd-97c9-5f3a-be9a-59d5637d4463', '774d6a93-1a7a-59f0-b70f-9b0cccb98376'), ('5d426f4d-43a7-5476-969b-4ca4336173ad', '774d6a93-1a7a-59f0-b70f-9b0cccb98376'), ('8379c4b0-1c06-5d40-b0fc-56513422c1d8', '40613055-bb54-561d-9553-1fee5ba0e651'), ('c970b6e4-e959-5586-9093-3c50e0f7ab60', '40613055-bb54-561d-9553-1fee5ba0e651'), ('f67b1d42-e134-5c10-baf6-9357f4083f61', '40613055-bb54-561d-9553-1fee5ba0e651'), ('1c3cb731-ed59-5c03-891d-dd445c49271e', '40613055-bb54-561d-9553-1fee5ba0e651'), ('a84c07d7-9cad-533f-b8cf-1e50727560c4', '40613055-bb54-561d-9553-1fee5ba0e651'), ('f105e82d-4f15-5b10-b687-21bb390972df', '40613055-bb54-561d-9553-1fee5ba0e651'), ('d7664d95-3caa-5e9b-ac21-e5f97a492422', '40613055-bb54-561d-9553-1fee5ba0e651'), ('a1a04c06-3a8f-58fb-a6ac-fd4aa9f23a92', 'a1b8b547-cac9-5eef-87c4-eb2759d940ae'), ('e0c122d0-a1c6-57e5-8e5a-a275d77d69a9', 'a1b8b547-cac9-5eef-87c4-eb2759d940ae'), ('87cfc1e8-8252-5821-8c8f-8b6a31cb5156', 'a1b8b547-cac9-5eef-87c4-eb2759d940ae'), ('b0111ba7-5a98-5907-ba27-3f45196d3977', 'a1b8b547-cac9-5eef-87c4-eb2759d940ae'), ('2a66a173-5e57-53c4-a2e0-3d491704e63c', 'a1b8b547-cac9-5eef-87c4-eb2759d940ae'), ('17174d2b-fa53-516c-9c8f-328d1c1d0a8c', 'a1b8b547-cac9-5eef-87c4-eb2759d940ae'), ('753f481f-9fee-53c1-bef0-6fc0bcf78933', '079569b3-a55d-55e1-975d-b26972bc6ec6'), ('6988ab5f-f1cf-533e-9e10-6250fa03d64e', '079569b3-a55d-55e1-975d-b26972bc6ec6'), ('5e167626-1d66-5123-9111-b3d1d294a57b', '079569b3-a55d-55e1-975d-b26972bc6ec6'), ('223d99f1-5c50-536e-b2f1-21ff103a026e', '079569b3-a55d-55e1-975d-b26972bc6ec6'), ('85540e24-0e5a-5ffc-97e6-90b2875c357c', '079569b3-a55d-55e1-975d-b26972bc6ec6'), ('2a882c6e-7824-5518-b251-1cc3d7bf2bcd', '079569b3-a55d-55e1-975d-b26972bc6ec6'), ('e7cf44d6-9f4a-5776-853b-a7a4072a5d45', '079569b3-a55d-55e1-975d-b26972bc6ec6'), ('b7d36b38-fe23-5e84-a721-275f656c2211', '48d376e0-21ce-5ed7-b7bc-26086c834c23'), ('e2a5feea-e90d-5eb7-9c72-fef6ba325faf', '48d376e0-21ce-5ed7-b7bc-26086c834c23'), ('aa0cf64c-2fee-545b-8b01-85b1642cc444', '48d376e0-21ce-5ed7-b7bc-26086c834c23'), ('e45210c4-5037-5acd-828e-6a2c7da9a3db', '48d376e0-21ce-5ed7-b7bc-26086c834c23'), ('6a4cd26c-3e74-5e66-8c9d-0a43c0d89298', '48d376e0-21ce-5ed7-b7bc-26086c834c23'), ('624647d9-add1-5d7f-8000-30a3a9f0fb30', '774d6a93-1a7a-59f0-b70f-9b0cccb98376'), ('afd953ad-7147-5563-9533-021001caf7a2', '774d6a93-1a7a-59f0-b70f-9b0cccb98376'), ('14178b43-5f90-51e4-b62a-dd642da598f8', '774d6a93-1a7a-59f0-b70f-9b0cccb98376'), ('1d2359fd-6f1f-5243-864d-5695b37743eb', '774d6a93-1a7a-59f0-b70f-9b0cccb98376'), ('2a5d49d3-142c-57e5-9270-678f4722bb75', '774d6a93-1a7a-59f0-b70f-9b0cccb98376'), ('b50cd102-29cf-5eae-88fc-400d1de89af3', '774d6a93-1a7a-59f0-b70f-9b0cccb98376'), ('dc966564-92f1-506b-ba19-7d7bb1f740ab', '774d6a93-1a7a-59f0-b70f-9b0cccb98376'), ('17e51b1a-6cc8-5fb8-a298-f35c9601008c', '774d6a93-1a7a-59f0-b70f-9b0cccb98376'), ('22bf4307-d5a9-538a-bcf4-909f5a7e33dc', '40613055-bb54-561d-9553-1fee5ba0e651'), ('cce76ede-998c-52d2-903b-cbf19c7747a8', '40613055-bb54-561d-9553-1fee5ba0e651'), ('a880eacd-2ef3-5f96-a387-1e4129739d58', '40613055-bb54-561d-9553-1fee5ba0e651'), ('cc8895a3-c3b1-570a-9715-0e5f7037db58', '40613055-bb54-561d-9553-1fee5ba0e651'), ('db7cae9b-8f33-58bd-9446-2b7e4f35612c', '40613055-bb54-561d-9553-1fee5ba0e651'), ('bfada96a-f22b-520d-a8a5-2a69720d77cb', '40613055-bb54-561d-9553-1fee5ba0e651'), ('b7cfbb6f-5f3b-51a2-8f67-556f8e8bb547', '40613055-bb54-561d-9553-1fee5ba0e651'), ('ecbea8f6-b213-57b5-811c-b7261694ffa4', 'a1b8b547-cac9-5eef-87c4-eb2759d940ae'), ('e120ba0e-3be9-5f1c-bd06-ba190e8d0b70', 'a1b8b547-cac9-5eef-87c4-eb2759d940ae'), ('01386236-4a58-58c4-bc9b-b62296d5b0c8', 'a1b8b547-cac9-5eef-87c4-eb2759d940ae'), ('588ce9a6-824d-5ecc-ac30-0e0629217186', 'a1b8b547-cac9-5eef-87c4-eb2759d940ae'), ('0416504c-bc7d-5f0c-ac2f-94736d68799c', 'a1b8b547-cac9-5eef-87c4-eb2759d940ae'), ('ae095deb-f4d1-5a82-93a8-6df231b7cb4c', 'a1b8b547-cac9-5eef-87c4-eb2759d940ae'), ('b341b4e7-48c7-52a0-b31a-cfc76698083a', '079569b3-a55d-55e1-975d-b26972bc6ec6');
-- Creating service images from curated collection...
-- Using 4 curated images for service: Gellack med design
INSERT INTO public.media (id,created_at,file_path,media_type,chat_message_id,service_id,owner_id,application_id,review_id,is_preview_image,booking_note_id) VALUES ('2b49f0ee-86ee-5ea5-97c6-b897cffb33f8', DEFAULT, 'https://images.unsplash.com/photo-1559599101-f09722fb4948?w=800', 'service_image', NULL, NULL, NULL, NULL, NULL, 't', NULL), ('941cda05-eb1e-5e38-b1b0-9b1314950967', DEFAULT, 'https://images.unsplash.com/photo-1521590832167-7bcbfaa6381f?w=800', 'service_image', NULL, NULL, NULL, NULL, NULL, 'f', NULL), ('940186be-387e-582d-bd1a-e0130ab817a9', DEFAULT, 'https://images.unsplash.com/photo-1522337360788-8b13dee7a37e?w=800', 'service_image', NULL, NULL, NULL, NULL, NULL, 'f', NULL), ('38ced710-8d57-5b79-a5ff-5fc8f50c2fd8', DEFAULT, 'https://images.unsplash.com/photo-1562322140-8baeececf3df?w=800', 'service_image', NULL, NULL, NULL, NULL, NULL, 'f', NULL);
UPDATE public.media SET service_id = '76182b33-2b88-55da-9317-c322cfc4cdb2' WHERE id = '2b49f0ee-86ee-5ea5-97c6-b897cffb33f8';
UPDATE public.media SET service_id = '76182b33-2b88-55da-9317-c322cfc4cdb2' WHERE id = '941cda05-eb1e-5e38-b1b0-9b1314950967';
UPDATE public.media SET service_id = '76182b33-2b88-55da-9317-c322cfc4cdb2' WHERE id = '940186be-387e-582d-bd1a-e0130ab817a9';
UPDATE public.media SET service_id = '76182b33-2b88-55da-9317-c322cfc4cdb2' WHERE id = '38ced710-8d57-5b79-a5ff-5fc8f50c2fd8';
-- Using 5 curated images for service: Makeup kurs
INSERT INTO public.media (id,created_at,file_path,media_type,chat_message_id,service_id,owner_id,application_id,review_id,is_preview_image,booking_note_id) VALUES ('e7420df7-72cd-5631-91f4-07af63418217', DEFAULT, 'https://images.unsplash.com/photo-1605497788044-5a32c7078486?w=800', 'service_image', NULL, NULL, NULL, NULL, NULL, 't', NULL), ('c7a8b41d-e9f1-58f9-987b-09be2b2b10c4', DEFAULT, 'https://images.unsplash.com/photo-1562322140-8baeececf3df?w=800', 'service_image', NULL, NULL, NULL, NULL, NULL, 'f', NULL), ('5c635e2a-0176-5455-85de-1b5391e4beb5', DEFAULT, 'https://images.unsplash.com/photo-1559599101-f09722fb4948?w=800', 'service_image', NULL, NULL, NULL, NULL, NULL, 'f', NULL), ('5088ad34-a281-57bb-94fb-a3b4cdb5edfc', DEFAULT, 'https://images.unsplash.com/photo-1605497788044-5a32c7078486?w=800', 'service_image', NULL, NULL, NULL, NULL, NULL, 'f', NULL), ('673dc94f-739a-53de-b7a8-c5b975de0a97', DEFAULT, 'https://images.unsplash.com/photo-1559599101-f09722fb4948?w=800', 'service_image', NULL, NULL, NULL, NULL, NULL, 'f', NULL);
UPDATE public.media SET service_id = 'f66c822d-c39b-5997-9fdd-1cc2906b1259' WHERE id = 'e7420df7-72cd-5631-91f4-07af63418217';
UPDATE public.media SET service_id = 'f66c822d-c39b-5997-9fdd-1cc2906b1259' WHERE id = 'c7a8b41d-e9f1-58f9-987b-09be2b2b10c4';
UPDATE public.media SET service_id = 'f66c822d-c39b-5997-9fdd-1cc2906b1259' WHERE id = '5c635e2a-0176-5455-85de-1b5391e4beb5';
UPDATE public.media SET service_id = 'f66c822d-c39b-5997-9fdd-1cc2906b1259' WHERE id = '5088ad34-a281-57bb-94fb-a3b4cdb5edfc';
UPDATE public.media SET service_id = 'f66c822d-c39b-5997-9fdd-1cc2906b1259' WHERE id = '673dc94f-739a-53de-b7a8-c5b975de0a97';
-- Using 3 curated images for service: Shellac behandling
INSERT INTO public.media (id,created_at,file_path,media_type,chat_message_id,service_id,owner_id,application_id,review_id,is_preview_image,booking_note_id) VALUES ('e185f00a-8a69-5b66-8409-34e4d434040e', DEFAULT, 'https://images.unsplash.com/photo-1521590832167-7bcbfaa6381f?w=800', 'service_image', NULL, NULL, NULL, NULL, NULL, 't', NULL), ('45d459bb-2ceb-5de7-8a3b-0469d8b39062', DEFAULT, 'https://images.unsplash.com/photo-1521590832167-7bcbfaa6381f?w=800', 'service_image', NULL, NULL, NULL, NULL, NULL, 'f', NULL), ('ced02d95-879e-50d0-939e-c9f150052eea', DEFAULT, 'https://images.unsplash.com/photo-1562322140-8baeececf3df?w=800', 'service_image', NULL, NULL, NULL, NULL, NULL, 'f', NULL);
UPDATE public.media SET service_id = '7c724ddb-a436-508b-954f-ea531f015c8e' WHERE id = 'e185f00a-8a69-5b66-8409-34e4d434040e';
UPDATE public.media SET service_id = '7c724ddb-a436-508b-954f-ea531f015c8e' WHERE id = '45d459bb-2ceb-5de7-8a3b-0469d8b39062';
UPDATE public.media SET service_id = '7c724ddb-a436-508b-954f-ea531f015c8e' WHERE id = 'ced02d95-879e-50d0-939e-c9f150052eea';
-- Using 4 curated images for service: Brynsfarge
INSERT INTO public.media (id,created_at,file_path,media_type,chat_message_id,service_id,owner_id,application_id,review_id,is_preview_image,booking_note_id) VALUES ('76a443cb-68e6-559d-8737-b3b7550f13c5', DEFAULT, 'https://images.unsplash.com/photo-1521590832167-7bcbfaa6381f?w=800', 'service_image', NULL, NULL, NULL, NULL, NULL, 't', NULL), ('43076191-7c50-558e-94ad-1fac6c984b27', DEFAULT, 'https://images.unsplash.com/photo-1562322140-8baeececf3df?w=800', 'service_image', NULL, NULL, NULL, NULL, NULL, 'f', NULL), ('faaa8871-a409-532a-bff4-b23796fd4217', DEFAULT, 'https://images.unsplash.com/photo-1521590832167-7bcbfaa6381f?w=800', 'service_image', NULL, NULL, NULL, NULL, NULL, 'f', NULL), ('3c5f8845-abb9-501a-9de5-995d478641d6', DEFAULT, 'https://images.unsplash.com/photo-1521590832167-7bcbfaa6381f?w=800', 'service_image', NULL, NULL, NULL, NULL, NULL, 'f', NULL);
UPDATE public.media SET service_id = 'ee28eb0b-265a-5f31-962b-baeb03171f3b' WHERE id = '76a443cb-68e6-559d-8737-b3b7550f13c5';
UPDATE public.media SET service_id = 'ee28eb0b-265a-5f31-962b-baeb03171f3b' WHERE id = '43076191-7c50-558e-94ad-1fac6c984b27';
UPDATE public.media SET service_id = 'ee28eb0b-265a-5f31-962b-baeb03171f3b' WHERE id = 'faaa8871-a409-532a-bff4-b23796fd4217';
UPDATE public.media SET service_id = 'ee28eb0b-265a-5f31-962b-baeb03171f3b' WHERE id = '3c5f8845-abb9-501a-9de5-995d478641d6';
-- Using 5 curated images for service: Hybrid vipper
INSERT INTO public.media (id,created_at,file_path,media_type,chat_message_id,service_id,owner_id,application_id,review_id,is_preview_image,booking_note_id) VALUES ('51181366-c41a-5487-b5cf-bee1fa424d4d', DEFAULT, 'https://images.unsplash.com/photo-1559599101-f09722fb4948?w=800', 'service_image', NULL, NULL, NULL, NULL, NULL, 't', NULL), ('fb539382-3288-5ced-a6bc-5b8a74914f5b', DEFAULT, 'https://images.unsplash.com/photo-1559599101-f09722fb4948?w=800', 'service_image', NULL, NULL, NULL, NULL, NULL, 'f', NULL), ('a5ed95e8-76e3-5e19-a131-98e1f38f690f', DEFAULT, 'https://images.unsplash.com/photo-1559599101-f09722fb4948?w=800', 'service_image', NULL, NULL, NULL, NULL, NULL, 'f', NULL), ('a70814db-3844-5f5c-9a12-44a154c3ac3b', DEFAULT, 'https://images.unsplash.com/photo-1559599101-f09722fb4948?w=800', 'service_image', NULL, NULL, NULL, NULL, NULL, 'f', NULL), ('045d1e2b-bc13-5081-add4-dc6328a7928c', DEFAULT, 'https://images.unsplash.com/photo-1522337360788-8b13dee7a37e?w=800', 'service_image', NULL, NULL, NULL, NULL, NULL, 'f', NULL);
UPDATE public.media SET service_id = 'bdd1b363-ac2b-5678-88e3-3a63f4b658f4' WHERE id = '51181366-c41a-5487-b5cf-bee1fa424d4d';
UPDATE public.media SET service_id = 'bdd1b363-ac2b-5678-88e3-3a63f4b658f4' WHERE id = 'fb539382-3288-5ced-a6bc-5b8a74914f5b';
UPDATE public.media SET service_id = 'bdd1b363-ac2b-5678-88e3-3a63f4b658f4' WHERE id = 'a5ed95e8-76e3-5e19-a131-98e1f38f690f';
UPDATE public.media SET service_id = 'bdd1b363-ac2b-5678-88e3-3a63f4b658f4' WHERE id = 'a70814db-3844-5f5c-9a12-44a154c3ac3b';
UPDATE public.media SET service_id = 'bdd1b363-ac2b-5678-88e3-3a63f4b658f4' WHERE id = '045d1e2b-bc13-5081-add4-dc6328a7928c';
-- Using 4 curated images for service: Brudefrisyre
INSERT INTO public.media (id,created_at,file_path,media_type,chat_message_id,service_id,owner_id,application_id,review_id,is_preview_image,booking_note_id) VALUES ('1403c786-1cca-5730-ad09-4ca84f8009a7', DEFAULT, 'https://images.unsplash.com/photo-1521590832167-7bcbfaa6381f?w=800', 'service_image', NULL, NULL, NULL, NULL, NULL, 't', NULL), ('3dc8ed63-2039-5445-afb6-f708ee348cc5', DEFAULT, 'https://images.unsplash.com/photo-1522337360788-8b13dee7a37e?w=800', 'service_image', NULL, NULL, NULL, NULL, NULL, 'f', NULL), ('8984a87b-4cd3-596b-b69c-37b5694b3403', DEFAULT, 'https://images.unsplash.com/photo-1522337360788-8b13dee7a37e?w=800', 'service_image', NULL, NULL, NULL, NULL, NULL, 'f', NULL), ('7e07ab2e-7acf-59e8-8552-4cd78176b679', DEFAULT, 'https://images.unsplash.com/photo-1522337360788-8b13dee7a37e?w=800', 'service_image', NULL, NULL, NULL, NULL, NULL, 'f', NULL);
UPDATE public.media SET service_id = 'e00070ec-a32f-50ad-9dca-90b08b918d33' WHERE id = '1403c786-1cca-5730-ad09-4ca84f8009a7';
UPDATE public.media SET service_id = 'e00070ec-a32f-50ad-9dca-90b08b918d33' WHERE id = '3dc8ed63-2039-5445-afb6-f708ee348cc5';
UPDATE public.media SET service_id = 'e00070ec-a32f-50ad-9dca-90b08b918d33' WHERE id = '8984a87b-4cd3-596b-b69c-37b5694b3403';
UPDATE public.media SET service_id = 'e00070ec-a32f-50ad-9dca-90b08b918d33' WHERE id = '7e07ab2e-7acf-59e8-8552-4cd78176b679';
-- Using 5 curated images for service: Balayage farge
INSERT INTO public.media (id,created_at,file_path,media_type,chat_message_id,service_id,owner_id,application_id,review_id,is_preview_image,booking_note_id) VALUES ('9a50abe0-0544-5bc7-89f6-ea2c42ab02e2', DEFAULT, 'https://images.unsplash.com/photo-1605497788044-5a32c7078486?w=800', 'service_image', NULL, NULL, NULL, NULL, NULL, 't', NULL), ('36eb2a99-e8ea-5e4a-83e8-1b7c286df1da', DEFAULT, 'https://images.unsplash.com/photo-1559599101-f09722fb4948?w=800', 'service_image', NULL, NULL, NULL, NULL, NULL, 'f', NULL), ('6b9ff7f8-6dbc-5c69-85ed-960489faa13b', DEFAULT, 'https://images.unsplash.com/photo-1522337360788-8b13dee7a37e?w=800', 'service_image', NULL, NULL, NULL, NULL, NULL, 'f', NULL), ('6ce02c0d-67ca-53d1-a72c-40617383b4be', DEFAULT, 'https://images.unsplash.com/photo-1521590832167-7bcbfaa6381f?w=800', 'service_image', NULL, NULL, NULL, NULL, NULL, 'f', NULL), ('69cffb9d-c224-5bb2-8d59-434c41fda908', DEFAULT, 'https://images.unsplash.com/photo-1562322140-8baeececf3df?w=800', 'service_image', NULL, NULL, NULL, NULL, NULL, 'f', NULL);
UPDATE public.media SET service_id = '14988abd-97c9-5f3a-be9a-59d5637d4463' WHERE id = '9a50abe0-0544-5bc7-89f6-ea2c42ab02e2';
UPDATE public.media SET service_id = '14988abd-97c9-5f3a-be9a-59d5637d4463' WHERE id = '36eb2a99-e8ea-5e4a-83e8-1b7c286df1da';
UPDATE public.media SET service_id = '14988abd-97c9-5f3a-be9a-59d5637d4463' WHERE id = '6b9ff7f8-6dbc-5c69-85ed-960489faa13b';
UPDATE public.media SET service_id = '14988abd-97c9-5f3a-be9a-59d5637d4463' WHERE id = '6ce02c0d-67ca-53d1-a72c-40617383b4be';
UPDATE public.media SET service_id = '14988abd-97c9-5f3a-be9a-59d5637d4463' WHERE id = '69cffb9d-c224-5bb2-8d59-434c41fda908';
-- Using 5 curated images for service: Brude makeup
INSERT INTO public.media (id,created_at,file_path,media_type,chat_message_id,service_id,owner_id,application_id,review_id,is_preview_image,booking_note_id) VALUES ('eb2331f0-5195-5fbf-a4c6-9142a09db712', DEFAULT, 'https://images.unsplash.com/photo-1562322140-8baeececf3df?w=800', 'service_image', NULL, NULL, NULL, NULL, NULL, 't', NULL), ('1c725711-4729-540c-aab2-92a536855aba', DEFAULT, 'https://images.unsplash.com/photo-1521590832167-7bcbfaa6381f?w=800', 'service_image', NULL, NULL, NULL, NULL, NULL, 'f', NULL), ('f6e216f5-fdb1-57dc-abe0-0f83a06d7db1', DEFAULT, 'https://images.unsplash.com/photo-1521590832167-7bcbfaa6381f?w=800', 'service_image', NULL, NULL, NULL, NULL, NULL, 'f', NULL), ('0a88df04-f183-5e14-9180-3e86bd75fa8a', DEFAULT, 'https://images.unsplash.com/photo-1521590832167-7bcbfaa6381f?w=800', 'service_image', NULL, NULL, NULL, NULL, NULL, 'f', NULL), ('76838826-521b-5017-8cca-52ef6b4b29e7', DEFAULT, 'https://images.unsplash.com/photo-1605497788044-5a32c7078486?w=800', 'service_image', NULL, NULL, NULL, NULL, NULL, 'f', NULL);
UPDATE public.media SET service_id = '5d426f4d-43a7-5476-969b-4ca4336173ad' WHERE id = 'eb2331f0-5195-5fbf-a4c6-9142a09db712';
UPDATE public.media SET service_id = '5d426f4d-43a7-5476-969b-4ca4336173ad' WHERE id = '1c725711-4729-540c-aab2-92a536855aba';
UPDATE public.media SET service_id = '5d426f4d-43a7-5476-969b-4ca4336173ad' WHERE id = 'f6e216f5-fdb1-57dc-abe0-0f83a06d7db1';
UPDATE public.media SET service_id = '5d426f4d-43a7-5476-969b-4ca4336173ad' WHERE id = '0a88df04-f183-5e14-9180-3e86bd75fa8a';
UPDATE public.media SET service_id = '5d426f4d-43a7-5476-969b-4ca4336173ad' WHERE id = '76838826-521b-5017-8cca-52ef6b4b29e7';
-- Using 4 curated images for service: Gellack manikyr
INSERT INTO public.media (id,created_at,file_path,media_type,chat_message_id,service_id,owner_id,application_id,review_id,is_preview_image,booking_note_id) VALUES ('54034612-39d2-5c54-80a1-aae856af370f', DEFAULT, 'https://images.unsplash.com/photo-1610992015732-2449b76344bc?w=800', 'service_image', NULL, NULL, NULL, NULL, NULL, 't', NULL), ('418e33b1-b892-5aa7-b783-99814e5a2594', DEFAULT, 'https://images.unsplash.com/photo-1563401289-e8010d13da76?w=800', 'service_image', NULL, NULL, NULL, NULL, NULL, 'f', NULL), ('1c597dc6-0f26-5c61-9804-984288b07377', DEFAULT, 'https://images.unsplash.com/photo-1563401289-e8010d13da76?w=800', 'service_image', NULL, NULL, NULL, NULL, NULL, 'f', NULL), ('bd6acb14-e599-50a6-adaa-e840d243c20d', DEFAULT, 'https://images.unsplash.com/photo-1595476108010-b4d1f102b1b1?w=800', 'service_image', NULL, NULL, NULL, NULL, NULL, 'f', NULL);
UPDATE public.media SET service_id = '8379c4b0-1c06-5d40-b0fc-56513422c1d8' WHERE id = '54034612-39d2-5c54-80a1-aae856af370f';
UPDATE public.media SET service_id = '8379c4b0-1c06-5d40-b0fc-56513422c1d8' WHERE id = '418e33b1-b892-5aa7-b783-99814e5a2594';
UPDATE public.media SET service_id = '8379c4b0-1c06-5d40-b0fc-56513422c1d8' WHERE id = '1c597dc6-0f26-5c61-9804-984288b07377';
UPDATE public.media SET service_id = '8379c4b0-1c06-5d40-b0fc-56513422c1d8' WHERE id = 'bd6acb14-e599-50a6-adaa-e840d243c20d';
-- Using 5 curated images for service: Brudepakke
INSERT INTO public.media (id,created_at,file_path,media_type,chat_message_id,service_id,owner_id,application_id,review_id,is_preview_image,booking_note_id) VALUES ('a8179fa4-4beb-5a78-a029-4b299886157e', DEFAULT, 'https://images.unsplash.com/photo-1595476108010-b4d1f102b1b1?w=800', 'service_image', NULL, NULL, NULL, NULL, NULL, 't', NULL), ('22c0f0c6-46ef-5546-8dda-28eb2cdfc313', DEFAULT, 'https://images.unsplash.com/photo-1595476108010-b4d1f102b1b1?w=800', 'service_image', NULL, NULL, NULL, NULL, NULL, 'f', NULL), ('f0c9812d-7a14-5e19-b700-ab332a72e2ba', DEFAULT, 'https://images.unsplash.com/photo-1563401289-e8010d13da76?w=800', 'service_image', NULL, NULL, NULL, NULL, NULL, 'f', NULL), ('7f07bed0-c2fc-5996-bb2d-884aa165f444', DEFAULT, 'https://images.unsplash.com/photo-1563401289-e8010d13da76?w=800', 'service_image', NULL, NULL, NULL, NULL, NULL, 'f', NULL), ('f3cd9e04-f431-5a40-a52f-acde6a1cadb1', DEFAULT, 'https://images.unsplash.com/photo-1604654894610-df63bc536371?w=800', 'service_image', NULL, NULL, NULL, NULL, NULL, 'f', NULL);
UPDATE public.media SET service_id = 'c970b6e4-e959-5586-9093-3c50e0f7ab60' WHERE id = 'a8179fa4-4beb-5a78-a029-4b299886157e';
UPDATE public.media SET service_id = 'c970b6e4-e959-5586-9093-3c50e0f7ab60' WHERE id = '22c0f0c6-46ef-5546-8dda-28eb2cdfc313';
UPDATE public.media SET service_id = 'c970b6e4-e959-5586-9093-3c50e0f7ab60' WHERE id = 'f0c9812d-7a14-5e19-b700-ab332a72e2ba';
UPDATE public.media SET service_id = 'c970b6e4-e959-5586-9093-3c50e0f7ab60' WHERE id = '7f07bed0-c2fc-5996-bb2d-884aa165f444';
UPDATE public.media SET service_id = 'c970b6e4-e959-5586-9093-3c50e0f7ab60' WHERE id = 'f3cd9e04-f431-5a40-a52f-acde6a1cadb1';
-- Using 4 curated images for service: Herreklipp
INSERT INTO public.media (id,created_at,file_path,media_type,chat_message_id,service_id,owner_id,application_id,review_id,is_preview_image,booking_note_id) VALUES ('07a88fdb-b10e-5acf-8c1f-7eaa0162a7a4', DEFAULT, 'https://images.unsplash.com/photo-1563401289-e8010d13da76?w=800', 'service_image', NULL, NULL, NULL, NULL, NULL, 't', NULL), ('f872c622-ad7b-505d-948b-a699d5935086', DEFAULT, 'https://images.unsplash.com/photo-1595476108010-b4d1f102b1b1?w=800', 'service_image', NULL, NULL, NULL, NULL, NULL, 'f', NULL), ('928e9bc4-bd3e-5993-b810-e2e51b2112bd', DEFAULT, 'https://images.unsplash.com/photo-1563401289-e8010d13da76?w=800', 'service_image', NULL, NULL, NULL, NULL, NULL, 'f', NULL), ('b7548f1f-3340-5b56-a99b-005083075883', DEFAULT, 'https://images.unsplash.com/photo-1610992015732-2449b76344bc?w=800', 'service_image', NULL, NULL, NULL, NULL, NULL, 'f', NULL);
UPDATE public.media SET service_id = 'f67b1d42-e134-5c10-baf6-9357f4083f61' WHERE id = '07a88fdb-b10e-5acf-8c1f-7eaa0162a7a4';
UPDATE public.media SET service_id = 'f67b1d42-e134-5c10-baf6-9357f4083f61' WHERE id = 'f872c622-ad7b-505d-948b-a699d5935086';
UPDATE public.media SET service_id = 'f67b1d42-e134-5c10-baf6-9357f4083f61' WHERE id = '928e9bc4-bd3e-5993-b810-e2e51b2112bd';
UPDATE public.media SET service_id = 'f67b1d42-e134-5c10-baf6-9357f4083f61' WHERE id = 'b7548f1f-3340-5b56-a99b-005083075883';
-- Using 5 curated images for service: Kontur makeup
INSERT INTO public.media (id,created_at,file_path,media_type,chat_message_id,service_id,owner_id,application_id,review_id,is_preview_image,booking_note_id) VALUES ('4510e6d0-64b7-50c6-ab71-0fb0eac18e58', DEFAULT, 'https://images.unsplash.com/photo-1607779097040-26e80aa78e66?w=800', 'service_image', NULL, NULL, NULL, NULL, NULL, 't', NULL), ('0441e3e8-22f0-5657-9f4c-7e32988ef1ce', DEFAULT, 'https://images.unsplash.com/photo-1595476108010-b4d1f102b1b1?w=800', 'service_image', NULL, NULL, NULL, NULL, NULL, 'f', NULL), ('16f944a3-60ab-536d-b7af-15e2d9072460', DEFAULT, 'https://images.unsplash.com/photo-1595476108010-b4d1f102b1b1?w=800', 'service_image', NULL, NULL, NULL, NULL, NULL, 'f', NULL), ('a0b8b747-2a17-54cd-9e2c-0deee83a522e', DEFAULT, 'https://images.unsplash.com/photo-1610992015732-2449b76344bc?w=800', 'service_image', NULL, NULL, NULL, NULL, NULL, 'f', NULL), ('5bb82c34-5449-5a9a-bc9a-6af55402c7b7', DEFAULT, 'https://images.unsplash.com/photo-1563401289-e8010d13da76?w=800', 'service_image', NULL, NULL, NULL, NULL, NULL, 'f', NULL);
UPDATE public.media SET service_id = '1c3cb731-ed59-5c03-891d-dd445c49271e' WHERE id = '4510e6d0-64b7-50c6-ab71-0fb0eac18e58';
UPDATE public.media SET service_id = '1c3cb731-ed59-5c03-891d-dd445c49271e' WHERE id = '0441e3e8-22f0-5657-9f4c-7e32988ef1ce';
UPDATE public.media SET service_id = '1c3cb731-ed59-5c03-891d-dd445c49271e' WHERE id = '16f944a3-60ab-536d-b7af-15e2d9072460';
UPDATE public.media SET service_id = '1c3cb731-ed59-5c03-891d-dd445c49271e' WHERE id = 'a0b8b747-2a17-54cd-9e2c-0deee83a522e';
UPDATE public.media SET service_id = '1c3cb731-ed59-5c03-891d-dd445c49271e' WHERE id = '5bb82c34-5449-5a9a-bc9a-6af55402c7b7';
-- Using 5 curated images for service: Pedikyr
INSERT INTO public.media (id,created_at,file_path,media_type,chat_message_id,service_id,owner_id,application_id,review_id,is_preview_image,booking_note_id) VALUES ('d8f5b956-cddd-568f-84a7-96fa86199c1f', DEFAULT, 'https://images.unsplash.com/photo-1607779097040-26e80aa78e66?w=800', 'service_image', NULL, NULL, NULL, NULL, NULL, 't', NULL), ('b891610d-ca02-513f-8bd7-24dcc40c50e1', DEFAULT, 'https://images.unsplash.com/photo-1604654894610-df63bc536371?w=800', 'service_image', NULL, NULL, NULL, NULL, NULL, 'f', NULL), ('755a428d-fb8d-5c8d-b5a0-a8487071b790', DEFAULT, 'https://images.unsplash.com/photo-1563401289-e8010d13da76?w=800', 'service_image', NULL, NULL, NULL, NULL, NULL, 'f', NULL), ('d6337e93-78c0-53ad-9043-f93a0f34e2b5', DEFAULT, 'https://images.unsplash.com/photo-1604654894610-df63bc536371?w=800', 'service_image', NULL, NULL, NULL, NULL, NULL, 'f', NULL), ('71c59b9b-491d-5b2e-8fe1-71824ab2745b', DEFAULT, 'https://images.unsplash.com/photo-1610992015732-2449b76344bc?w=800', 'service_image', NULL, NULL, NULL, NULL, NULL, 'f', NULL);
UPDATE public.media SET service_id = 'a84c07d7-9cad-533f-b8cf-1e50727560c4' WHERE id = 'd8f5b956-cddd-568f-84a7-96fa86199c1f';
UPDATE public.media SET service_id = 'a84c07d7-9cad-533f-b8cf-1e50727560c4' WHERE id = 'b891610d-ca02-513f-8bd7-24dcc40c50e1';
UPDATE public.media SET service_id = 'a84c07d7-9cad-533f-b8cf-1e50727560c4' WHERE id = '755a428d-fb8d-5c8d-b5a0-a8487071b790';
UPDATE public.media SET service_id = 'a84c07d7-9cad-533f-b8cf-1e50727560c4' WHERE id = 'd6337e93-78c0-53ad-9043-f93a0f34e2b5';
UPDATE public.media SET service_id = 'a84c07d7-9cad-533f-b8cf-1e50727560c4' WHERE id = '71c59b9b-491d-5b2e-8fe1-71824ab2745b';
-- Using 5 curated images for service: Hybrid vipper
INSERT INTO public.media (id,created_at,file_path,media_type,chat_message_id,service_id,owner_id,application_id,review_id,is_preview_image,booking_note_id) VALUES ('3040c7a2-9246-5f26-9869-8cee76854452', DEFAULT, 'https://images.unsplash.com/photo-1563401289-e8010d13da76?w=800', 'service_image', NULL, NULL, NULL, NULL, NULL, 't', NULL), ('6cb7fa29-18da-5958-9cfc-e049c3cecaa4', DEFAULT, 'https://images.unsplash.com/photo-1610992015732-2449b76344bc?w=800', 'service_image', NULL, NULL, NULL, NULL, NULL, 'f', NULL), ('ffa3bacf-c6f2-5f5b-81c0-0d18963eeb33', DEFAULT, 'https://images.unsplash.com/photo-1563401289-e8010d13da76?w=800', 'service_image', NULL, NULL, NULL, NULL, NULL, 'f', NULL), ('acc925c7-21c5-5f28-a895-a7416b4c5bc5', DEFAULT, 'https://images.unsplash.com/photo-1610992015732-2449b76344bc?w=800', 'service_image', NULL, NULL, NULL, NULL, NULL, 'f', NULL), ('c50926ec-db7d-5f90-a9c8-ded4a90bdf76', DEFAULT, 'https://images.unsplash.com/photo-1595476108010-b4d1f102b1b1?w=800', 'service_image', NULL, NULL, NULL, NULL, NULL, 'f', NULL);
UPDATE public.media SET service_id = 'f105e82d-4f15-5b10-b687-21bb390972df' WHERE id = '3040c7a2-9246-5f26-9869-8cee76854452';
UPDATE public.media SET service_id = 'f105e82d-4f15-5b10-b687-21bb390972df' WHERE id = '6cb7fa29-18da-5958-9cfc-e049c3cecaa4';
UPDATE public.media SET service_id = 'f105e82d-4f15-5b10-b687-21bb390972df' WHERE id = 'ffa3bacf-c6f2-5f5b-81c0-0d18963eeb33';
UPDATE public.media SET service_id = 'f105e82d-4f15-5b10-b687-21bb390972df' WHERE id = 'acc925c7-21c5-5f28-a895-a7416b4c5bc5';
UPDATE public.media SET service_id = 'f105e82d-4f15-5b10-b687-21bb390972df' WHERE id = 'c50926ec-db7d-5f90-a9c8-ded4a90bdf76';
-- Using 3 curated images for service: Shellac behandling
INSERT INTO public.media (id,created_at,file_path,media_type,chat_message_id,service_id,owner_id,application_id,review_id,is_preview_image,booking_note_id) VALUES ('3b3d481b-778b-58f7-beff-dce94243937e', DEFAULT, 'https://images.unsplash.com/photo-1604654894610-df63bc536371?w=800', 'service_image', NULL, NULL, NULL, NULL, NULL, 't', NULL), ('c7569017-8e72-587a-ac8a-2228120e7724', DEFAULT, 'https://images.unsplash.com/photo-1610992015732-2449b76344bc?w=800', 'service_image', NULL, NULL, NULL, NULL, NULL, 'f', NULL), ('dc111049-b2fd-5e96-b0fe-8c9ff7b52219', DEFAULT, 'https://images.unsplash.com/photo-1604654894610-df63bc536371?w=800', 'service_image', NULL, NULL, NULL, NULL, NULL, 'f', NULL);
UPDATE public.media SET service_id = 'd7664d95-3caa-5e9b-ac21-e5f97a492422' WHERE id = '3b3d481b-778b-58f7-beff-dce94243937e';
UPDATE public.media SET service_id = 'd7664d95-3caa-5e9b-ac21-e5f97a492422' WHERE id = 'c7569017-8e72-587a-ac8a-2228120e7724';
UPDATE public.media SET service_id = 'd7664d95-3caa-5e9b-ac21-e5f97a492422' WHERE id = 'dc111049-b2fd-5e96-b0fe-8c9ff7b52219';
-- Using 4 curated images for service: Foto makeup
INSERT INTO public.media (id,created_at,file_path,media_type,chat_message_id,service_id,owner_id,application_id,review_id,is_preview_image,booking_note_id) VALUES ('0015d6d0-a710-544e-a1d9-7aed3af1e8b9', DEFAULT, 'https://images.unsplash.com/photo-1583001931096-959e9a1a6223?w=800', 'service_image', NULL, NULL, NULL, NULL, NULL, 't', NULL), ('4e2421de-d7c1-5fea-b629-80c5c0d53535', DEFAULT, 'https://images.unsplash.com/photo-1522338140262-f46f5913618c?w=800', 'service_image', NULL, NULL, NULL, NULL, NULL, 'f', NULL), ('cf1616d0-5961-5425-90c0-b827043bf6dc', DEFAULT, 'https://images.unsplash.com/photo-1522338140262-f46f5913618c?w=800', 'service_image', NULL, NULL, NULL, NULL, NULL, 'f', NULL), ('5cb77652-3a8e-55fb-9a16-09b7e379de70', DEFAULT, 'https://images.unsplash.com/photo-1487412947147-5cebf100ffc2?w=800', 'service_image', NULL, NULL, NULL, NULL, NULL, 'f', NULL);
UPDATE public.media SET service_id = 'a1a04c06-3a8f-58fb-a6ac-fd4aa9f23a92' WHERE id = '0015d6d0-a710-544e-a1d9-7aed3af1e8b9';
UPDATE public.media SET service_id = 'a1a04c06-3a8f-58fb-a6ac-fd4aa9f23a92' WHERE id = '4e2421de-d7c1-5fea-b629-80c5c0d53535';
UPDATE public.media SET service_id = 'a1a04c06-3a8f-58fb-a6ac-fd4aa9f23a92' WHERE id = 'cf1616d0-5961-5425-90c0-b827043bf6dc';
UPDATE public.media SET service_id = 'a1a04c06-3a8f-58fb-a6ac-fd4aa9f23a92' WHERE id = '5cb77652-3a8e-55fb-9a16-09b7e379de70';
-- Using 4 curated images for service: Brudemakeup komplett
INSERT INTO public.media (id,created_at,file_path,media_type,chat_message_id,service_id,owner_id,application_id,review_id,is_preview_image,booking_note_id) VALUES ('ca11300a-4c94-5490-982c-3b0ca791ba68', DEFAULT, 'https://images.unsplash.com/photo-1596462502278-27bfdc403348?w=800', 'service_image', NULL, NULL, NULL, NULL, NULL, 't', NULL), ('f05a15df-6188-55e7-80e9-0fadba87cc0b', DEFAULT, 'https://images.unsplash.com/photo-1487412947147-5cebf100ffc2?w=800', 'service_image', NULL, NULL, NULL, NULL, NULL, 'f', NULL), ('43f161ab-347e-5077-b07d-5b61e573e350', DEFAULT, 'https://images.unsplash.com/photo-1583001931096-959e9a1a6223?w=800', 'service_image', NULL, NULL, NULL, NULL, NULL, 'f', NULL), ('6addc6fa-ab63-5da2-a8f2-7b7a58049d6e', DEFAULT, 'https://images.unsplash.com/photo-1583001931096-959e9a1a6223?w=800', 'service_image', NULL, NULL, NULL, NULL, NULL, 'f', NULL);
UPDATE public.media SET service_id = 'e0c122d0-a1c6-57e5-8e5a-a275d77d69a9' WHERE id = 'ca11300a-4c94-5490-982c-3b0ca791ba68';
UPDATE public.media SET service_id = 'e0c122d0-a1c6-57e5-8e5a-a275d77d69a9' WHERE id = 'f05a15df-6188-55e7-80e9-0fadba87cc0b';
UPDATE public.media SET service_id = 'e0c122d0-a1c6-57e5-8e5a-a275d77d69a9' WHERE id = '43f161ab-347e-5077-b07d-5b61e573e350';
UPDATE public.media SET service_id = 'e0c122d0-a1c6-57e5-8e5a-a275d77d69a9' WHERE id = '6addc6fa-ab63-5da2-a8f2-7b7a58049d6e';
-- Using 5 curated images for service: Gellack med design
INSERT INTO public.media (id,created_at,file_path,media_type,chat_message_id,service_id,owner_id,application_id,review_id,is_preview_image,booking_note_id) VALUES ('0229ea42-001a-5fc1-a0a7-f7b894c665f6', DEFAULT, 'https://images.unsplash.com/photo-1487412947147-5cebf100ffc2?w=800', 'service_image', NULL, NULL, NULL, NULL, NULL, 't', NULL), ('600394b6-a8c8-5681-8393-994699cc8869', DEFAULT, 'https://images.unsplash.com/photo-1522338140262-f46f5913618c?w=800', 'service_image', NULL, NULL, NULL, NULL, NULL, 'f', NULL), ('a4daf76c-ae60-58f7-b7df-3bf0a2903068', DEFAULT, 'https://images.unsplash.com/photo-1522338140262-f46f5913618c?w=800', 'service_image', NULL, NULL, NULL, NULL, NULL, 'f', NULL), ('5dbb3da5-cbbe-5453-a47d-e6f791e34462', DEFAULT, 'https://images.unsplash.com/photo-1512496015851-a90fb38ba796?w=800', 'service_image', NULL, NULL, NULL, NULL, NULL, 'f', NULL), ('60859ea8-7c41-56fc-9d6e-1f36cc0a79db', DEFAULT, 'https://images.unsplash.com/photo-1487412947147-5cebf100ffc2?w=800', 'service_image', NULL, NULL, NULL, NULL, NULL, 'f', NULL);
UPDATE public.media SET service_id = '87cfc1e8-8252-5821-8c8f-8b6a31cb5156' WHERE id = '0229ea42-001a-5fc1-a0a7-f7b894c665f6';
UPDATE public.media SET service_id = '87cfc1e8-8252-5821-8c8f-8b6a31cb5156' WHERE id = '600394b6-a8c8-5681-8393-994699cc8869';
UPDATE public.media SET service_id = '87cfc1e8-8252-5821-8c8f-8b6a31cb5156' WHERE id = 'a4daf76c-ae60-58f7-b7df-3bf0a2903068';
UPDATE public.media SET service_id = '87cfc1e8-8252-5821-8c8f-8b6a31cb5156' WHERE id = '5dbb3da5-cbbe-5453-a47d-e6f791e34462';
UPDATE public.media SET service_id = '87cfc1e8-8252-5821-8c8f-8b6a31cb5156' WHERE id = '60859ea8-7c41-56fc-9d6e-1f36cc0a79db';
-- Using 3 curated images for service: Franske negler
INSERT INTO public.media (id,created_at,file_path,media_type,chat_message_id,service_id,owner_id,application_id,review_id,is_preview_image,booking_note_id) VALUES ('a8761cdc-3e79-5da3-9bd0-8fec7c18e0d3', DEFAULT, 'https://images.unsplash.com/photo-1596462502278-27bfdc403348?w=800', 'service_image', NULL, NULL, NULL, NULL, NULL, 't', NULL), ('02d40c99-a4e2-5f7b-8c31-f3bfc2b142d7', DEFAULT, 'https://images.unsplash.com/photo-1487412947147-5cebf100ffc2?w=800', 'service_image', NULL, NULL, NULL, NULL, NULL, 'f', NULL), ('1ccdf595-d157-5e58-ba2e-3896ace06144', DEFAULT, 'https://images.unsplash.com/photo-1512496015851-a90fb38ba796?w=800', 'service_image', NULL, NULL, NULL, NULL, NULL, 'f', NULL);
UPDATE public.media SET service_id = 'b0111ba7-5a98-5907-ba27-3f45196d3977' WHERE id = 'a8761cdc-3e79-5da3-9bd0-8fec7c18e0d3';
UPDATE public.media SET service_id = 'b0111ba7-5a98-5907-ba27-3f45196d3977' WHERE id = '02d40c99-a4e2-5f7b-8c31-f3bfc2b142d7';
UPDATE public.media SET service_id = 'b0111ba7-5a98-5907-ba27-3f45196d3977' WHERE id = '1ccdf595-d157-5e58-ba2e-3896ace06144';
-- Using 5 curated images for service: Shellac behandling
INSERT INTO public.media (id,created_at,file_path,media_type,chat_message_id,service_id,owner_id,application_id,review_id,is_preview_image,booking_note_id) VALUES ('b91e8eb7-2f04-5e30-b50e-395eedbb44de', DEFAULT, 'https://images.unsplash.com/photo-1583001931096-959e9a1a6223?w=800', 'service_image', NULL, NULL, NULL, NULL, NULL, 't', NULL), ('09a7b025-027a-5061-9182-238b69a4cc48', DEFAULT, 'https://images.unsplash.com/photo-1596462502278-27bfdc403348?w=800', 'service_image', NULL, NULL, NULL, NULL, NULL, 'f', NULL), ('9c502dc9-7368-5792-ac0c-6729dec33507', DEFAULT, 'https://images.unsplash.com/photo-1522338140262-f46f5913618c?w=800', 'service_image', NULL, NULL, NULL, NULL, NULL, 'f', NULL), ('6c47869e-d051-57db-868a-e7c3e7be9f23', DEFAULT, 'https://images.unsplash.com/photo-1512496015851-a90fb38ba796?w=800', 'service_image', NULL, NULL, NULL, NULL, NULL, 'f', NULL), ('8b71587e-b71c-5ce2-8a09-192f004bff25', DEFAULT, 'https://images.unsplash.com/photo-1522338140262-f46f5913618c?w=800', 'service_image', NULL, NULL, NULL, NULL, NULL, 'f', NULL);
UPDATE public.media SET service_id = '2a66a173-5e57-53c4-a2e0-3d491704e63c' WHERE id = 'b91e8eb7-2f04-5e30-b50e-395eedbb44de';
UPDATE public.media SET service_id = '2a66a173-5e57-53c4-a2e0-3d491704e63c' WHERE id = '09a7b025-027a-5061-9182-238b69a4cc48';
UPDATE public.media SET service_id = '2a66a173-5e57-53c4-a2e0-3d491704e63c' WHERE id = '9c502dc9-7368-5792-ac0c-6729dec33507';
UPDATE public.media SET service_id = '2a66a173-5e57-53c4-a2e0-3d491704e63c' WHERE id = '6c47869e-d051-57db-868a-e7c3e7be9f23';
UPDATE public.media SET service_id = '2a66a173-5e57-53c4-a2e0-3d491704e63c' WHERE id = '8b71587e-b71c-5ce2-8a09-192f004bff25';
-- Using 3 curated images for service: Brynsfarge
INSERT INTO public.media (id,created_at,file_path,media_type,chat_message_id,service_id,owner_id,application_id,review_id,is_preview_image,booking_note_id) VALUES ('93b9269a-4a01-5fd3-b7b1-91d57f6f9396', DEFAULT, 'https://images.unsplash.com/photo-1583001931096-959e9a1a6223?w=800', 'service_image', NULL, NULL, NULL, NULL, NULL, 't', NULL), ('a4fa3c04-8049-5c6c-b957-27880ccdbd55', DEFAULT, 'https://images.unsplash.com/photo-1487412947147-5cebf100ffc2?w=800', 'service_image', NULL, NULL, NULL, NULL, NULL, 'f', NULL), ('6036ee87-aece-59ad-b026-416be457fbf0', DEFAULT, 'https://images.unsplash.com/photo-1522338140262-f46f5913618c?w=800', 'service_image', NULL, NULL, NULL, NULL, NULL, 'f', NULL);
UPDATE public.media SET service_id = '17174d2b-fa53-516c-9c8f-328d1c1d0a8c' WHERE id = '93b9269a-4a01-5fd3-b7b1-91d57f6f9396';
UPDATE public.media SET service_id = '17174d2b-fa53-516c-9c8f-328d1c1d0a8c' WHERE id = 'a4fa3c04-8049-5c6c-b957-27880ccdbd55';
UPDATE public.media SET service_id = '17174d2b-fa53-516c-9c8f-328d1c1d0a8c' WHERE id = '6036ee87-aece-59ad-b026-416be457fbf0';
-- Using 5 curated images for service: Balayage farge
INSERT INTO public.media (id,created_at,file_path,media_type,chat_message_id,service_id,owner_id,application_id,review_id,is_preview_image,booking_note_id) VALUES ('e96c6095-cf83-57bc-bd30-3cd3ed2b4456', DEFAULT, 'https://images.unsplash.com/photo-1571019613454-1cb2f99b2d8b?w=800', 'service_image', NULL, NULL, NULL, NULL, NULL, 't', NULL), ('14b43b44-b41d-53eb-8ac2-77cedeb19de4', DEFAULT, 'https://images.unsplash.com/photo-1571171637578-41bc2dd41cd2?w=800', 'service_image', NULL, NULL, NULL, NULL, NULL, 'f', NULL), ('52f4f34a-4bf3-53cc-aeef-5be5521e21ff', DEFAULT, 'https://images.unsplash.com/photo-1571171637578-41bc2dd41cd2?w=800', 'service_image', NULL, NULL, NULL, NULL, NULL, 'f', NULL), ('19fb8911-245a-5610-bd20-c8e50ce230ae', DEFAULT, 'https://images.unsplash.com/photo-1571171637578-41bc2dd41cd2?w=800', 'service_image', NULL, NULL, NULL, NULL, NULL, 'f', NULL), ('53a254a6-386f-576d-8f75-b9324519a4ca', DEFAULT, 'https://images.unsplash.com/photo-1571171637578-41bc2dd41cd2?w=800', 'service_image', NULL, NULL, NULL, NULL, NULL, 'f', NULL);
UPDATE public.media SET service_id = '753f481f-9fee-53c1-bef0-6fc0bcf78933' WHERE id = 'e96c6095-cf83-57bc-bd30-3cd3ed2b4456';
UPDATE public.media SET service_id = '753f481f-9fee-53c1-bef0-6fc0bcf78933' WHERE id = '14b43b44-b41d-53eb-8ac2-77cedeb19de4';
UPDATE public.media SET service_id = '753f481f-9fee-53c1-bef0-6fc0bcf78933' WHERE id = '52f4f34a-4bf3-53cc-aeef-5be5521e21ff';
UPDATE public.media SET service_id = '753f481f-9fee-53c1-bef0-6fc0bcf78933' WHERE id = '19fb8911-245a-5610-bd20-c8e50ce230ae';
UPDATE public.media SET service_id = '753f481f-9fee-53c1-bef0-6fc0bcf78933' WHERE id = '53a254a6-386f-576d-8f75-b9324519a4ca';
-- Using 4 curated images for service: Gellack manikyr
INSERT INTO public.media (id,created_at,file_path,media_type,chat_message_id,service_id,owner_id,application_id,review_id,is_preview_image,booking_note_id) VALUES ('4d5945a4-9953-59c7-83c1-69de69ba55af', DEFAULT, 'https://images.unsplash.com/photo-1579952363873-27d3bfad9c0d?w=800', 'service_image', NULL, NULL, NULL, NULL, NULL, 't', NULL), ('e6587c42-15f5-5974-aaee-9e171796247f', DEFAULT, 'https://images.unsplash.com/photo-1571171637578-41bc2dd41cd2?w=800', 'service_image', NULL, NULL, NULL, NULL, NULL, 'f', NULL), ('24fc1f43-7588-5d40-be46-0a07ac70b003', DEFAULT, 'https://images.unsplash.com/photo-1571019613454-1cb2f99b2d8b?w=800', 'service_image', NULL, NULL, NULL, NULL, NULL, 'f', NULL), ('6f6f91cd-de2e-570b-a26f-52ccef7a1a6e', DEFAULT, 'https://images.unsplash.com/photo-1577565177023-d0f29c354b69?w=800', 'service_image', NULL, NULL, NULL, NULL, NULL, 'f', NULL);
UPDATE public.media SET service_id = '6988ab5f-f1cf-533e-9e10-6250fa03d64e' WHERE id = '4d5945a4-9953-59c7-83c1-69de69ba55af';
UPDATE public.media SET service_id = '6988ab5f-f1cf-533e-9e10-6250fa03d64e' WHERE id = 'e6587c42-15f5-5974-aaee-9e171796247f';
UPDATE public.media SET service_id = '6988ab5f-f1cf-533e-9e10-6250fa03d64e' WHERE id = '24fc1f43-7588-5d40-be46-0a07ac70b003';
UPDATE public.media SET service_id = '6988ab5f-f1cf-533e-9e10-6250fa03d64e' WHERE id = '6f6f91cd-de2e-570b-a26f-52ccef7a1a6e';
-- Using 3 curated images for service: Dagsmakeup
INSERT INTO public.media (id,created_at,file_path,media_type,chat_message_id,service_id,owner_id,application_id,review_id,is_preview_image,booking_note_id) VALUES ('436b524e-aa1e-500d-98da-763dc0bd84b7', DEFAULT, 'https://images.unsplash.com/photo-1579952363873-27d3bfad9c0d?w=800', 'service_image', NULL, NULL, NULL, NULL, NULL, 't', NULL), ('d877bc19-d8b3-57d5-b84e-9fb575aaf9f4', DEFAULT, 'https://images.unsplash.com/photo-1571171637578-41bc2dd41cd2?w=800', 'service_image', NULL, NULL, NULL, NULL, NULL, 'f', NULL), ('1f2b19a4-603a-56b7-8cfd-acffd1fc3d6d', DEFAULT, 'https://images.unsplash.com/photo-1571019613454-1cb2f99b2d8b?w=800', 'service_image', NULL, NULL, NULL, NULL, NULL, 'f', NULL);
UPDATE public.media SET service_id = '5e167626-1d66-5123-9111-b3d1d294a57b' WHERE id = '436b524e-aa1e-500d-98da-763dc0bd84b7';
UPDATE public.media SET service_id = '5e167626-1d66-5123-9111-b3d1d294a57b' WHERE id = 'd877bc19-d8b3-57d5-b84e-9fb575aaf9f4';
UPDATE public.media SET service_id = '5e167626-1d66-5123-9111-b3d1d294a57b' WHERE id = '1f2b19a4-603a-56b7-8cfd-acffd1fc3d6d';
-- Using 5 curated images for service: Pedikyr
INSERT INTO public.media (id,created_at,file_path,media_type,chat_message_id,service_id,owner_id,application_id,review_id,is_preview_image,booking_note_id) VALUES ('e81f69a4-c60e-5952-9136-3a86489bdc31', DEFAULT, 'https://images.unsplash.com/photo-1614807536394-cd67bd4a634b?w=800', 'service_image', NULL, NULL, NULL, NULL, NULL, 't', NULL), ('d1b05099-14d1-5809-bb78-16aaa4beb71c', DEFAULT, 'https://images.unsplash.com/photo-1571019613454-1cb2f99b2d8b?w=800', 'service_image', NULL, NULL, NULL, NULL, NULL, 'f', NULL), ('d680f412-9359-592b-8b78-3c8ad877131a', DEFAULT, 'https://images.unsplash.com/photo-1579952363873-27d3bfad9c0d?w=800', 'service_image', NULL, NULL, NULL, NULL, NULL, 'f', NULL), ('98a3a3f1-fed6-5661-ac3f-ab341d607381', DEFAULT, 'https://images.unsplash.com/photo-1614807536394-cd67bd4a634b?w=800', 'service_image', NULL, NULL, NULL, NULL, NULL, 'f', NULL), ('94569970-6f97-5771-81cc-ba02169b954d', DEFAULT, 'https://images.unsplash.com/photo-1571019613454-1cb2f99b2d8b?w=800', 'service_image', NULL, NULL, NULL, NULL, NULL, 'f', NULL);
UPDATE public.media SET service_id = '223d99f1-5c50-536e-b2f1-21ff103a026e' WHERE id = 'e81f69a4-c60e-5952-9136-3a86489bdc31';
UPDATE public.media SET service_id = '223d99f1-5c50-536e-b2f1-21ff103a026e' WHERE id = 'd1b05099-14d1-5809-bb78-16aaa4beb71c';
UPDATE public.media SET service_id = '223d99f1-5c50-536e-b2f1-21ff103a026e' WHERE id = 'd680f412-9359-592b-8b78-3c8ad877131a';
UPDATE public.media SET service_id = '223d99f1-5c50-536e-b2f1-21ff103a026e' WHERE id = '98a3a3f1-fed6-5661-ac3f-ab341d607381';
UPDATE public.media SET service_id = '223d99f1-5c50-536e-b2f1-21ff103a026e' WHERE id = '94569970-6f97-5771-81cc-ba02169b954d';
-- Using 3 curated images for service: Brudesminke prøve
INSERT INTO public.media (id,created_at,file_path,media_type,chat_message_id,service_id,owner_id,application_id,review_id,is_preview_image,booking_note_id) VALUES ('da3e64ec-3514-5671-8e96-0410507afd5e', DEFAULT, 'https://images.unsplash.com/photo-1614807536394-cd67bd4a634b?w=800', 'service_image', NULL, NULL, NULL, NULL, NULL, 't', NULL), ('8824aca2-338a-5e39-9dab-87ab4c57e983', DEFAULT, 'https://images.unsplash.com/photo-1579952363873-27d3bfad9c0d?w=800', 'service_image', NULL, NULL, NULL, NULL, NULL, 'f', NULL), ('47404549-ae73-5422-840c-5353688ce837', DEFAULT, 'https://images.unsplash.com/photo-1577565177023-d0f29c354b69?w=800', 'service_image', NULL, NULL, NULL, NULL, NULL, 'f', NULL);
UPDATE public.media SET service_id = '85540e24-0e5a-5ffc-97e6-90b2875c357c' WHERE id = 'da3e64ec-3514-5671-8e96-0410507afd5e';
UPDATE public.media SET service_id = '85540e24-0e5a-5ffc-97e6-90b2875c357c' WHERE id = '8824aca2-338a-5e39-9dab-87ab4c57e983';
UPDATE public.media SET service_id = '85540e24-0e5a-5ffc-97e6-90b2875c357c' WHERE id = '47404549-ae73-5422-840c-5353688ce837';
-- Using 5 curated images for service: Hårbehandling
INSERT INTO public.media (id,created_at,file_path,media_type,chat_message_id,service_id,owner_id,application_id,review_id,is_preview_image,booking_note_id) VALUES ('9b3d94f3-9cca-5847-adab-abba9b5a4a8a', DEFAULT, 'https://images.unsplash.com/photo-1577565177023-d0f29c354b69?w=800', 'service_image', NULL, NULL, NULL, NULL, NULL, 't', NULL), ('d83813c0-4344-5977-bcc4-cc8fc3fc74c1', DEFAULT, 'https://images.unsplash.com/photo-1577565177023-d0f29c354b69?w=800', 'service_image', NULL, NULL, NULL, NULL, NULL, 'f', NULL), ('e8087607-bf47-5ae5-8049-2df891929fed', DEFAULT, 'https://images.unsplash.com/photo-1577565177023-d0f29c354b69?w=800', 'service_image', NULL, NULL, NULL, NULL, NULL, 'f', NULL), ('e060fdac-58cc-57a3-a7c9-ba9734ede471', DEFAULT, 'https://images.unsplash.com/photo-1571019613454-1cb2f99b2d8b?w=800', 'service_image', NULL, NULL, NULL, NULL, NULL, 'f', NULL), ('f9b5205c-a2b4-58ee-803d-4520e55744fd', DEFAULT, 'https://images.unsplash.com/photo-1571019613454-1cb2f99b2d8b?w=800', 'service_image', NULL, NULL, NULL, NULL, NULL, 'f', NULL);
UPDATE public.media SET service_id = '2a882c6e-7824-5518-b251-1cc3d7bf2bcd' WHERE id = '9b3d94f3-9cca-5847-adab-abba9b5a4a8a';
UPDATE public.media SET service_id = '2a882c6e-7824-5518-b251-1cc3d7bf2bcd' WHERE id = 'd83813c0-4344-5977-bcc4-cc8fc3fc74c1';
UPDATE public.media SET service_id = '2a882c6e-7824-5518-b251-1cc3d7bf2bcd' WHERE id = 'e8087607-bf47-5ae5-8049-2df891929fed';
UPDATE public.media SET service_id = '2a882c6e-7824-5518-b251-1cc3d7bf2bcd' WHERE id = 'e060fdac-58cc-57a3-a7c9-ba9734ede471';
UPDATE public.media SET service_id = '2a882c6e-7824-5518-b251-1cc3d7bf2bcd' WHERE id = 'f9b5205c-a2b4-58ee-803d-4520e55744fd';
-- Using 4 curated images for service: Klassiske vippeextensions
INSERT INTO public.media (id,created_at,file_path,media_type,chat_message_id,service_id,owner_id,application_id,review_id,is_preview_image,booking_note_id) VALUES ('cc66f61b-5fbc-5564-bc78-b42d35320d8b', DEFAULT, 'https://images.unsplash.com/photo-1577565177023-d0f29c354b69?w=800', 'service_image', NULL, NULL, NULL, NULL, NULL, 't', NULL), ('05b4fbfa-c457-5dca-a8b0-bb7ff5e586b6', DEFAULT, 'https://images.unsplash.com/photo-1571019613454-1cb2f99b2d8b?w=800', 'service_image', NULL, NULL, NULL, NULL, NULL, 'f', NULL), ('b7f912c3-f01f-5829-97dd-2bdfa798eb62', DEFAULT, 'https://images.unsplash.com/photo-1571171637578-41bc2dd41cd2?w=800', 'service_image', NULL, NULL, NULL, NULL, NULL, 'f', NULL), ('ce74f9d5-b6ab-523e-a43d-322de7f68cac', DEFAULT, 'https://images.unsplash.com/photo-1579952363873-27d3bfad9c0d?w=800', 'service_image', NULL, NULL, NULL, NULL, NULL, 'f', NULL);
UPDATE public.media SET service_id = 'e7cf44d6-9f4a-5776-853b-a7a4072a5d45' WHERE id = 'cc66f61b-5fbc-5564-bc78-b42d35320d8b';
UPDATE public.media SET service_id = 'e7cf44d6-9f4a-5776-853b-a7a4072a5d45' WHERE id = '05b4fbfa-c457-5dca-a8b0-bb7ff5e586b6';
UPDATE public.media SET service_id = 'e7cf44d6-9f4a-5776-853b-a7a4072a5d45' WHERE id = 'b7f912c3-f01f-5829-97dd-2bdfa798eb62';
UPDATE public.media SET service_id = 'e7cf44d6-9f4a-5776-853b-a7a4072a5d45' WHERE id = 'ce74f9d5-b6ab-523e-a43d-322de7f68cac';
-- Using 5 curated images for service: Gellack manikyr
INSERT INTO public.media (id,created_at,file_path,media_type,chat_message_id,service_id,owner_id,application_id,review_id,is_preview_image,booking_note_id) VALUES ('ffa1d57c-d320-5352-8f32-f2e9554026ff', DEFAULT, 'https://images.unsplash.com/photo-1511285560929-80b456fea0bc?w=800', 'service_image', NULL, NULL, NULL, NULL, NULL, 't', NULL), ('8f3c3853-7ee4-508b-b574-02c6eb2d092c', DEFAULT, 'https://images.unsplash.com/photo-1571115764595-644a1f56a55c?w=800', 'service_image', NULL, NULL, NULL, NULL, NULL, 'f', NULL), ('250f6618-eb05-581e-af34-d9e6ac6fd5a9', DEFAULT, 'https://images.unsplash.com/photo-1469371670807-013ccf25f16a?w=800', 'service_image', NULL, NULL, NULL, NULL, NULL, 'f', NULL), ('0fc3c5f0-0697-5478-afe7-db9ff8bb3627', DEFAULT, 'https://images.unsplash.com/photo-1511285560929-80b456fea0bc?w=800', 'service_image', NULL, NULL, NULL, NULL, NULL, 'f', NULL), ('e82bb0ff-cacc-542c-be1f-a47d90a971d5', DEFAULT, 'https://images.unsplash.com/photo-1627916607164-7b20241db935?w=800', 'service_image', NULL, NULL, NULL, NULL, NULL, 'f', NULL);
UPDATE public.media SET service_id = 'b7d36b38-fe23-5e84-a721-275f656c2211' WHERE id = 'ffa1d57c-d320-5352-8f32-f2e9554026ff';
UPDATE public.media SET service_id = 'b7d36b38-fe23-5e84-a721-275f656c2211' WHERE id = '8f3c3853-7ee4-508b-b574-02c6eb2d092c';
UPDATE public.media SET service_id = 'b7d36b38-fe23-5e84-a721-275f656c2211' WHERE id = '250f6618-eb05-581e-af34-d9e6ac6fd5a9';
UPDATE public.media SET service_id = 'b7d36b38-fe23-5e84-a721-275f656c2211' WHERE id = '0fc3c5f0-0697-5478-afe7-db9ff8bb3627';
UPDATE public.media SET service_id = 'b7d36b38-fe23-5e84-a721-275f656c2211' WHERE id = 'e82bb0ff-cacc-542c-be1f-a47d90a971d5';
-- Using 3 curated images for service: Festmakeup
INSERT INTO public.media (id,created_at,file_path,media_type,chat_message_id,service_id,owner_id,application_id,review_id,is_preview_image,booking_note_id) VALUES ('7f08a7be-050a-56b0-af27-9543091cbc31', DEFAULT, 'https://images.unsplash.com/photo-1511285560929-80b456fea0bc?w=800', 'service_image', NULL, NULL, NULL, NULL, NULL, 't', NULL), ('f7a38747-2005-5f78-89ed-16f764a33f90', DEFAULT, 'https://images.unsplash.com/photo-1594736797933-d0f71d2d7222?w=800', 'service_image', NULL, NULL, NULL, NULL, NULL, 'f', NULL), ('e32e3af4-7445-587e-b2db-2ad4441fc3e0', DEFAULT, 'https://images.unsplash.com/photo-1627916607164-7b20241db935?w=800', 'service_image', NULL, NULL, NULL, NULL, NULL, 'f', NULL);
UPDATE public.media SET service_id = 'e2a5feea-e90d-5eb7-9c72-fef6ba325faf' WHERE id = '7f08a7be-050a-56b0-af27-9543091cbc31';
UPDATE public.media SET service_id = 'e2a5feea-e90d-5eb7-9c72-fef6ba325faf' WHERE id = 'f7a38747-2005-5f78-89ed-16f764a33f90';
UPDATE public.media SET service_id = 'e2a5feea-e90d-5eb7-9c72-fef6ba325faf' WHERE id = 'e32e3af4-7445-587e-b2db-2ad4441fc3e0';
-- Using 3 curated images for service: Festmakeup
INSERT INTO public.media (id,created_at,file_path,media_type,chat_message_id,service_id,owner_id,application_id,review_id,is_preview_image,booking_note_id) VALUES ('06315235-546c-572e-a9f9-30c0237555a3', DEFAULT, 'https://images.unsplash.com/photo-1522673607200-164d1b6ce2d2?w=800', 'service_image', NULL, NULL, NULL, NULL, NULL, 't', NULL), ('78d0ebb1-8bb4-555b-867a-10a0ad65b7ae', DEFAULT, 'https://images.unsplash.com/photo-1627916607164-7b20241db935?w=800', 'service_image', NULL, NULL, NULL, NULL, NULL, 'f', NULL), ('1d9965ed-a594-556f-9851-e40f0da59c6b', DEFAULT, 'https://images.unsplash.com/photo-1627916607164-7b20241db935?w=800', 'service_image', NULL, NULL, NULL, NULL, NULL, 'f', NULL);
UPDATE public.media SET service_id = 'aa0cf64c-2fee-545b-8b01-85b1642cc444' WHERE id = '06315235-546c-572e-a9f9-30c0237555a3';
UPDATE public.media SET service_id = 'aa0cf64c-2fee-545b-8b01-85b1642cc444' WHERE id = '78d0ebb1-8bb4-555b-867a-10a0ad65b7ae';
UPDATE public.media SET service_id = 'aa0cf64c-2fee-545b-8b01-85b1642cc444' WHERE id = '1d9965ed-a594-556f-9851-e40f0da59c6b';
-- Using 5 curated images for service: Makeup kurs
INSERT INTO public.media (id,created_at,file_path,media_type,chat_message_id,service_id,owner_id,application_id,review_id,is_preview_image,booking_note_id) VALUES ('4e766a8e-5792-5d3b-b863-8a797ac52b82', DEFAULT, 'https://images.unsplash.com/photo-1627916607164-7b20241db935?w=800', 'service_image', NULL, NULL, NULL, NULL, NULL, 't', NULL), ('e0367f80-6b3d-533f-a0c3-26ff8ed12577', DEFAULT, 'https://images.unsplash.com/photo-1627916607164-7b20241db935?w=800', 'service_image', NULL, NULL, NULL, NULL, NULL, 'f', NULL), ('75ca8e4b-e100-52f5-b945-91be00baaaca', DEFAULT, 'https://images.unsplash.com/photo-1469371670807-013ccf25f16a?w=800', 'service_image', NULL, NULL, NULL, NULL, NULL, 'f', NULL), ('196650dd-648e-5942-a591-2dc2e41e0355', DEFAULT, 'https://images.unsplash.com/photo-1469371670807-013ccf25f16a?w=800', 'service_image', NULL, NULL, NULL, NULL, NULL, 'f', NULL), ('14c22858-03d3-5975-9907-50ba2929f813', DEFAULT, 'https://images.unsplash.com/photo-1522673607200-164d1b6ce2d2?w=800', 'service_image', NULL, NULL, NULL, NULL, NULL, 'f', NULL);
UPDATE public.media SET service_id = 'e45210c4-5037-5acd-828e-6a2c7da9a3db' WHERE id = '4e766a8e-5792-5d3b-b863-8a797ac52b82';
UPDATE public.media SET service_id = 'e45210c4-5037-5acd-828e-6a2c7da9a3db' WHERE id = 'e0367f80-6b3d-533f-a0c3-26ff8ed12577';
UPDATE public.media SET service_id = 'e45210c4-5037-5acd-828e-6a2c7da9a3db' WHERE id = '75ca8e4b-e100-52f5-b945-91be00baaaca';
UPDATE public.media SET service_id = 'e45210c4-5037-5acd-828e-6a2c7da9a3db' WHERE id = '196650dd-648e-5942-a591-2dc2e41e0355';
UPDATE public.media SET service_id = 'e45210c4-5037-5acd-828e-6a2c7da9a3db' WHERE id = '14c22858-03d3-5975-9907-50ba2929f813';
-- Using 4 curated images for service: Dameklipp
INSERT INTO public.media (id,created_at,file_path,media_type,chat_message_id,service_id,owner_id,application_id,review_id,is_preview_image,booking_note_id) VALUES ('89d15c92-4080-5884-9a7f-6114fd02135a', DEFAULT, 'https://images.unsplash.com/photo-1522673607200-164d1b6ce2d2?w=800', 'service_image', NULL, NULL, NULL, NULL, NULL, 't', NULL), ('ba210db0-7998-593d-a9a9-d625a1ea3d91', DEFAULT, 'https://images.unsplash.com/photo-1627916607164-7b20241db935?w=800', 'service_image', NULL, NULL, NULL, NULL, NULL, 'f', NULL), ('dc4c2d8b-10ed-5509-ab14-6ec94a3a457c', DEFAULT, 'https://images.unsplash.com/photo-1571115764595-644a1f56a55c?w=800', 'service_image', NULL, NULL, NULL, NULL, NULL, 'f', NULL), ('832b0961-b624-50bb-bc8b-04eb88a77d8a', DEFAULT, 'https://images.unsplash.com/photo-1594736797933-d0f71d2d7222?w=800', 'service_image', NULL, NULL, NULL, NULL, NULL, 'f', NULL);
UPDATE public.media SET service_id = '6a4cd26c-3e74-5e66-8c9d-0a43c0d89298' WHERE id = '89d15c92-4080-5884-9a7f-6114fd02135a';
UPDATE public.media SET service_id = '6a4cd26c-3e74-5e66-8c9d-0a43c0d89298' WHERE id = 'ba210db0-7998-593d-a9a9-d625a1ea3d91';
UPDATE public.media SET service_id = '6a4cd26c-3e74-5e66-8c9d-0a43c0d89298' WHERE id = 'dc4c2d8b-10ed-5509-ab14-6ec94a3a457c';
UPDATE public.media SET service_id = '6a4cd26c-3e74-5e66-8c9d-0a43c0d89298' WHERE id = '832b0961-b624-50bb-bc8b-04eb88a77d8a';
-- Using 3 curated images for service: Dameklipp
INSERT INTO public.media (id,created_at,file_path,media_type,chat_message_id,service_id,owner_id,application_id,review_id,is_preview_image,booking_note_id) VALUES ('1549fd76-0d76-5da7-ba7c-436a6a9c08d8', DEFAULT, 'https://images.unsplash.com/photo-1522337360788-8b13dee7a37e?w=800', 'service_image', NULL, NULL, NULL, NULL, NULL, 't', NULL), ('1754ae00-b516-59cd-b7fe-55885e3e96d3', DEFAULT, 'https://images.unsplash.com/photo-1522337360788-8b13dee7a37e?w=800', 'service_image', NULL, NULL, NULL, NULL, NULL, 'f', NULL), ('639565f2-67e3-57d3-b891-3df5a1749a0b', DEFAULT, 'https://images.unsplash.com/photo-1605497788044-5a32c7078486?w=800', 'service_image', NULL, NULL, NULL, NULL, NULL, 'f', NULL);
UPDATE public.media SET service_id = '624647d9-add1-5d7f-8000-30a3a9f0fb30' WHERE id = '1549fd76-0d76-5da7-ba7c-436a6a9c08d8';
UPDATE public.media SET service_id = '624647d9-add1-5d7f-8000-30a3a9f0fb30' WHERE id = '1754ae00-b516-59cd-b7fe-55885e3e96d3';
UPDATE public.media SET service_id = '624647d9-add1-5d7f-8000-30a3a9f0fb30' WHERE id = '639565f2-67e3-57d3-b891-3df5a1749a0b';
-- Using 5 curated images for service: Foto makeup 2
INSERT INTO public.media (id,created_at,file_path,media_type,chat_message_id,service_id,owner_id,application_id,review_id,is_preview_image,booking_note_id) VALUES ('82d19f5b-90fc-587d-b2a4-fc43c8a049d4', DEFAULT, 'https://images.unsplash.com/photo-1605497788044-5a32c7078486?w=800', 'service_image', NULL, NULL, NULL, NULL, NULL, 't', NULL), ('dacf3702-ef5c-531f-943c-3c3e85976089', DEFAULT, 'https://images.unsplash.com/photo-1559599101-f09722fb4948?w=800', 'service_image', NULL, NULL, NULL, NULL, NULL, 'f', NULL), ('047cd6a6-7569-5fc8-9c8e-94cfc57e2560', DEFAULT, 'https://images.unsplash.com/photo-1521590832167-7bcbfaa6381f?w=800', 'service_image', NULL, NULL, NULL, NULL, NULL, 'f', NULL), ('39fe3db5-17de-5909-8d75-a59fc516129a', DEFAULT, 'https://images.unsplash.com/photo-1562322140-8baeececf3df?w=800', 'service_image', NULL, NULL, NULL, NULL, NULL, 'f', NULL), ('7a2a9f67-167a-5c11-9b3e-aa29e3b5ba60', DEFAULT, 'https://images.unsplash.com/photo-1562322140-8baeececf3df?w=800', 'service_image', NULL, NULL, NULL, NULL, NULL, 'f', NULL);
UPDATE public.media SET service_id = 'afd953ad-7147-5563-9533-021001caf7a2' WHERE id = '82d19f5b-90fc-587d-b2a4-fc43c8a049d4';
UPDATE public.media SET service_id = 'afd953ad-7147-5563-9533-021001caf7a2' WHERE id = 'dacf3702-ef5c-531f-943c-3c3e85976089';
UPDATE public.media SET service_id = 'afd953ad-7147-5563-9533-021001caf7a2' WHERE id = '047cd6a6-7569-5fc8-9c8e-94cfc57e2560';
UPDATE public.media SET service_id = 'afd953ad-7147-5563-9533-021001caf7a2' WHERE id = '39fe3db5-17de-5909-8d75-a59fc516129a';
UPDATE public.media SET service_id = 'afd953ad-7147-5563-9533-021001caf7a2' WHERE id = '7a2a9f67-167a-5c11-9b3e-aa29e3b5ba60';
-- Using 4 curated images for service: Pedikyr 2
INSERT INTO public.media (id,created_at,file_path,media_type,chat_message_id,service_id,owner_id,application_id,review_id,is_preview_image,booking_note_id) VALUES ('68eac837-812e-5b90-ab7b-7621d9be9dd1', DEFAULT, 'https://images.unsplash.com/photo-1605497788044-5a32c7078486?w=800', 'service_image', NULL, NULL, NULL, NULL, NULL, 't', NULL), ('71690ec3-dfa5-52ad-a8fd-90d1c27529ed', DEFAULT, 'https://images.unsplash.com/photo-1559599101-f09722fb4948?w=800', 'service_image', NULL, NULL, NULL, NULL, NULL, 'f', NULL), ('d00e7651-54f8-5135-b46c-f528a3c51efb', DEFAULT, 'https://images.unsplash.com/photo-1522337360788-8b13dee7a37e?w=800', 'service_image', NULL, NULL, NULL, NULL, NULL, 'f', NULL), ('be9fdf2c-9f1d-598c-9a97-e162df70ad53', DEFAULT, 'https://images.unsplash.com/photo-1605497788044-5a32c7078486?w=800', 'service_image', NULL, NULL, NULL, NULL, NULL, 'f', NULL);
UPDATE public.media SET service_id = '14178b43-5f90-51e4-b62a-dd642da598f8' WHERE id = '68eac837-812e-5b90-ab7b-7621d9be9dd1';
UPDATE public.media SET service_id = '14178b43-5f90-51e4-b62a-dd642da598f8' WHERE id = '71690ec3-dfa5-52ad-a8fd-90d1c27529ed';
UPDATE public.media SET service_id = '14178b43-5f90-51e4-b62a-dd642da598f8' WHERE id = 'd00e7651-54f8-5135-b46c-f528a3c51efb';
UPDATE public.media SET service_id = '14178b43-5f90-51e4-b62a-dd642da598f8' WHERE id = 'be9fdf2c-9f1d-598c-9a97-e162df70ad53';
-- Using 5 curated images for service: Klassiske vippeextensions 2
INSERT INTO public.media (id,created_at,file_path,media_type,chat_message_id,service_id,owner_id,application_id,review_id,is_preview_image,booking_note_id) VALUES ('33d73994-7c98-52ac-9076-7cf8262bf9f0', DEFAULT, 'https://images.unsplash.com/photo-1605497788044-5a32c7078486?w=800', 'service_image', NULL, NULL, NULL, NULL, NULL, 't', NULL), ('516aaba4-60aa-553e-8dec-62306a0f3947', DEFAULT, 'https://images.unsplash.com/photo-1521590832167-7bcbfaa6381f?w=800', 'service_image', NULL, NULL, NULL, NULL, NULL, 'f', NULL), ('aade0491-fe56-51ae-a8b4-0f59a64bf8d4', DEFAULT, 'https://images.unsplash.com/photo-1559599101-f09722fb4948?w=800', 'service_image', NULL, NULL, NULL, NULL, NULL, 'f', NULL), ('67efc638-40c7-5c82-b9c3-6b28e4396133', DEFAULT, 'https://images.unsplash.com/photo-1559599101-f09722fb4948?w=800', 'service_image', NULL, NULL, NULL, NULL, NULL, 'f', NULL), ('3e4d5d7f-95ca-510c-b318-64ceb953ea12', DEFAULT, 'https://images.unsplash.com/photo-1605497788044-5a32c7078486?w=800', 'service_image', NULL, NULL, NULL, NULL, NULL, 'f', NULL);
UPDATE public.media SET service_id = '1d2359fd-6f1f-5243-864d-5695b37743eb' WHERE id = '33d73994-7c98-52ac-9076-7cf8262bf9f0';
UPDATE public.media SET service_id = '1d2359fd-6f1f-5243-864d-5695b37743eb' WHERE id = '516aaba4-60aa-553e-8dec-62306a0f3947';
UPDATE public.media SET service_id = '1d2359fd-6f1f-5243-864d-5695b37743eb' WHERE id = 'aade0491-fe56-51ae-a8b4-0f59a64bf8d4';
UPDATE public.media SET service_id = '1d2359fd-6f1f-5243-864d-5695b37743eb' WHERE id = '67efc638-40c7-5c82-b9c3-6b28e4396133';
UPDATE public.media SET service_id = '1d2359fd-6f1f-5243-864d-5695b37743eb' WHERE id = '3e4d5d7f-95ca-510c-b318-64ceb953ea12';
-- Using 3 curated images for service: Klassiske vippeextensions 2
INSERT INTO public.media (id,created_at,file_path,media_type,chat_message_id,service_id,owner_id,application_id,review_id,is_preview_image,booking_note_id) VALUES ('95b7bc15-81b0-554d-a5c1-a52bde8e1a46', DEFAULT, 'https://images.unsplash.com/photo-1521590832167-7bcbfaa6381f?w=800', 'service_image', NULL, NULL, NULL, NULL, NULL, 't', NULL), ('f3f8f977-fee9-512c-9c40-fc3a04d6bd7f', DEFAULT, 'https://images.unsplash.com/photo-1562322140-8baeececf3df?w=800', 'service_image', NULL, NULL, NULL, NULL, NULL, 'f', NULL), ('3f87735d-a733-5738-93a2-1a91d6f59374', DEFAULT, 'https://images.unsplash.com/photo-1605497788044-5a32c7078486?w=800', 'service_image', NULL, NULL, NULL, NULL, NULL, 'f', NULL);
UPDATE public.media SET service_id = '2a5d49d3-142c-57e5-9270-678f4722bb75' WHERE id = '95b7bc15-81b0-554d-a5c1-a52bde8e1a46';
UPDATE public.media SET service_id = '2a5d49d3-142c-57e5-9270-678f4722bb75' WHERE id = 'f3f8f977-fee9-512c-9c40-fc3a04d6bd7f';
UPDATE public.media SET service_id = '2a5d49d3-142c-57e5-9270-678f4722bb75' WHERE id = '3f87735d-a733-5738-93a2-1a91d6f59374';
-- Using 5 curated images for service: Gellack manikyr 2
INSERT INTO public.media (id,created_at,file_path,media_type,chat_message_id,service_id,owner_id,application_id,review_id,is_preview_image,booking_note_id) VALUES ('c5f2784a-d9b0-5677-a05a-3b12bd405a27', DEFAULT, 'https://images.unsplash.com/photo-1522337360788-8b13dee7a37e?w=800', 'service_image', NULL, NULL, NULL, NULL, NULL, 't', NULL), ('0603e387-3eb9-5591-bfca-efd46f65ab9f', DEFAULT, 'https://images.unsplash.com/photo-1562322140-8baeececf3df?w=800', 'service_image', NULL, NULL, NULL, NULL, NULL, 'f', NULL), ('3748e41b-71c4-5799-a427-8e13a3510bb5', DEFAULT, 'https://images.unsplash.com/photo-1562322140-8baeececf3df?w=800', 'service_image', NULL, NULL, NULL, NULL, NULL, 'f', NULL), ('feefea14-6593-5d2b-9670-7f2901c59af9', DEFAULT, 'https://images.unsplash.com/photo-1559599101-f09722fb4948?w=800', 'service_image', NULL, NULL, NULL, NULL, NULL, 'f', NULL), ('2894c6bc-338a-5a42-b61e-58660fdb090e', DEFAULT, 'https://images.unsplash.com/photo-1559599101-f09722fb4948?w=800', 'service_image', NULL, NULL, NULL, NULL, NULL, 'f', NULL);
UPDATE public.media SET service_id = 'b50cd102-29cf-5eae-88fc-400d1de89af3' WHERE id = 'c5f2784a-d9b0-5677-a05a-3b12bd405a27';
UPDATE public.media SET service_id = 'b50cd102-29cf-5eae-88fc-400d1de89af3' WHERE id = '0603e387-3eb9-5591-bfca-efd46f65ab9f';
UPDATE public.media SET service_id = 'b50cd102-29cf-5eae-88fc-400d1de89af3' WHERE id = '3748e41b-71c4-5799-a427-8e13a3510bb5';
UPDATE public.media SET service_id = 'b50cd102-29cf-5eae-88fc-400d1de89af3' WHERE id = 'feefea14-6593-5d2b-9670-7f2901c59af9';
UPDATE public.media SET service_id = 'b50cd102-29cf-5eae-88fc-400d1de89af3' WHERE id = '2894c6bc-338a-5a42-b61e-58660fdb090e';
-- Using 4 curated images for service: Brudefrisyre 2
INSERT INTO public.media (id,created_at,file_path,media_type,chat_message_id,service_id,owner_id,application_id,review_id,is_preview_image,booking_note_id) VALUES ('ad7c9a3e-a191-5358-88af-121b6d4dd331', DEFAULT, 'https://images.unsplash.com/photo-1522337360788-8b13dee7a37e?w=800', 'service_image', NULL, NULL, NULL, NULL, NULL, 't', NULL), ('0ca9a937-a2d1-5fac-ad39-31b8eb12bdd4', DEFAULT, 'https://images.unsplash.com/photo-1562322140-8baeececf3df?w=800', 'service_image', NULL, NULL, NULL, NULL, NULL, 'f', NULL), ('faa59697-d61e-56af-8e2c-20535c3b9849', DEFAULT, 'https://images.unsplash.com/photo-1521590832167-7bcbfaa6381f?w=800', 'service_image', NULL, NULL, NULL, NULL, NULL, 'f', NULL), ('76f2ae16-8a79-59ea-a30a-899f26cf5ab9', DEFAULT, 'https://images.unsplash.com/photo-1562322140-8baeececf3df?w=800', 'service_image', NULL, NULL, NULL, NULL, NULL, 'f', NULL);
UPDATE public.media SET service_id = 'dc966564-92f1-506b-ba19-7d7bb1f740ab' WHERE id = 'ad7c9a3e-a191-5358-88af-121b6d4dd331';
UPDATE public.media SET service_id = 'dc966564-92f1-506b-ba19-7d7bb1f740ab' WHERE id = '0ca9a937-a2d1-5fac-ad39-31b8eb12bdd4';
UPDATE public.media SET service_id = 'dc966564-92f1-506b-ba19-7d7bb1f740ab' WHERE id = 'faa59697-d61e-56af-8e2c-20535c3b9849';
UPDATE public.media SET service_id = 'dc966564-92f1-506b-ba19-7d7bb1f740ab' WHERE id = '76f2ae16-8a79-59ea-a30a-899f26cf5ab9';
-- Using 4 curated images for service: Brudefrisyre 2
INSERT INTO public.media (id,created_at,file_path,media_type,chat_message_id,service_id,owner_id,application_id,review_id,is_preview_image,booking_note_id) VALUES ('b767b8f5-5c3f-55e8-bfa1-7878807add66', DEFAULT, 'https://images.unsplash.com/photo-1562322140-8baeececf3df?w=800', 'service_image', NULL, NULL, NULL, NULL, NULL, 't', NULL), ('7b6e31db-cbe3-5707-9dc8-d59d744b3320', DEFAULT, 'https://images.unsplash.com/photo-1605497788044-5a32c7078486?w=800', 'service_image', NULL, NULL, NULL, NULL, NULL, 'f', NULL), ('901e5a2b-a898-5a77-b1c5-d2c159e7ff02', DEFAULT, 'https://images.unsplash.com/photo-1521590832167-7bcbfaa6381f?w=800', 'service_image', NULL, NULL, NULL, NULL, NULL, 'f', NULL), ('58360937-f1e9-5ac9-bd18-ee51a8bc8ef1', DEFAULT, 'https://images.unsplash.com/photo-1521590832167-7bcbfaa6381f?w=800', 'service_image', NULL, NULL, NULL, NULL, NULL, 'f', NULL);
UPDATE public.media SET service_id = '17e51b1a-6cc8-5fb8-a298-f35c9601008c' WHERE id = 'b767b8f5-5c3f-55e8-bfa1-7878807add66';
UPDATE public.media SET service_id = '17e51b1a-6cc8-5fb8-a298-f35c9601008c' WHERE id = '7b6e31db-cbe3-5707-9dc8-d59d744b3320';
UPDATE public.media SET service_id = '17e51b1a-6cc8-5fb8-a298-f35c9601008c' WHERE id = '901e5a2b-a898-5a77-b1c5-d2c159e7ff02';
UPDATE public.media SET service_id = '17e51b1a-6cc8-5fb8-a298-f35c9601008c' WHERE id = '58360937-f1e9-5ac9-bd18-ee51a8bc8ef1';
-- Using 3 curated images for service: Volum vippeextensions 2
INSERT INTO public.media (id,created_at,file_path,media_type,chat_message_id,service_id,owner_id,application_id,review_id,is_preview_image,booking_note_id) VALUES ('7a811e17-5e95-58b0-8365-3be08e5e6a3a', DEFAULT, 'https://images.unsplash.com/photo-1604654894610-df63bc536371?w=800', 'service_image', NULL, NULL, NULL, NULL, NULL, 't', NULL), ('7fb5540f-721b-5810-a31a-d8a13fa9bb03', DEFAULT, 'https://images.unsplash.com/photo-1610992015732-2449b76344bc?w=800', 'service_image', NULL, NULL, NULL, NULL, NULL, 'f', NULL), ('93f0ceba-2fd6-534c-967f-f78a2fb741f1', DEFAULT, 'https://images.unsplash.com/photo-1610992015732-2449b76344bc?w=800', 'service_image', NULL, NULL, NULL, NULL, NULL, 'f', NULL);
UPDATE public.media SET service_id = '22bf4307-d5a9-538a-bcf4-909f5a7e33dc' WHERE id = '7a811e17-5e95-58b0-8365-3be08e5e6a3a';
UPDATE public.media SET service_id = '22bf4307-d5a9-538a-bcf4-909f5a7e33dc' WHERE id = '7fb5540f-721b-5810-a31a-d8a13fa9bb03';
UPDATE public.media SET service_id = '22bf4307-d5a9-538a-bcf4-909f5a7e33dc' WHERE id = '93f0ceba-2fd6-534c-967f-f78a2fb741f1';
-- Using 3 curated images for service: Highlights 2
INSERT INTO public.media (id,created_at,file_path,media_type,chat_message_id,service_id,owner_id,application_id,review_id,is_preview_image,booking_note_id) VALUES ('1cb3f8ac-72b9-5df4-b0be-720b2ea0bc83', DEFAULT, 'https://images.unsplash.com/photo-1610992015732-2449b76344bc?w=800', 'service_image', NULL, NULL, NULL, NULL, NULL, 't', NULL), ('5d41584c-0d8d-5034-9822-4896718cdaea', DEFAULT, 'https://images.unsplash.com/photo-1563401289-e8010d13da76?w=800', 'service_image', NULL, NULL, NULL, NULL, NULL, 'f', NULL), ('bef5fcee-1597-5bff-beb9-e6570a112297', DEFAULT, 'https://images.unsplash.com/photo-1595476108010-b4d1f102b1b1?w=800', 'service_image', NULL, NULL, NULL, NULL, NULL, 'f', NULL);
UPDATE public.media SET service_id = 'cce76ede-998c-52d2-903b-cbf19c7747a8' WHERE id = '1cb3f8ac-72b9-5df4-b0be-720b2ea0bc83';
UPDATE public.media SET service_id = 'cce76ede-998c-52d2-903b-cbf19c7747a8' WHERE id = '5d41584c-0d8d-5034-9822-4896718cdaea';
UPDATE public.media SET service_id = 'cce76ede-998c-52d2-903b-cbf19c7747a8' WHERE id = 'bef5fcee-1597-5bff-beb9-e6570a112297';
-- Using 5 curated images for service: Pedikyr 2
INSERT INTO public.media (id,created_at,file_path,media_type,chat_message_id,service_id,owner_id,application_id,review_id,is_preview_image,booking_note_id) VALUES ('a308fbcd-2830-5864-ac0c-33d945bd903e', DEFAULT, 'https://images.unsplash.com/photo-1595476108010-b4d1f102b1b1?w=800', 'service_image', NULL, NULL, NULL, NULL, NULL, 't', NULL), ('9ebc59c6-5ffb-521f-88c9-161cf237d699', DEFAULT, 'https://images.unsplash.com/photo-1607779097040-26e80aa78e66?w=800', 'service_image', NULL, NULL, NULL, NULL, NULL, 'f', NULL), ('b7f9743c-9536-5df0-9456-3778015eac6d', DEFAULT, 'https://images.unsplash.com/photo-1595476108010-b4d1f102b1b1?w=800', 'service_image', NULL, NULL, NULL, NULL, NULL, 'f', NULL), ('c850d84e-2cea-5aa5-8ea6-5fd1b0c16311', DEFAULT, 'https://images.unsplash.com/photo-1610992015732-2449b76344bc?w=800', 'service_image', NULL, NULL, NULL, NULL, NULL, 'f', NULL), ('d33dec6e-2849-574b-b06d-b8e6d6e75b2a', DEFAULT, 'https://images.unsplash.com/photo-1610992015732-2449b76344bc?w=800', 'service_image', NULL, NULL, NULL, NULL, NULL, 'f', NULL);
UPDATE public.media SET service_id = 'a880eacd-2ef3-5f96-a387-1e4129739d58' WHERE id = 'a308fbcd-2830-5864-ac0c-33d945bd903e';
UPDATE public.media SET service_id = 'a880eacd-2ef3-5f96-a387-1e4129739d58' WHERE id = '9ebc59c6-5ffb-521f-88c9-161cf237d699';
UPDATE public.media SET service_id = 'a880eacd-2ef3-5f96-a387-1e4129739d58' WHERE id = 'b7f9743c-9536-5df0-9456-3778015eac6d';
UPDATE public.media SET service_id = 'a880eacd-2ef3-5f96-a387-1e4129739d58' WHERE id = 'c850d84e-2cea-5aa5-8ea6-5fd1b0c16311';
UPDATE public.media SET service_id = 'a880eacd-2ef3-5f96-a387-1e4129739d58' WHERE id = 'd33dec6e-2849-574b-b06d-b8e6d6e75b2a';
-- Using 3 curated images for service: Gellack med design 2
INSERT INTO public.media (id,created_at,file_path,media_type,chat_message_id,service_id,owner_id,application_id,review_id,is_preview_image,booking_note_id) VALUES ('e754587a-7d61-5f8e-934e-52b25e1703f0', DEFAULT, 'https://images.unsplash.com/photo-1563401289-e8010d13da76?w=800', 'service_image', NULL, NULL, NULL, NULL, NULL, 't', NULL), ('51e4fc9e-212e-506a-8d8d-2ee021ffb948', DEFAULT, 'https://images.unsplash.com/photo-1595476108010-b4d1f102b1b1?w=800', 'service_image', NULL, NULL, NULL, NULL, NULL, 'f', NULL), ('1707cca2-57ad-582a-8c22-e116776fafa1', DEFAULT, 'https://images.unsplash.com/photo-1563401289-e8010d13da76?w=800', 'service_image', NULL, NULL, NULL, NULL, NULL, 'f', NULL);
UPDATE public.media SET service_id = 'cc8895a3-c3b1-570a-9715-0e5f7037db58' WHERE id = 'e754587a-7d61-5f8e-934e-52b25e1703f0';
UPDATE public.media SET service_id = 'cc8895a3-c3b1-570a-9715-0e5f7037db58' WHERE id = '51e4fc9e-212e-506a-8d8d-2ee021ffb948';
UPDATE public.media SET service_id = 'cc8895a3-c3b1-570a-9715-0e5f7037db58' WHERE id = '1707cca2-57ad-582a-8c22-e116776fafa1';
-- Using 4 curated images for service: Balayage farge 2
INSERT INTO public.media (id,created_at,file_path,media_type,chat_message_id,service_id,owner_id,application_id,review_id,is_preview_image,booking_note_id) VALUES ('7164d1bd-f39b-5d9a-8dd6-06d70d866a82', DEFAULT, 'https://images.unsplash.com/photo-1610992015732-2449b76344bc?w=800', 'service_image', NULL, NULL, NULL, NULL, NULL, 't', NULL), ('8478a71d-ef97-52e2-a397-f7e9e9dfe3bc', DEFAULT, 'https://images.unsplash.com/photo-1610992015732-2449b76344bc?w=800', 'service_image', NULL, NULL, NULL, NULL, NULL, 'f', NULL), ('9c84ac0d-4fcb-5543-b37e-cb630d5d37bd', DEFAULT, 'https://images.unsplash.com/photo-1607779097040-26e80aa78e66?w=800', 'service_image', NULL, NULL, NULL, NULL, NULL, 'f', NULL), ('66cc2da9-0aba-57b4-8869-da93aab9078b', DEFAULT, 'https://images.unsplash.com/photo-1610992015732-2449b76344bc?w=800', 'service_image', NULL, NULL, NULL, NULL, NULL, 'f', NULL);
UPDATE public.media SET service_id = 'db7cae9b-8f33-58bd-9446-2b7e4f35612c' WHERE id = '7164d1bd-f39b-5d9a-8dd6-06d70d866a82';
UPDATE public.media SET service_id = 'db7cae9b-8f33-58bd-9446-2b7e4f35612c' WHERE id = '8478a71d-ef97-52e2-a397-f7e9e9dfe3bc';
UPDATE public.media SET service_id = 'db7cae9b-8f33-58bd-9446-2b7e4f35612c' WHERE id = '9c84ac0d-4fcb-5543-b37e-cb630d5d37bd';
UPDATE public.media SET service_id = 'db7cae9b-8f33-58bd-9446-2b7e4f35612c' WHERE id = '66cc2da9-0aba-57b4-8869-da93aab9078b';
-- Using 5 curated images for service: Brynspluking 2
INSERT INTO public.media (id,created_at,file_path,media_type,chat_message_id,service_id,owner_id,application_id,review_id,is_preview_image,booking_note_id) VALUES ('89dfde93-4eb0-5e95-8172-a852803bf56f', DEFAULT, 'https://images.unsplash.com/photo-1604654894610-df63bc536371?w=800', 'service_image', NULL, NULL, NULL, NULL, NULL, 't', NULL), ('b4d88b4e-0925-5f86-96f6-2374b2fe0197', DEFAULT, 'https://images.unsplash.com/photo-1610992015732-2449b76344bc?w=800', 'service_image', NULL, NULL, NULL, NULL, NULL, 'f', NULL), ('cbced664-5c66-58af-a010-c7e811c8360d', DEFAULT, 'https://images.unsplash.com/photo-1607779097040-26e80aa78e66?w=800', 'service_image', NULL, NULL, NULL, NULL, NULL, 'f', NULL), ('6646259c-a590-5e21-b65e-5c8413ebd4bc', DEFAULT, 'https://images.unsplash.com/photo-1604654894610-df63bc536371?w=800', 'service_image', NULL, NULL, NULL, NULL, NULL, 'f', NULL), ('a2ed0f64-509e-5921-aec3-61475b5d4ca2', DEFAULT, 'https://images.unsplash.com/photo-1610992015732-2449b76344bc?w=800', 'service_image', NULL, NULL, NULL, NULL, NULL, 'f', NULL);
UPDATE public.media SET service_id = 'bfada96a-f22b-520d-a8a5-2a69720d77cb' WHERE id = '89dfde93-4eb0-5e95-8172-a852803bf56f';
UPDATE public.media SET service_id = 'bfada96a-f22b-520d-a8a5-2a69720d77cb' WHERE id = 'b4d88b4e-0925-5f86-96f6-2374b2fe0197';
UPDATE public.media SET service_id = 'bfada96a-f22b-520d-a8a5-2a69720d77cb' WHERE id = 'cbced664-5c66-58af-a010-c7e811c8360d';
UPDATE public.media SET service_id = 'bfada96a-f22b-520d-a8a5-2a69720d77cb' WHERE id = '6646259c-a590-5e21-b65e-5c8413ebd4bc';
UPDATE public.media SET service_id = 'bfada96a-f22b-520d-a8a5-2a69720d77cb' WHERE id = 'a2ed0f64-509e-5921-aec3-61475b5d4ca2';
-- Using 4 curated images for service: Hårfarge 2
INSERT INTO public.media (id,created_at,file_path,media_type,chat_message_id,service_id,owner_id,application_id,review_id,is_preview_image,booking_note_id) VALUES ('e34ec168-96c7-58fd-aad5-ae69f7ceb31d', DEFAULT, 'https://images.unsplash.com/photo-1607779097040-26e80aa78e66?w=800', 'service_image', NULL, NULL, NULL, NULL, NULL, 't', NULL), ('56f5e3f3-5a03-5cff-be54-c57d60090523', DEFAULT, 'https://images.unsplash.com/photo-1607779097040-26e80aa78e66?w=800', 'service_image', NULL, NULL, NULL, NULL, NULL, 'f', NULL), ('70f8be8b-11c9-5a4a-a1f3-8c85a9b65295', DEFAULT, 'https://images.unsplash.com/photo-1607779097040-26e80aa78e66?w=800', 'service_image', NULL, NULL, NULL, NULL, NULL, 'f', NULL), ('d447d614-fd28-559f-946e-301c5cc0767d', DEFAULT, 'https://images.unsplash.com/photo-1563401289-e8010d13da76?w=800', 'service_image', NULL, NULL, NULL, NULL, NULL, 'f', NULL);
UPDATE public.media SET service_id = 'b7cfbb6f-5f3b-51a2-8f67-556f8e8bb547' WHERE id = 'e34ec168-96c7-58fd-aad5-ae69f7ceb31d';
UPDATE public.media SET service_id = 'b7cfbb6f-5f3b-51a2-8f67-556f8e8bb547' WHERE id = '56f5e3f3-5a03-5cff-be54-c57d60090523';
UPDATE public.media SET service_id = 'b7cfbb6f-5f3b-51a2-8f67-556f8e8bb547' WHERE id = '70f8be8b-11c9-5a4a-a1f3-8c85a9b65295';
UPDATE public.media SET service_id = 'b7cfbb6f-5f3b-51a2-8f67-556f8e8bb547' WHERE id = 'd447d614-fd28-559f-946e-301c5cc0767d';
-- Using 4 curated images for service: Balayage farge 2
INSERT INTO public.media (id,created_at,file_path,media_type,chat_message_id,service_id,owner_id,application_id,review_id,is_preview_image,booking_note_id) VALUES ('aefc3f87-88a9-5aa7-a690-147663cc6f66', DEFAULT, 'https://images.unsplash.com/photo-1583001931096-959e9a1a6223?w=800', 'service_image', NULL, NULL, NULL, NULL, NULL, 't', NULL), ('ef47c812-1e90-53ea-a974-389402864d3f', DEFAULT, 'https://images.unsplash.com/photo-1487412947147-5cebf100ffc2?w=800', 'service_image', NULL, NULL, NULL, NULL, NULL, 'f', NULL), ('24819597-2a2e-57b1-90c1-f90b8c10d01e', DEFAULT, 'https://images.unsplash.com/photo-1583001931096-959e9a1a6223?w=800', 'service_image', NULL, NULL, NULL, NULL, NULL, 'f', NULL), ('a81f5915-d5bf-5029-a41d-cdb2963ab0e6', DEFAULT, 'https://images.unsplash.com/photo-1596462502278-27bfdc403348?w=800', 'service_image', NULL, NULL, NULL, NULL, NULL, 'f', NULL);
UPDATE public.media SET service_id = 'ecbea8f6-b213-57b5-811c-b7261694ffa4' WHERE id = 'aefc3f87-88a9-5aa7-a690-147663cc6f66';
UPDATE public.media SET service_id = 'ecbea8f6-b213-57b5-811c-b7261694ffa4' WHERE id = 'ef47c812-1e90-53ea-a974-389402864d3f';
UPDATE public.media SET service_id = 'ecbea8f6-b213-57b5-811c-b7261694ffa4' WHERE id = '24819597-2a2e-57b1-90c1-f90b8c10d01e';
UPDATE public.media SET service_id = 'ecbea8f6-b213-57b5-811c-b7261694ffa4' WHERE id = 'a81f5915-d5bf-5029-a41d-cdb2963ab0e6';
-- Using 5 curated images for service: Brudemakeup komplett 2
INSERT INTO public.media (id,created_at,file_path,media_type,chat_message_id,service_id,owner_id,application_id,review_id,is_preview_image,booking_note_id) VALUES ('4fd92da5-57f0-57e2-92d3-112833be5ffd', DEFAULT, 'https://images.unsplash.com/photo-1596462502278-27bfdc403348?w=800', 'service_image', NULL, NULL, NULL, NULL, NULL, 't', NULL), ('e37c2719-bc2c-5cd4-ba41-297260c2b2a5', DEFAULT, 'https://images.unsplash.com/photo-1583001931096-959e9a1a6223?w=800', 'service_image', NULL, NULL, NULL, NULL, NULL, 'f', NULL), ('4d885f51-0619-55e2-85a4-e05c67041374', DEFAULT, 'https://images.unsplash.com/photo-1522338140262-f46f5913618c?w=800', 'service_image', NULL, NULL, NULL, NULL, NULL, 'f', NULL), ('4db44e77-9b54-5890-a390-f1f63a9408ca', DEFAULT, 'https://images.unsplash.com/photo-1512496015851-a90fb38ba796?w=800', 'service_image', NULL, NULL, NULL, NULL, NULL, 'f', NULL), ('164fe3cc-5a5d-537c-9c1a-560d7d04385b', DEFAULT, 'https://images.unsplash.com/photo-1522338140262-f46f5913618c?w=800', 'service_image', NULL, NULL, NULL, NULL, NULL, 'f', NULL);
UPDATE public.media SET service_id = 'e120ba0e-3be9-5f1c-bd06-ba190e8d0b70' WHERE id = '4fd92da5-57f0-57e2-92d3-112833be5ffd';
UPDATE public.media SET service_id = 'e120ba0e-3be9-5f1c-bd06-ba190e8d0b70' WHERE id = 'e37c2719-bc2c-5cd4-ba41-297260c2b2a5';
UPDATE public.media SET service_id = 'e120ba0e-3be9-5f1c-bd06-ba190e8d0b70' WHERE id = '4d885f51-0619-55e2-85a4-e05c67041374';
UPDATE public.media SET service_id = 'e120ba0e-3be9-5f1c-bd06-ba190e8d0b70' WHERE id = '4db44e77-9b54-5890-a390-f1f63a9408ca';
UPDATE public.media SET service_id = 'e120ba0e-3be9-5f1c-bd06-ba190e8d0b70' WHERE id = '164fe3cc-5a5d-537c-9c1a-560d7d04385b';
-- Using 4 curated images for service: Foto makeup 2
INSERT INTO public.media (id,created_at,file_path,media_type,chat_message_id,service_id,owner_id,application_id,review_id,is_preview_image,booking_note_id) VALUES ('73a63871-4637-50f7-a8cf-a17686c7dc5b', DEFAULT, 'https://images.unsplash.com/photo-1596462502278-27bfdc403348?w=800', 'service_image', NULL, NULL, NULL, NULL, NULL, 't', NULL), ('bd127772-a4de-5b6a-93d8-8fb1c0b93210', DEFAULT, 'https://images.unsplash.com/photo-1512496015851-a90fb38ba796?w=800', 'service_image', NULL, NULL, NULL, NULL, NULL, 'f', NULL), ('ba622eeb-0858-5882-99a0-b62b53c8cb6e', DEFAULT, 'https://images.unsplash.com/photo-1596462502278-27bfdc403348?w=800', 'service_image', NULL, NULL, NULL, NULL, NULL, 'f', NULL), ('9f536c34-de80-504a-8dbc-3a1bd227b175', DEFAULT, 'https://images.unsplash.com/photo-1583001931096-959e9a1a6223?w=800', 'service_image', NULL, NULL, NULL, NULL, NULL, 'f', NULL);
UPDATE public.media SET service_id = '01386236-4a58-58c4-bc9b-b62296d5b0c8' WHERE id = '73a63871-4637-50f7-a8cf-a17686c7dc5b';
UPDATE public.media SET service_id = '01386236-4a58-58c4-bc9b-b62296d5b0c8' WHERE id = 'bd127772-a4de-5b6a-93d8-8fb1c0b93210';
UPDATE public.media SET service_id = '01386236-4a58-58c4-bc9b-b62296d5b0c8' WHERE id = 'ba622eeb-0858-5882-99a0-b62b53c8cb6e';
UPDATE public.media SET service_id = '01386236-4a58-58c4-bc9b-b62296d5b0c8' WHERE id = '9f536c34-de80-504a-8dbc-3a1bd227b175';
-- Using 4 curated images for service: Brude makeup 2
INSERT INTO public.media (id,created_at,file_path,media_type,chat_message_id,service_id,owner_id,application_id,review_id,is_preview_image,booking_note_id) VALUES ('38d62570-55e1-5395-a25c-8df93ae10237', DEFAULT, 'https://images.unsplash.com/photo-1522338140262-f46f5913618c?w=800', 'service_image', NULL, NULL, NULL, NULL, NULL, 't', NULL), ('b6bfab67-d74d-5c7e-9c8e-4cb96b65dcf8', DEFAULT, 'https://images.unsplash.com/photo-1596462502278-27bfdc403348?w=800', 'service_image', NULL, NULL, NULL, NULL, NULL, 'f', NULL), ('fa9c9937-5a1c-55c3-beb1-47e83e867683', DEFAULT, 'https://images.unsplash.com/photo-1487412947147-5cebf100ffc2?w=800', 'service_image', NULL, NULL, NULL, NULL, NULL, 'f', NULL), ('1a112051-5939-53cf-8bfe-2942c9dc868a', DEFAULT, 'https://images.unsplash.com/photo-1487412947147-5cebf100ffc2?w=800', 'service_image', NULL, NULL, NULL, NULL, NULL, 'f', NULL);
UPDATE public.media SET service_id = '588ce9a6-824d-5ecc-ac30-0e0629217186' WHERE id = '38d62570-55e1-5395-a25c-8df93ae10237';
UPDATE public.media SET service_id = '588ce9a6-824d-5ecc-ac30-0e0629217186' WHERE id = 'b6bfab67-d74d-5c7e-9c8e-4cb96b65dcf8';
UPDATE public.media SET service_id = '588ce9a6-824d-5ecc-ac30-0e0629217186' WHERE id = 'fa9c9937-5a1c-55c3-beb1-47e83e867683';
UPDATE public.media SET service_id = '588ce9a6-824d-5ecc-ac30-0e0629217186' WHERE id = '1a112051-5939-53cf-8bfe-2942c9dc868a';
-- Using 3 curated images for service: Brudemakeup komplett 2
INSERT INTO public.media (id,created_at,file_path,media_type,chat_message_id,service_id,owner_id,application_id,review_id,is_preview_image,booking_note_id) VALUES ('e0a60338-6512-576d-8fd8-d1b2ddc38843', DEFAULT, 'https://images.unsplash.com/photo-1487412947147-5cebf100ffc2?w=800', 'service_image', NULL, NULL, NULL, NULL, NULL, 't', NULL), ('f94c3b02-aab1-5b06-a504-eb189c659e07', DEFAULT, 'https://images.unsplash.com/photo-1487412947147-5cebf100ffc2?w=800', 'service_image', NULL, NULL, NULL, NULL, NULL, 'f', NULL), ('d3def2a1-d87e-596e-9c6f-6a3ad10d2cb0', DEFAULT, 'https://images.unsplash.com/photo-1596462502278-27bfdc403348?w=800', 'service_image', NULL, NULL, NULL, NULL, NULL, 'f', NULL);
UPDATE public.media SET service_id = '0416504c-bc7d-5f0c-ac2f-94736d68799c' WHERE id = 'e0a60338-6512-576d-8fd8-d1b2ddc38843';
UPDATE public.media SET service_id = '0416504c-bc7d-5f0c-ac2f-94736d68799c' WHERE id = 'f94c3b02-aab1-5b06-a504-eb189c659e07';
UPDATE public.media SET service_id = '0416504c-bc7d-5f0c-ac2f-94736d68799c' WHERE id = 'd3def2a1-d87e-596e-9c6f-6a3ad10d2cb0';
-- Using 5 curated images for service: Hybrid vipper 2
INSERT INTO public.media (id,created_at,file_path,media_type,chat_message_id,service_id,owner_id,application_id,review_id,is_preview_image,booking_note_id) VALUES ('b4cc9532-f0b2-5372-ba47-faae3bd1c6ca', DEFAULT, 'https://images.unsplash.com/photo-1583001931096-959e9a1a6223?w=800', 'service_image', NULL, NULL, NULL, NULL, NULL, 't', NULL), ('6c74c571-0163-56b4-bdfb-4e7f5ce9822a', DEFAULT, 'https://images.unsplash.com/photo-1512496015851-a90fb38ba796?w=800', 'service_image', NULL, NULL, NULL, NULL, NULL, 'f', NULL), ('2ea76bd9-bc83-5921-a5e1-a29e34468e7d', DEFAULT, 'https://images.unsplash.com/photo-1512496015851-a90fb38ba796?w=800', 'service_image', NULL, NULL, NULL, NULL, NULL, 'f', NULL), ('80b23d62-850f-5c1d-97d8-2a399e7606ae', DEFAULT, 'https://images.unsplash.com/photo-1487412947147-5cebf100ffc2?w=800', 'service_image', NULL, NULL, NULL, NULL, NULL, 'f', NULL), ('c47440c4-7067-5d9f-b282-a98ff4d6deba', DEFAULT, 'https://images.unsplash.com/photo-1487412947147-5cebf100ffc2?w=800', 'service_image', NULL, NULL, NULL, NULL, NULL, 'f', NULL);
UPDATE public.media SET service_id = 'ae095deb-f4d1-5a82-93a8-6df231b7cb4c' WHERE id = 'b4cc9532-f0b2-5372-ba47-faae3bd1c6ca';
UPDATE public.media SET service_id = 'ae095deb-f4d1-5a82-93a8-6df231b7cb4c' WHERE id = '6c74c571-0163-56b4-bdfb-4e7f5ce9822a';
UPDATE public.media SET service_id = 'ae095deb-f4d1-5a82-93a8-6df231b7cb4c' WHERE id = '2ea76bd9-bc83-5921-a5e1-a29e34468e7d';
UPDATE public.media SET service_id = 'ae095deb-f4d1-5a82-93a8-6df231b7cb4c' WHERE id = '80b23d62-850f-5c1d-97d8-2a399e7606ae';
UPDATE public.media SET service_id = 'ae095deb-f4d1-5a82-93a8-6df231b7cb4c' WHERE id = 'c47440c4-7067-5d9f-b282-a98ff4d6deba';
-- Using 4 curated images for service: Hårbehandling 2
INSERT INTO public.media (id,created_at,file_path,media_type,chat_message_id,service_id,owner_id,application_id,review_id,is_preview_image,booking_note_id) VALUES ('25f20481-353b-55ae-a8b0-311855682685', DEFAULT, 'https://images.unsplash.com/photo-1614807536394-cd67bd4a634b?w=800', 'service_image', NULL, NULL, NULL, NULL, NULL, 't', NULL), ('6aff8bbd-bb3c-5d39-915e-52b22ac416ee', DEFAULT, 'https://images.unsplash.com/photo-1571171637578-41bc2dd41cd2?w=800', 'service_image', NULL, NULL, NULL, NULL, NULL, 'f', NULL), ('a1562f33-8599-5ad7-a81f-ea34efd325ee', DEFAULT, 'https://images.unsplash.com/photo-1571019613454-1cb2f99b2d8b?w=800', 'service_image', NULL, NULL, NULL, NULL, NULL, 'f', NULL), ('cc4aaad0-05a8-5efd-b59c-4b150aea16cd', DEFAULT, 'https://images.unsplash.com/photo-1571171637578-41bc2dd41cd2?w=800', 'service_image', NULL, NULL, NULL, NULL, NULL, 'f', NULL);
UPDATE public.media SET service_id = 'b341b4e7-48c7-52a0-b31a-cfc76698083a' WHERE id = '25f20481-353b-55ae-a8b0-311855682685';
UPDATE public.media SET service_id = 'b341b4e7-48c7-52a0-b31a-cfc76698083a' WHERE id = '6aff8bbd-bb3c-5d39-915e-52b22ac416ee';
UPDATE public.media SET service_id = 'b341b4e7-48c7-52a0-b31a-cfc76698083a' WHERE id = 'a1562f33-8599-5ad7-a81f-ea34efd325ee';
UPDATE public.media SET service_id = 'b341b4e7-48c7-52a0-b31a-cfc76698083a' WHERE id = 'cc4aaad0-05a8-5efd-b59c-4b150aea16cd';
INSERT INTO public.stylist_availability_rules (id,stylist_id,day_of_week,start_time,end_time) VALUES ('c60ae184-7fe3-5d8b-8ef9-7bcaca5af2ce', '5fef9e7c-116a-5504-a6ae-d16f4442d448', 'monday', '08:00', '17:00'), ('bd03682d-a54d-55cd-92d5-6357aee53472', '5fef9e7c-116a-5504-a6ae-d16f4442d448', 'tuesday', '08:00', '17:00'), ('d2cfbf3c-2f8c-560c-a17e-356a42049008', '5fef9e7c-116a-5504-a6ae-d16f4442d448', 'thursday', '08:00', '17:00'), ('9c56a790-eceb-51eb-9fc9-ea7ba06b935a', '5fef9e7c-116a-5504-a6ae-d16f4442d448', 'friday', '08:00', '17:00'), ('81bd8e0b-643c-55b2-9801-08d3b93feaf8', '5fef9e7c-116a-5504-a6ae-d16f4442d448', 'saturday', '10:00', '15:00'), ('6a493aeb-bf62-5516-aae2-6ba6fdb14d34', '5ac46069-d153-5b50-a0be-8a017d379243', 'monday', '09:00', '18:00'), ('6f9c27f6-3cdc-5bb3-b8fc-540914e5733f', '5ac46069-d153-5b50-a0be-8a017d379243', 'tuesday', '09:00', '18:00'), ('514e9d0e-e8d9-590c-af83-812a0830e348', '5ac46069-d153-5b50-a0be-8a017d379243', 'wednesday', '09:00', '18:00'), ('ab465bc3-0e73-5320-b4bc-618880b146ef', '5ac46069-d153-5b50-a0be-8a017d379243', 'thursday', '09:00', '18:00'), ('dbef8424-421f-5745-9227-b88cc3edd63e', '5ac46069-d153-5b50-a0be-8a017d379243', 'friday', '09:00', '18:00'), ('76d8701f-a7ee-58bf-8399-82431d8b601e', '5ac46069-d153-5b50-a0be-8a017d379243', 'saturday', '11:00', '16:00'), ('44708471-0051-5838-b931-bb32352ec128', '5f2c632c-1003-5d3e-94f5-6085899aa359', 'monday', '10:00', '19:00'), ('83452a8c-2732-5e00-b522-1f6be455d4fc', '5f2c632c-1003-5d3e-94f5-6085899aa359', 'tuesday', '10:00', '19:00'), ('1e157e11-c2cf-5d44-b0fe-143bf785a869', '5f2c632c-1003-5d3e-94f5-6085899aa359', 'wednesday', '10:00', '19:00'), ('5cc90530-d6cb-540a-85f9-cd6f9f8c8764', '5f2c632c-1003-5d3e-94f5-6085899aa359', 'thursday', '10:00', '19:00'), ('c803ab7d-d500-5306-b5b9-a2a7c63b7005', '5f2c632c-1003-5d3e-94f5-6085899aa359', 'friday', '10:00', '19:00'), ('3dce3ae0-53f9-5770-adc4-956537b7583b', '5f2c632c-1003-5d3e-94f5-6085899aa359', 'saturday', '10:00', '15:00'), ('8eba181e-48ac-5c4b-9ac2-22f204d1606e', '71c8f57c-aae5-5ac8-8fc0-a1ff399b17b8', 'monday', '08:00', '17:00'), ('585e44ca-bbc6-5800-b561-0286e02feaeb', '71c8f57c-aae5-5ac8-8fc0-a1ff399b17b8', 'tuesday', '08:00', '17:00'), ('fdd5a303-b92c-5e0a-9dc8-9f4895ee24e8', '71c8f57c-aae5-5ac8-8fc0-a1ff399b17b8', 'thursday', '08:00', '17:00'), ('bbc9d464-06b4-50c7-9b5f-f582705c6d36', '71c8f57c-aae5-5ac8-8fc0-a1ff399b17b8', 'friday', '08:00', '17:00'), ('e03e2c17-b0cb-59cf-873e-23054728a94b', '71c8f57c-aae5-5ac8-8fc0-a1ff399b17b8', 'saturday', '11:00', '16:00'), ('ef5f8ef5-969c-5a26-b80f-9a78545cfa60', '815c84a1-9088-5e6f-b1ab-0853285c0e5d', 'monday', '09:00', '18:00'), ('d415671f-e95d-535e-90e8-06820e0331c9', '815c84a1-9088-5e6f-b1ab-0853285c0e5d', 'tuesday', '09:00', '18:00'), ('3d57db21-b580-56e5-88c4-8a30c1f859a3', '815c84a1-9088-5e6f-b1ab-0853285c0e5d', 'wednesday', '09:00', '18:00'), ('a0255069-edfa-5ebb-bf91-9519a9b80c4e', '815c84a1-9088-5e6f-b1ab-0853285c0e5d', 'thursday', '09:00', '18:00'), ('bb4f90fd-efc3-5e28-972e-c47ecccf813a', '815c84a1-9088-5e6f-b1ab-0853285c0e5d', 'friday', '09:00', '18:00'), ('12808446-01a0-591b-beeb-043d90cafad6', '815c84a1-9088-5e6f-b1ab-0853285c0e5d', 'saturday', '10:00', '15:00'), ('8bccfda1-4d48-533e-8a89-b7feeaba219e', 'f14ee7a7-b3f9-561d-8cf7-983293f0008f', 'monday', '10:00', '19:00'), ('a6d81001-1df1-52fe-8ec4-725d41aa122d', 'f14ee7a7-b3f9-561d-8cf7-983293f0008f', 'tuesday', '10:00', '19:00'), ('e8c8069f-6f8e-5140-9c0f-6c5281919846', 'f14ee7a7-b3f9-561d-8cf7-983293f0008f', 'wednesday', '10:00', '19:00'), ('89b0e55f-93d1-569a-b1f9-f6f6ff33e342', 'f14ee7a7-b3f9-561d-8cf7-983293f0008f', 'thursday', '10:00', '19:00'), ('2baa04ae-3e9d-5387-a272-d31e6f85868b', 'f14ee7a7-b3f9-561d-8cf7-983293f0008f', 'friday', '10:00', '19:00'), ('946323e5-4a80-5079-a290-65c58a29524d', 'f14ee7a7-b3f9-561d-8cf7-983293f0008f', 'saturday', '11:00', '16:00'), ('6ee15366-a79b-596a-b034-1fa1599ce353', 'e4153ca5-d012-5995-bad4-086731587974', 'monday', '08:00', '17:00'), ('8598a2cf-8f8a-581a-a15a-44e77e0108ec', 'e4153ca5-d012-5995-bad4-086731587974', 'tuesday', '08:00', '17:00'), ('9559e6a7-502c-5ca8-a58d-1c1eee2b3303', 'e4153ca5-d012-5995-bad4-086731587974', 'thursday', '08:00', '17:00'), ('d3ad2412-51bc-5126-9ab9-d9280dca76fe', 'e4153ca5-d012-5995-bad4-086731587974', 'friday', '08:00', '17:00'), ('9c3f77e4-b085-5f56-88de-9bdd35e5cbb8', 'e4153ca5-d012-5995-bad4-086731587974', 'saturday', '10:00', '15:00'), ('472d652c-d095-5325-b1e5-cb79135d697a', '8bb5337a-4ae8-5fe9-834c-d09e97c220b7', 'monday', '09:00', '18:00'), ('d5203669-387a-5b6f-b0b5-d9f432a356ef', '8bb5337a-4ae8-5fe9-834c-d09e97c220b7', 'tuesday', '09:00', '18:00'), ('68319779-5e17-559f-9534-638d8b9a2e39', '8bb5337a-4ae8-5fe9-834c-d09e97c220b7', 'wednesday', '09:00', '18:00'), ('7ae3b66f-fd74-51b8-8d75-55d4be5f4419', '8bb5337a-4ae8-5fe9-834c-d09e97c220b7', 'thursday', '09:00', '18:00'), ('4dd0d064-745e-539c-835e-35a3175b2591', '8bb5337a-4ae8-5fe9-834c-d09e97c220b7', 'friday', '09:00', '18:00'), ('ac4d5b67-8ee4-52e4-90fb-d646227b7850', 'b36ab93a-34cf-5d2f-8309-1f65466da6f0', 'monday', '10:00', '19:00'), ('dae36049-c30c-549c-8eed-9be4acfe3027', 'b36ab93a-34cf-5d2f-8309-1f65466da6f0', 'tuesday', '10:00', '19:00'), ('fe9bdad2-31cf-5cf3-9b43-174d208a61ce', 'b36ab93a-34cf-5d2f-8309-1f65466da6f0', 'wednesday', '10:00', '19:00'), ('d8c43527-739a-5fb2-b441-f45ad3ddefa6', 'b36ab93a-34cf-5d2f-8309-1f65466da6f0', 'thursday', '10:00', '19:00'), ('4841b1ec-580c-574b-9c2c-a45fcf89927f', 'b36ab93a-34cf-5d2f-8309-1f65466da6f0', 'friday', '10:00', '19:00'), ('d18d635a-7414-56d7-a35f-2d957c4cc427', '44315cac-0a3d-513e-ae25-923183abdce2', 'monday', '08:00', '17:00'), ('23c8084f-6413-505a-8640-3970c9c68f3a', '44315cac-0a3d-513e-ae25-923183abdce2', 'tuesday', '08:00', '17:00'), ('c47d6e66-f42b-5277-9ae9-10a71b18fad9', '44315cac-0a3d-513e-ae25-923183abdce2', 'thursday', '08:00', '17:00'), ('6c41c7d3-882e-5061-a90b-4b6f5f099c21', '44315cac-0a3d-513e-ae25-923183abdce2', 'friday', '08:00', '17:00');
INSERT INTO public.stylist_unavailability (id,stylist_id,start_time,end_time,reason) VALUES ('4cc8e567-6b18-58ad-87d4-61b6c5618de6', '5fef9e7c-116a-5504-a6ae-d16f4442d448', '2025-09-01T11:00:00.000Z', '2025-09-01T12:00:00.000Z', 'Lunsj'), ('a3945372-607b-568a-b0e2-2d7a029f73f8', '5ac46069-d153-5b50-a0be-8a017d379243', '2025-09-01T13:00:00.000Z', '2025-09-01T15:00:00.000Z', 'Tannlegetime');
INSERT INTO public.stylist_recurring_unavailability (id,stylist_id,title,start_time,end_time,series_start_date,series_end_date,rrule) VALUES ('4405c156-48d1-5d11-8ace-ad70785e617a', '5fef9e7c-116a-5504-a6ae-d16f4442d448', 'Lunsj pause', '12:00:00', '13:00:00', '2025-08-01T17:56:44.782Z', NULL, 'FREQ=WEEKLY;BYDAY=MO,TU,WE,TH,FR'), ('61e7c679-d738-56c9-ab18-18219dada9ca', '5ac46069-d153-5b50-a0be-8a017d379243', 'Ukentlig teammøte', '09:00:00', '10:00:00', '2025-08-01T17:56:44.782Z', NULL, 'FREQ=WEEKLY;BYDAY=TU'), ('7a28491e-d5b5-5b31-9eef-07d765427f80', '5f2c632c-1003-5d3e-94f5-6085899aa359', 'Månedlig planlegging', '14:00:00', '16:00:00', '2025-08-01T17:56:44.782Z', NULL, 'FREQ=MONTHLY;BYMONTHDAY=1');
INSERT INTO public.applications (id,created_at,user_id,birth_date,price_range_currency,price_range_from,price_range_to,professional_experience,status,address_nickname,city,country,email,entry_instructions,full_name,phone_number,postal_code,street_address,address_geometry,country_code) VALUES ('69da0a33-0eea-56e6-95d9-09f8e040951f', DEFAULT, NULL, '1990-05-15T00:00:00.000Z', 'NOK', 300, 800, '5 års erfaring som frisør hos Cutters. Spesialiserer meg på herreklipp og skjeggpleie.', 'applied', 'Neque ac cum causa de, res comprobab id fugiendisser sensummum expetua ab.', 'Trondheim', 'Norge', 'lars.eriksen@example.com', 'Sunt et sit voluperno qui voluptas iudicet ine.', 'Lars Eriksen', '+4795678901', '7013', 'Kirkegata 24', NULL, 'Vitae id chaere etur summum et.'), ('0cccb40e-27a8-53e0-825a-92dbec25a608', DEFAULT, NULL, '1995-08-22T00:00:00.000Z', 'NOK', 500, 2500, 'Utdannet makeupartist fra Norges Makeup Akademi. 3 års erfaring med brude- og festmakeup.', 'pending_info', 'Est si percipi novi voluptat sit quietem.', 'Stavanger', 'Norge', 'anna.svendsen@example.com', 'Id vitae aut volunt in poetis si, naturove quod suscipi ut sin expetenim.', 'Anna Svendsen', '+4796789012', '4006', 'Dronningens gate 15', NULL, 'Tempertinis am multos quae non dolorem atus aut.'), ('be682399-6e1d-5674-be93-9d36ad201f4f', DEFAULT, NULL, '1988-11-30T00:00:00.000Z', 'NOK', 400, 1200, 'Sertifisert negletekniker med 7 års erfaring. Ekspert på gel og akryl.', 'approved', 'Vi ipsa expetetiam theatro in facil necest nostrum, erundum malumquam imos talibusque pleriquis honesta.', 'Oslo', 'Norge', 'ingrid.olsen@example.com', 'Es non alia inquit es autem ibus antur, expetiuntur futur praetertimo vacari praecepicul vero soliditia invituptat.', 'Ingrid Olsen', '+4797890123', '0123', 'Håkons gate 5', NULL, 'Expeteri et ere moda solidension inter ad, am nihilloquun viam sit magnam didis aegritum de.');
INSERT INTO public.application_categories (application_id,category_id) VALUES ('69da0a33-0eea-56e6-95d9-09f8e040951f', '774d6a93-1a7a-59f0-b70f-9b0cccb98376'), ('0cccb40e-27a8-53e0-825a-92dbec25a608', 'a1b8b547-cac9-5eef-87c4-eb2759d940ae'), ('0cccb40e-27a8-53e0-825a-92dbec25a608', '48d376e0-21ce-5ed7-b7bc-26086c834c23'), ('be682399-6e1d-5674-be93-9d36ad201f4f', '40613055-bb54-561d-9553-1fee5ba0e651');
INSERT INTO public.discounts (id,created_at,updated_at,code,description,discount_percentage,discount_amount,currency,max_uses,current_uses,max_uses_per_user,is_active,valid_from,expires_at,minimum_order_amount) VALUES ('4baed22a-1c43-5e30-9f18-1ca31b7d709c', DEFAULT, DEFAULT, 'VELKOMMEN20', '20% rabatt for nye kunder', 20, NULL, 'NOK', 100, 12, 1, 't', '2024-01-01T00:00:00.000Z', '2024-12-31T00:00:00.000Z', 50000), ('ac808bcf-8db9-5c85-92a7-d9843d3fdbf4', DEFAULT, DEFAULT, 'SOMMER100', '100 kr rabatt på alle tjenester', NULL, 10000, 'NOK', 50, 5, 2, 't', '2024-06-01T00:00:00.000Z', '2024-08-31T00:00:00.000Z', 80000);
-- Creating bookings for testing...
INSERT INTO public.addresses (id,created_at,updated_at,user_id,nickname,street_address,city,postal_code,country,entry_instructions,is_primary,location,country_code) VALUES ('2d6f9bc6-83fd-5644-a61e-15eaa11b8495', DEFAULT, DEFAULT, 'bc6c992f-6177-5b38-a99d-4c1f8bf2d0e3', 'Sommerhus', 'Strandveien 123', 'Oslo', '0250', 'Norge', 'Ring på døren, kode 1234', 'f', 'POINT(10.6831 59.8897)', 'Et maximi quid grata quod si chremestum, mihi compartus peteri voluptas qui solum sapiendore.');
INSERT INTO public.bookings (id,created_at,updated_at,customer_id,stylist_id,start_time,end_time,message_to_stylist,status,address_id,stripe_payment_intent_id,total_duration_minutes,total_price,cancellation_reason,cancelled_at,discount_applied,discount_id) VALUES ('c0e1033f-5c17-52d3-8ec8-639717723180', DEFAULT, DEFAULT, 'bc6c992f-6177-5b38-a99d-4c1f8bf2d0e3', '5fef9e7c-116a-5504-a6ae-d16f4442d448', '2025-09-01T17:56:44.784Z', '2025-09-01T19:26:44.784Z', 'Håper du kan hjelpe meg med en fin balayage som passer til hudfarge!', 'confirmed', NULL, 'pi_test_upcoming_confirmed_001', 90, 1600, 'Aut or peccandi sed constituit et mediocrisque.', '2020-01-09T12:48:15.000Z', 400, NULL), ('19f4b02d-74c2-570e-b2ad-1c256ba2d948', DEFAULT, DEFAULT, 'bc6c992f-6177-5b38-a99d-4c1f8bf2d0e3', '5ac46069-d153-5b50-a0be-8a017d379243', '2025-08-28T17:56:44.784Z', '2025-08-28T18:56:44.784Z', 'Første gang jeg skal ha festmakeup, er litt nervøs!', 'pending', NULL, 'pi_test_upcoming_pending_002', 60, 1200, 'Per nobis migrarertun quidem non genii expetendas quodsi.', '2020-11-07T23:05:20.000Z', 0, NULL), ('167546cc-eb80-5257-826e-c308d9230d34', DEFAULT, DEFAULT, 'bc6c992f-6177-5b38-a99d-4c1f8bf2d0e3', '5f2c632c-1003-5d3e-94f5-6085899aa359', '2025-07-26T17:56:44.784Z', '2025-07-26T19:56:44.784Z', 'Trenger klassiske vipper for bryllupet til min søster', 'completed', NULL, 'pi_test_completed_003', 120, 2500, 'Consis virtutibus paene transferre maximamic entium tendisputat dicent.', '2020-04-12T03:43:03.000Z', 0, NULL), ('c78af2d8-74ad-55ca-b6ee-c3e04971e3b1', DEFAULT, DEFAULT, 'bc6c992f-6177-5b38-a99d-4c1f8bf2d0e3', '5fef9e7c-116a-5504-a6ae-d16f4442d448', '2025-08-18T17:56:44.784Z', '2025-08-18T18:41:44.784Z', 'Bare et enkelt klipp, takk!', 'cancelled', NULL, 'pi_test_cancelled_004', 45, 800, 'Måtte reise på jobb uventet', '2025-08-17T17:56:44.784Z', 0, NULL), ('7c0f36cb-52ba-5b93-bdbd-14954cc91be0', DEFAULT, DEFAULT, '5ca75a8e-3605-5166-aa74-4e2e2fc0beef', '5ac46069-d153-5b50-a0be-8a017d379243', '2025-09-08T17:56:44.784Z', '2025-09-08T20:56:44.784Z', 'Dette er til bryllupet mitt! Ønsker både makeup og hår til forloveden min. Vi møtes hjemme hos oss.', 'confirmed', NULL, 'pi_test_wedding_005', 180, 2900, 'Est ac posse nec concedere tentiae in tur, torquem nisi ipsius et intellegit brutus causa.', '2020-08-20T07:17:56.000Z', 100, NULL), ('6c98d217-a6dd-53cd-8ab5-c00f53f01401', DEFAULT, DEFAULT, '5ca75a8e-3605-5166-aa74-4e2e2fc0beef', '5f2c632c-1003-5d3e-94f5-6085899aa359', '2025-07-11T17:56:44.784Z', '2025-07-11T19:11:44.784Z', 'Både brynslaminering og forming, takk!', 'completed', NULL, 'pi_test_multiple_services_006', 75, 1400, 'Sibus putatomit dici entur honesse, omneminquit si tentus inmorbos non modo negantia.', '2020-05-13T04:54:12.000Z', 0, NULL), ('742dfc0a-06b9-50f4-b9ad-fd3f05e329b6', DEFAULT, DEFAULT, 'bc6c992f-6177-5b38-a99d-4c1f8bf2d0e3', '5f2c632c-1003-5d3e-94f5-6085899aa359', '2025-09-19T17:56:44.784Z', '2025-09-19T19:56:44.784Z', 'Vanlig trim og styling, takk', 'pending', NULL, 'pi_test_generated_7', 120, 899, 'Honestiae hominclusae triarius sint prospermagnum ne sublatum, aequum est essariae ut ipsa stabillam.', '2020-07-07T06:13:13.000Z', 0, NULL), ('bf43b54c-a4bc-5d33-aa98-7eec9416e9b6', DEFAULT, DEFAULT, '461f046b-b8af-5c8e-95dd-0f9194531ecb', 'b36ab93a-34cf-5d2f-8309-1f65466da6f0', '2025-09-13T17:56:44.784Z', '2025-09-13T19:56:44.784Z', 'Håper dere kan hjelpe meg med en fin look', 'confirmed', NULL, 'pi_test_generated_8', 120, 1511, 'Omnino sit vocet ipse natur quidem invenis.', '2020-11-07T22:18:58.000Z', 0, NULL), ('a809dcd7-58b5-5e49-b6de-c05da3b71dab', DEFAULT, DEFAULT, 'bc6c992f-6177-5b38-a99d-4c1f8bf2d0e3', '44315cac-0a3d-513e-ae25-923183abdce2', '2025-08-15T17:56:44.784Z', '2025-08-15T19:26:44.784Z', 'Håper dere kan hjelpe meg med en fin look', 'confirmed', NULL, 'pi_test_generated_9', 90, 2112, 'Qui accusatib maxime voluptatib sit rerum ero, il natur inquit et iis.', '2020-11-15T10:28:32.000Z', 0, NULL), ('18b9845f-a0b5-5cc0-826a-03b39be45e5a', DEFAULT, DEFAULT, 'bc6c992f-6177-5b38-a99d-4c1f8bf2d0e3', '8bb5337a-4ae8-5fe9-834c-d09e97c220b7', '2025-08-31T17:56:44.784Z', '2025-08-31T19:56:44.784Z', 'Håper dere kan hjelpe meg med en fin look', 'confirmed', NULL, 'pi_test_generated_10', 120, 1467, 'Sunt expetuam invendiscip quia voluptates per sunt si.', '2020-05-01T04:16:01.000Z', 0, NULL), ('12388924-818e-57b5-8cbf-008d26ba5731', DEFAULT, DEFAULT, '5ca75a8e-3605-5166-aa74-4e2e2fc0beef', 'b36ab93a-34cf-5d2f-8309-1f65466da6f0', '2025-08-03T17:56:44.784Z', '2025-08-03T19:26:44.784Z', 'Trenger en quick fix før fest', 'confirmed', NULL, 'pi_test_generated_11', 90, 1375, 'Illa igimad evole es est.', '2020-09-05T08:35:35.000Z', 0, NULL), ('5d142947-2c8b-5f01-a3e6-a597b5983d50', DEFAULT, DEFAULT, 'bc6c992f-6177-5b38-a99d-4c1f8bf2d0e3', 'b36ab93a-34cf-5d2f-8309-1f65466da6f0', '2025-09-01T17:56:44.784Z', '2025-09-01T19:26:44.784Z', 'Trenger en quick fix før fest', 'pending', NULL, 'pi_test_generated_12', 90, 2093, 'Dubitiae nis iudicur cum dissidua magna, quidem eo scribim rerum non inter.', '2020-06-26T17:21:09.000Z', 0, NULL), ('180afba5-b19e-58a3-84f9-afa14961b0f0', DEFAULT, DEFAULT, '461f046b-b8af-5c8e-95dd-0f9194531ecb', '815c84a1-9088-5e6f-b1ab-0853285c0e5d', '2025-08-31T17:56:44.784Z', '2025-08-31T18:56:44.784Z', 'Gleder meg til timen!', 'cancelled', NULL, 'pi_test_generated_13', 60, 1247, 'Endret planer', '2025-08-30T17:56:44.784Z', 0, NULL), ('c359410f-7413-58ed-b664-cf59e8151ea2', DEFAULT, DEFAULT, '12b3f6e4-8e09-5767-b1ce-9d45589acea2', '8bb5337a-4ae8-5fe9-834c-d09e97c220b7', '2025-08-10T17:56:44.784Z', '2025-08-10T18:56:44.784Z', 'Trenger en quick fix før fest', 'completed', NULL, 'pi_test_generated_14', 60, 1221, 'Ipsi maximum putat cum atque quibus, ut neque controvere atque imi vitamur.', '2020-03-03T15:03:06.000Z', 0, NULL), ('598e93f1-c14d-56ef-85a3-0437066d6dfb', DEFAULT, DEFAULT, '461f046b-b8af-5c8e-95dd-0f9194531ecb', '8bb5337a-4ae8-5fe9-834c-d09e97c220b7', '2025-08-06T17:56:44.784Z', '2025-08-06T19:56:44.784Z', 'Kan vi gjøre dette litt raskere denne gangen?', 'confirmed', NULL, 'pi_test_generated_15', 120, 2148, 'Primum quid legim voluptas vellem adquiescertam eo nihilia.', '2020-05-21T16:20:11.000Z', 0, NULL), ('02535940-f27a-5e0d-b17b-5cb03729c85b', DEFAULT, DEFAULT, '5ca75a8e-3605-5166-aa74-4e2e2fc0beef', 'e4153ca5-d012-5995-bad4-086731587974', '2025-09-20T17:56:44.784Z', '2025-09-20T19:56:44.784Z', 'Trenger en quick fix før fest', 'pending', NULL, 'pi_test_generated_16', 120, 1566, 'Ine etura statuam consum tem eadem voluptate.', '2020-12-24T11:26:05.000Z', 0, NULL), ('f60535d6-1ccc-5d73-bcaa-18569587486d', DEFAULT, DEFAULT, '5ca75a8e-3605-5166-aa74-4e2e2fc0beef', 'e4153ca5-d012-5995-bad4-086731587974', '2025-09-15T17:56:44.784Z', '2025-09-15T18:56:44.784Z', 'Samme som sist, det var perfekt', 'completed', NULL, 'pi_test_generated_17', 60, 1923, 'Vero facergo arte abhorrent aliqua, intellegis aeque quaedamotio quibus ere.', '2020-10-18T09:49:22.000Z', 0, NULL), ('05831bf0-1881-5c08-acd9-6cff74d1c135', DEFAULT, DEFAULT, '461f046b-b8af-5c8e-95dd-0f9194531ecb', '815c84a1-9088-5e6f-b1ab-0853285c0e5d', '2025-08-11T17:56:44.784Z', '2025-08-11T19:56:44.784Z', 'Samme som sist, det var perfekt', 'pending', NULL, 'pi_test_generated_18', 120, 1444, 'Quibus ut ullius quis non facet est supere.', '2020-11-11T10:10:52.000Z', 0, NULL), ('02653efd-cd00-57cc-a7ea-e3e91097b494', DEFAULT, DEFAULT, '5ca75a8e-3605-5166-aa74-4e2e2fc0beef', '71c8f57c-aae5-5ac8-8fc0-a1ff399b17b8', '2025-08-26T17:56:44.784Z', '2025-08-26T19:56:44.784Z', 'Gleder meg til timen!', 'completed', NULL, 'pi_test_generated_19', 120, 1489, 'Quos venias es omni docet ipsi, modo dixitatque et voluptas quem at.', '2020-01-21T00:29:14.000Z', 0, NULL), ('a16b6848-d93e-52fd-8dee-885a237958e5', DEFAULT, DEFAULT, '5ca75a8e-3605-5166-aa74-4e2e2fc0beef', '44315cac-0a3d-513e-ae25-923183abdce2', '2025-08-16T17:56:44.784Z', '2025-08-16T18:56:44.784Z', 'Håper dere kan hjelpe meg med en fin look', 'cancelled', NULL, 'pi_test_generated_20', 60, 1538, 'Endret planer', '2025-08-15T17:56:44.784Z', 0, NULL), ('b549475f-23ea-51db-a00b-61d128d30f71', DEFAULT, DEFAULT, 'bc6c992f-6177-5b38-a99d-4c1f8bf2d0e3', '71c8f57c-aae5-5ac8-8fc0-a1ff399b17b8', '2025-08-25T17:56:44.784Z', '2025-08-25T19:56:44.784Z', 'Trenger en quick fix før fest', 'confirmed', NULL, 'pi_test_generated_21', 120, 1909, 'Medeam haec eam quod ocritum carit mirare quae, il qui versa gratiam viti quidem es.', '2020-10-26T22:12:35.000Z', 0, NULL), ('6285f3b3-a529-5ce9-bafe-2a84cd98e61a', DEFAULT, DEFAULT, 'bc6c992f-6177-5b38-a99d-4c1f8bf2d0e3', '5fef9e7c-116a-5504-a6ae-d16f4442d448', '2025-08-06T17:56:44.784Z', '2025-08-06T18:56:44.784Z', 'Håper dere kan hjelpe meg med en fin look', 'cancelled', NULL, 'pi_test_generated_22', 60, 956, 'Endret planer', '2025-08-05T17:56:44.784Z', 0, NULL), ('ce02ccc1-e039-5bde-80d1-40721f1e3eb3', DEFAULT, DEFAULT, '12b3f6e4-8e09-5767-b1ce-9d45589acea2', '44315cac-0a3d-513e-ae25-923183abdce2', '2025-08-21T17:56:44.784Z', '2025-08-21T19:56:44.784Z', 'Vanlig trim og styling, takk', 'pending', NULL, 'pi_test_generated_23', 120, 1675, 'Privendi tantum omni res se, eum nullo ignavigit fuga manus tantalibus.', '2020-09-05T08:50:15.000Z', 0, NULL), ('b50a92d7-de0a-59a4-a473-2cb0cfc17371', DEFAULT, DEFAULT, 'bc6c992f-6177-5b38-a99d-4c1f8bf2d0e3', '815c84a1-9088-5e6f-b1ab-0853285c0e5d', '2025-09-02T17:56:44.784Z', '2025-09-02T18:56:44.784Z', 'Første gang hos dere, er spent!', 'cancelled', NULL, 'pi_test_generated_24', 60, 2091, 'Endret planer', '2025-09-01T17:56:44.784Z', 0, NULL), ('5bf8ffd5-5ad2-5596-a46d-d086bc198ac0', DEFAULT, DEFAULT, '12b3f6e4-8e09-5767-b1ce-9d45589acea2', '8bb5337a-4ae8-5fe9-834c-d09e97c220b7', '2025-09-13T17:56:44.784Z', '2025-09-13T19:26:44.784Z', 'Gleder meg til timen!', 'completed', NULL, 'pi_test_generated_25', 90, 1946, 'Vidia sit defen distinere de brevisque albam.', '2020-04-12T15:12:17.000Z', 0, NULL), ('2eb5ac24-09cf-525e-aa97-0d5064f0bc3c', DEFAULT, DEFAULT, '5ca75a8e-3605-5166-aa74-4e2e2fc0beef', '5ac46069-d153-5b50-a0be-8a017d379243', '2025-07-16T17:56:44.784Z', '2025-07-16T18:56:44.784Z', 'Gleder meg til timen!', 'pending', NULL, 'pi_test_generated_26', 60, 2104, 'Brevitis carum minimi locum quae corrumpiter autem aptius, esse leniatur ad tant si.', '2020-08-16T08:02:08.000Z', 0, NULL);
UPDATE public.bookings SET discount_id = '4baed22a-1c43-5e30-9f18-1ca31b7d709c' WHERE id = 'c0e1033f-5c17-52d3-8ec8-639717723180';
UPDATE public.bookings SET address_id = '2d6f9bc6-83fd-5644-a61e-15eaa11b8495' WHERE id = '19f4b02d-74c2-570e-b2ad-1c256ba2d948';
UPDATE public.bookings SET discount_id = 'ac808bcf-8db9-5c85-92a7-d9843d3fdbf4' WHERE id = '7c0f36cb-52ba-5b93-bdbd-14954cc91be0';
UPDATE public.bookings SET address_id = '2d6f9bc6-83fd-5644-a61e-15eaa11b8495' WHERE id = 'bf43b54c-a4bc-5d33-aa98-7eec9416e9b6';
UPDATE public.bookings SET address_id = '2d6f9bc6-83fd-5644-a61e-15eaa11b8495' WHERE id = '18b9845f-a0b5-5cc0-826a-03b39be45e5a';
UPDATE public.bookings SET address_id = '2d6f9bc6-83fd-5644-a61e-15eaa11b8495' WHERE id = '12388924-818e-57b5-8cbf-008d26ba5731';
UPDATE public.bookings SET address_id = '2d6f9bc6-83fd-5644-a61e-15eaa11b8495' WHERE id = '180afba5-b19e-58a3-84f9-afa14961b0f0';
UPDATE public.bookings SET address_id = '2d6f9bc6-83fd-5644-a61e-15eaa11b8495' WHERE id = 'c359410f-7413-58ed-b664-cf59e8151ea2';
UPDATE public.bookings SET address_id = '2d6f9bc6-83fd-5644-a61e-15eaa11b8495' WHERE id = '02535940-f27a-5e0d-b17b-5cb03729c85b';
UPDATE public.bookings SET address_id = '2d6f9bc6-83fd-5644-a61e-15eaa11b8495' WHERE id = '02653efd-cd00-57cc-a7ea-e3e91097b494';
UPDATE public.bookings SET address_id = '2d6f9bc6-83fd-5644-a61e-15eaa11b8495' WHERE id = 'b549475f-23ea-51db-a00b-61d128d30f71';
UPDATE public.bookings SET address_id = '2d6f9bc6-83fd-5644-a61e-15eaa11b8495' WHERE id = 'ce02ccc1-e039-5bde-80d1-40721f1e3eb3';
UPDATE public.bookings SET address_id = '2d6f9bc6-83fd-5644-a61e-15eaa11b8495' WHERE id = '5bf8ffd5-5ad2-5596-a46d-d086bc198ac0';
UPDATE public.bookings SET address_id = '2d6f9bc6-83fd-5644-a61e-15eaa11b8495' WHERE id = '2eb5ac24-09cf-525e-aa97-0d5064f0bc3c';
-- Linking services to bookings...
INSERT INTO public.booking_services (booking_id,service_id) VALUES ('c0e1033f-5c17-52d3-8ec8-639717723180', '7c724ddb-a436-508b-954f-ea531f015c8e'), ('19f4b02d-74c2-570e-b2ad-1c256ba2d948', '6988ab5f-f1cf-533e-9e10-6250fa03d64e'), ('167546cc-eb80-5257-826e-c308d9230d34', 'e7cf44d6-9f4a-5776-853b-a7a4072a5d45'), ('c78af2d8-74ad-55ca-b6ee-c3e04971e3b1', '76182b33-2b88-55da-9317-c322cfc4cdb2'), ('7c0f36cb-52ba-5b93-bdbd-14954cc91be0', 'b50cd102-29cf-5eae-88fc-400d1de89af3'), ('7c0f36cb-52ba-5b93-bdbd-14954cc91be0', 'dc966564-92f1-506b-ba19-7d7bb1f740ab'), ('6c98d217-a6dd-53cd-8ab5-c00f53f01401', 'e45210c4-5037-5acd-828e-6a2c7da9a3db'), ('6c98d217-a6dd-53cd-8ab5-c00f53f01401', '624647d9-add1-5d7f-8000-30a3a9f0fb30'), ('742dfc0a-06b9-50f4-b9ad-fd3f05e329b6', 'cc8895a3-c3b1-570a-9715-0e5f7037db58'), ('bf43b54c-a4bc-5d33-aa98-7eec9416e9b6', 'cc8895a3-c3b1-570a-9715-0e5f7037db58'), ('a809dcd7-58b5-5e49-b6de-c05da3b71dab', '17e51b1a-6cc8-5fb8-a298-f35c9601008c'), ('18b9845f-a0b5-5cc0-826a-03b39be45e5a', 'b0111ba7-5a98-5907-ba27-3f45196d3977'), ('12388924-818e-57b5-8cbf-008d26ba5731', 'e0c122d0-a1c6-57e5-8e5a-a275d77d69a9'), ('5d142947-2c8b-5f01-a3e6-a597b5983d50', 'b7cfbb6f-5f3b-51a2-8f67-556f8e8bb547'), ('180afba5-b19e-58a3-84f9-afa14961b0f0', 'ecbea8f6-b213-57b5-811c-b7261694ffa4'), ('c359410f-7413-58ed-b664-cf59e8151ea2', '0416504c-bc7d-5f0c-ac2f-94736d68799c'), ('598e93f1-c14d-56ef-85a3-0437066d6dfb', 'aa0cf64c-2fee-545b-8b01-85b1642cc444'), ('02535940-f27a-5e0d-b17b-5cb03729c85b', 'e7cf44d6-9f4a-5776-853b-a7a4072a5d45'), ('f60535d6-1ccc-5d73-bcaa-18569587486d', '22bf4307-d5a9-538a-bcf4-909f5a7e33dc'), ('05831bf0-1881-5c08-acd9-6cff74d1c135', '588ce9a6-824d-5ecc-ac30-0e0629217186'), ('05831bf0-1881-5c08-acd9-6cff74d1c135', '2a882c6e-7824-5518-b251-1cc3d7bf2bcd'), ('02653efd-cd00-57cc-a7ea-e3e91097b494', '22bf4307-d5a9-538a-bcf4-909f5a7e33dc'), ('02653efd-cd00-57cc-a7ea-e3e91097b494', '14988abd-97c9-5f3a-be9a-59d5637d4463'), ('a16b6848-d93e-52fd-8dee-885a237958e5', 'ee28eb0b-265a-5f31-962b-baeb03171f3b'), ('b549475f-23ea-51db-a00b-61d128d30f71', '223d99f1-5c50-536e-b2f1-21ff103a026e'), ('6285f3b3-a529-5ce9-bafe-2a84cd98e61a', '87cfc1e8-8252-5821-8c8f-8b6a31cb5156'), ('ce02ccc1-e039-5bde-80d1-40721f1e3eb3', 'db7cae9b-8f33-58bd-9446-2b7e4f35612c'), ('b50a92d7-de0a-59a4-a473-2cb0cfc17371', 'e45210c4-5037-5acd-828e-6a2c7da9a3db'), ('5bf8ffd5-5ad2-5596-a46d-d086bc198ac0', '76182b33-2b88-55da-9317-c322cfc4cdb2'), ('2eb5ac24-09cf-525e-aa97-0d5064f0bc3c', '5e167626-1d66-5123-9111-b3d1d294a57b');
-- Creating chats for some bookings...
INSERT INTO public.chats (id,created_at,updated_at,booking_id) VALUES ('639b8a78-3db3-577f-ac95-c7f0480b85bc', DEFAULT, DEFAULT, 'c0e1033f-5c17-52d3-8ec8-639717723180'), ('544c32c9-5980-5a71-93f3-055040936dc3', DEFAULT, DEFAULT, '19f4b02d-74c2-570e-b2ad-1c256ba2d948'), ('de362e88-fda9-5494-8d8e-146245bb4f68', DEFAULT, DEFAULT, '7c0f36cb-52ba-5b93-bdbd-14954cc91be0');
-- Adding chat messages...
INSERT INTO public.chat_messages (id,created_at,chat_id,sender_id,content,is_read) VALUES ('c678ec7c-f99c-51fe-942f-0c4d319ee345', '2019-08-27T17:56:44.787Z', '639b8a78-3db3-577f-ac95-c7f0480b85bc', 'bc6c992f-6177-5b38-a99d-4c1f8bf2d0e3', 'Dette er en veldig gammel melding som skal slettes av cron job.', 't'), ('4eb4a0d5-c54b-5992-8940-f56c1a772bc2', '2019-08-28T17:56:44.787Z', '639b8a78-3db3-577f-ac95-c7f0480b85bc', '5fef9e7c-116a-5504-a6ae-d16f4442d448', 'Denne meldingen er også over 5 år gammel og skal fjernes.', 't'), ('1e313884-7556-506e-9149-caa06bd7fade', '2019-09-06T17:56:44.787Z', '544c32c9-5980-5a71-93f3-055040936dc3', 'bc6c992f-6177-5b38-a99d-4c1f8bf2d0e3', 'Gammel chat fra 2018 som skal slettes automatisk.', 't');
-- Added old chat messages for cron job testing
INSERT INTO public.chat_messages (id,created_at,chat_id,sender_id,content,is_read) VALUES ('af6ed1e7-73f7-5d46-939e-0b91286281af', DEFAULT, '639b8a78-3db3-577f-ac95-c7f0480b85bc', 'bc6c992f-6177-5b38-a99d-4c1f8bf2d0e3', 'Hei Maria! Gleder meg til å få balayage neste uke. Har du noen tips til hvordan jeg skal forberede håret?', 't'), ('d05240f7-a094-553a-872c-b691703448c7', DEFAULT, '639b8a78-3db3-577f-ac95-c7f0480b85bc', '5fef9e7c-116a-5504-a6ae-d16f4442d448', 'Hei Kari! Så hyggelig at du kommer til meg. Unngå å vaske håret dagen før, så får vi best resultat 😊', 't'), ('a3c093c4-4f87-5721-b1ea-5d3e5def792a', DEFAULT, '639b8a78-3db3-577f-ac95-c7f0480b85bc', 'bc6c992f-6177-5b38-a99d-4c1f8bf2d0e3', 'Tusen takk for tipset! Sees neste uke!', 'f'), ('6d244b7e-9a0f-568e-b87a-f31a6b71070d', DEFAULT, '544c32c9-5980-5a71-93f3-055040936dc3', 'bc6c992f-6177-5b38-a99d-4c1f8bf2d0e3', 'Hei Emma! Lurer på om du kan komme til sommerhuset mitt i stedet? Sender adressen i meldingen til stylisten.', 'f'), ('1d8273d2-ae53-5ada-bbc6-97cd1271b9b7', DEFAULT, 'de362e88-fda9-5494-8d8e-146245bb4f68', '5ca75a8e-3605-5166-aa74-4e2e2fc0beef', 'Hei Emma! Dette er for bryllupet vårt. Har du gjort bryllupsstyling før?', 't'), ('a4d2eb65-320b-5af3-913d-e2a0b2e925c0', DEFAULT, 'de362e88-fda9-5494-8d8e-146245bb4f68', '5ac46069-d153-5b50-a0be-8a017d379243', 'Gratulerer med bryllupet! Ja, jeg har mye erfaring med bryllup. Dette blir fantastisk! 💍✨', 't');
-- Creating affiliate system test data...
INSERT INTO public.affiliate_applications (id,created_at,updated_at,stylist_id,reason,marketing_strategy,expected_referrals,social_media_reach,status,reviewed_by,reviewed_at,review_notes,terms_accepted,terms_accepted_at) VALUES ('b6df674f-f614-5eb8-9d03-8c08dc0ad43e', DEFAULT, DEFAULT, '5fef9e7c-116a-5504-a6ae-d16f4442d448', 'Jeg vil gjerne hjelpe andre stylister finne gode kunder gjennom plattformen.', 'Jeg har 5000 følgere på Instagram og deler regelmessig tips og før/etter bilder.', 10, 5000, 'approved', NULL, '2025-08-20T17:56:44.788Z', 'Erfaren stylist med god online tilstedeværelse. Godkjent.', 't', '2025-08-19T17:56:44.788Z'), ('6ecaaf01-85ce-5b4f-b86b-8ca89c2634a6', DEFAULT, DEFAULT, '5ac46069-d153-5b50-a0be-8a017d379243', 'Ønsker å dele plattformen med mine kolleger og kunder som spør om andre tjenester.', 'Deler på Facebook-side med 2000 følgere og gjennom mund-til-munn markedsføring.', 5, 2000, 'pending', NULL, '2020-05-05T04:22:50.000Z', 'De oditorum et possit vesererat es fore autem, docet consectetur insole voluptas postulans voluptatem.', 't', '2025-08-23T17:56:44.788Z');
UPDATE public.affiliate_applications SET reviewed_by = '0f5d546a-dd80-5406-a005-a4f3061b9fb4' WHERE id = 'b6df674f-f614-5eb8-9d03-8c08dc0ad43e';
INSERT INTO public.affiliate_links (id,created_at,updated_at,stylist_id,application_id,link_code,commission_percentage,is_active,expires_at,click_count,conversion_count,total_commission_earned,notes) VALUES ('d7e38b45-cb33-5454-bf57-1897d9cbd145', DEFAULT, DEFAULT, '5fef9e7c-116a-5504-a6ae-d16f4442d448', 'b6df674f-f614-5eb8-9d03-8c08dc0ad43e', 'maria-hair-oslo', 0.2, 't', '2020-09-21T08:21:24.000Z', 45, 8, 320.5, 'Performant affiliate med gode konverteringer.');
INSERT INTO public.affiliate_clicks (id,created_at,affiliate_link_id,stylist_id,visitor_id,user_id,ip_address,user_agent,referrer,landing_page,country_code,city,converted,converted_at,booking_id,commission_amount) VALUES ('f3238051-e240-5991-a7fd-83df1ab9aeab', DEFAULT, 'd7e38b45-cb33-5454-bf57-1897d9cbd145', '5fef9e7c-116a-5504-a6ae-d16f4442d448', 'visitor_12345', NULL, '192.168.1.1', 'Mozilla/5.0 (iPhone; CPU iPhone OS 15_0 like Mac OS X)', 'https://instagram.com', '/', 'NO', 'Oslo', 't', '2025-07-31T17:56:44.789Z', NULL, 80), ('b88c1783-44b6-5a32-83fb-b4be00381505', DEFAULT, 'd7e38b45-cb33-5454-bf57-1897d9cbd145', '5fef9e7c-116a-5504-a6ae-d16f4442d448', 'visitor_67890', NULL, '10.0.0.1', 'Mozilla/5.0 (Windows NT 10.0; Win64; x64) AppleWebKit/537.36', 'https://facebook.com', '/services', 'NO', 'Bergen', 'f', '2020-05-25T17:04:32.000Z', NULL, DEFAULT);
UPDATE public.affiliate_clicks SET user_id = 'bc6c992f-6177-5b38-a99d-4c1f8bf2d0e3', booking_id = 'c0e1033f-5c17-52d3-8ec8-639717723180' WHERE id = 'f3238051-e240-5991-a7fd-83df1ab9aeab';
-- Creating payment records...
INSERT INTO public.payments (id,created_at,updated_at,booking_id,payment_intent_id,platform_fee,currency,stylist_transfer_id,status,succeeded_at,payout_initiated_at,payout_completed_at,affiliate_commission,affiliate_commission_percentage,affiliate_id,authorized_at,captured_at,discount_amount,discount_code,discount_fixed_amount,discount_percentage,final_amount,original_amount,refund_reason,refunded_amount,stripe_application_fee_amount,stylist_payout) VALUES ('d8c64b29-97d8-5131-98cb-b90c83254414', DEFAULT, DEFAULT, 'c0e1033f-5c17-52d3-8ec8-639717723180', 'pi_test_upcoming_confirmed_001', 320, 'NOK', 'Provocendi me cum praetere non aliquarum nos inemus.', 'requires_capture', '2020-12-28T23:54:27.000Z', '2020-02-14T01:12:39.000Z', '2020-03-03T03:01:49.000Z', 64, 0.2, NULL, '2025-08-24T17:56:44.789Z', '2020-02-02T13:25:08.000Z', 400, 'Traditaren constituenter tum quid me modo, fieri quosque homincura excruciant ab laudantiumve.', 15.507436543709689, 0.1865670490920213, 1600, 2000, 'Iti ac estate dolorum est in.', DEFAULT, 32000, 1280), ('cf06fdcb-9ba1-5712-a11b-4d80e17202ae', DEFAULT, DEFAULT, '167546cc-eb80-5257-826e-c308d9230d34', 'pi_test_completed_003', 500, 'NOK', 'Ad ata et operque sit primum.', 'succeeded', '2025-07-27T17:56:44.789Z', '2020-09-05T08:53:17.000Z', '2025-07-28T17:56:44.789Z', 0, NULL, NULL, '2020-01-09T12:22:10.000Z', '2020-06-26T05:37:14.000Z', 0, 'Causa erti qua bonorem comprobetiam, alique non fugiendis esse easque consequamus oritarar.', 12.088910115108545, 4.340199343242113, 2500, 2500, 'Anim nec animicar cognitudin doctrina sentior, posse coercent provocriti tare videmus.', DEFAULT, 50000, 2000), ('21c57a73-737d-5c14-a898-ad3e967a9ccc', DEFAULT, DEFAULT, '6c98d217-a6dd-53cd-8ab5-c00f53f01401', 'pi_test_multiple_services_006', 280, 'NOK', 'Discorrum ile entemporis potes tamenimprob anest gravit.', 'succeeded', '2025-07-12T17:56:44.789Z', '2020-08-12T07:28:38.000Z', '2025-07-13T17:56:44.789Z', 0, NULL, NULL, '2020-12-08T12:15:20.000Z', '2020-05-01T16:22:04.000Z', 0, 'De etiam sit quidem et necest ad.', 0.29833204465405677, 14.554276182165328, 1400, 1400, 'Beatus vivendum non vera cum fructuosamic ut, ea magnum causa quis de.', DEFAULT, 28000, 1120);
UPDATE public.payments SET affiliate_id = '5fef9e7c-116a-5504-a6ae-d16f4442d448' WHERE id = 'd8c64b29-97d8-5131-98cb-b90c83254414';
-- Creating reviews and ratings...
INSERT INTO public.bookings (id,created_at,updated_at,customer_id,stylist_id,start_time,end_time,message_to_stylist,status,address_id,stripe_payment_intent_id,total_duration_minutes,total_price,cancellation_reason,cancelled_at,discount_applied,discount_id) VALUES ('612e443e-988b-5495-8f76-fd7bc6465b9c', DEFAULT, DEFAULT, '5ac46069-d153-5b50-a0be-8a017d379243', '5fef9e7c-116a-5504-a6ae-d16f4442d448', '2025-08-10T17:56:44.790Z', '2025-08-10T18:56:44.790Z', 'Trenger en oppfriskning av håret mitt!', 'completed', NULL, 'pi_test_stylist_customer_001', 60, 800, 'Romanturbat in sic quicquamvis amicur comparanes si.', '2020-06-06T06:00:40.000Z', DEFAULT, NULL), ('46a480a2-27c9-5af3-8dd9-97b2db92d43f', DEFAULT, DEFAULT, '5f2c632c-1003-5d3e-94f5-6085899aa359', '5ac46069-d153-5b50-a0be-8a017d379243', '2025-08-03T17:56:44.790Z', '2025-08-03T19:26:44.790Z', 'Vil gjerne prøve den nye gel-metoden din!', 'completed', NULL, 'pi_test_stylist_customer_002', 90, 650, 'Tum vertatemus obruamus es commensae summum ingenus.', '2020-10-14T21:09:55.000Z', DEFAULT, NULL), ('44816af4-673d-5df1-b7d7-d7d0c6b12e02', DEFAULT, DEFAULT, '5f2c632c-1003-5d3e-94f5-6085899aa359', '5fef9e7c-116a-5504-a6ae-d16f4442d448', '2025-08-17T17:56:44.790Z', '2025-08-17T19:56:44.790Z', 'Trenger makeup til fest på lørdag!', 'completed', NULL, 'pi_test_stylist_customer_003', 120, 1200, 'Ne sed solum sero acest bene.', '2020-04-16T03:56:51.000Z', DEFAULT, NULL), ('a2b06727-6b2a-5933-8aee-8ddf8f294101', DEFAULT, DEFAULT, '5ac46069-d153-5b50-a0be-8a017d379243', '5f2c632c-1003-5d3e-94f5-6085899aa359', '2025-07-21T17:56:44.790Z', '2025-07-21T19:26:44.790Z', 'Vil prøve lash lift for første gang!', 'completed', NULL, 'pi_test_stylist_customer_004', 90, 800, 'Quidem quod poris amicita saepti cognosci hinc, nec si esse confirmare natur homincompos.', '2020-09-01T21:08:50.000Z', DEFAULT, NULL), ('3c1e3879-62f2-5f34-bce0-f5aaf27d9324', DEFAULT, DEFAULT, '12b3f6e4-8e09-5767-b1ce-9d45589acea2', 'b36ab93a-34cf-5d2f-8309-1f65466da6f0', '2025-07-06T17:56:44.790Z', '2025-07-06T18:56:44.790Z', 'Noe nytt og spennende!', 'completed', NULL, 'pi_test_extra_000', 60, 800, 'Moles nec inosopho ad causasque, nullo quos ea utillum am expetenim salut.', '2020-05-25T04:32:02.000Z', DEFAULT, NULL), ('2a02830a-2636-5e4f-84c3-6d342f3c73a3', DEFAULT, DEFAULT, '5ac46069-d153-5b50-a0be-8a017d379243', '44315cac-0a3d-513e-ae25-923183abdce2', '2025-07-23T17:56:44.790Z', '2025-07-23T20:26:44.790Z', 'Noe nytt og spennende!', 'completed', NULL, 'pi_test_extra_001', 150, 800, 'Ut est plurimpenden causamus legeri delecta.', '2020-11-19T22:13:20.000Z', DEFAULT, NULL), ('4a27d247-c2bf-50c1-a2ac-57f93c8063f7', DEFAULT, DEFAULT, '5f2c632c-1003-5d3e-94f5-6085899aa359', '71c8f57c-aae5-5ac8-8fc0-a1ff399b17b8', '2025-06-27T17:56:44.790Z', '2025-06-27T19:56:44.790Z', 'Første gang hos deg!', 'completed', NULL, 'pi_test_extra_002', 120, 800, 'Pacuvii compararem et ipsos ani, quantum verit sabinit virtutem statua quae per.', '2020-06-06T05:09:59.000Z', DEFAULT, NULL), ('724cc590-91ed-5190-8d6f-17939b16e5ba', DEFAULT, DEFAULT, '44315cac-0a3d-513e-ae25-923183abdce2', 'e4153ca5-d012-5995-bad4-086731587974', '2025-08-09T17:56:44.790Z', '2025-08-09T19:26:44.790Z', 'Trenger en fresh look!', 'completed', NULL, 'pi_test_extra_003', 90, 650, 'Nesque dolorum sunt sit exquisita, omum ut ari nihil prorsusceptur faciente.', '2020-08-20T08:09:47.000Z', DEFAULT, NULL), ('67ec4adb-6fb5-53a4-9d19-1440fe8cdca7', DEFAULT, DEFAULT, 'e4153ca5-d012-5995-bad4-086731587974', '71c8f57c-aae5-5ac8-8fc0-a1ff399b17b8', '2025-07-28T17:56:44.790Z', '2025-07-28T18:56:44.790Z', 'Første gang hos deg!', 'completed', NULL, 'pi_test_extra_004', 60, 500, 'Si appetentes metum et quodsi legis.', '2020-03-19T14:27:29.000Z', DEFAULT, NULL), ('4f5ecdf9-3092-523f-99e9-11e8ad888546', DEFAULT, DEFAULT, '5ac46069-d153-5b50-a0be-8a017d379243', 'e4153ca5-d012-5995-bad4-086731587974', '2025-07-05T17:56:44.790Z', '2025-07-05T18:56:44.790Z', 'Gleder meg!', 'completed', NULL, 'pi_test_extra_005', 60, 1200, 'In extremo nulla ut eum si quisque cupis.', '2020-10-18T21:58:20.000Z', DEFAULT, NULL), ('293a273d-dcae-5860-93ac-b71d70f83626', DEFAULT, DEFAULT, '5ca75a8e-3605-5166-aa74-4e2e2fc0beef', '815c84a1-9088-5e6f-b1ab-0853285c0e5d', '2025-07-11T17:56:44.790Z', '2025-07-11T19:26:44.790Z', 'Første gang hos deg!', 'completed', NULL, 'pi_test_extra_006', 90, 650, 'Vivendi imum eos imus tellegat quando.', '2020-12-28T23:41:17.000Z', DEFAULT, NULL), ('497d59ff-347b-5930-8da7-1a2f341df1e8', DEFAULT, DEFAULT, 'b36ab93a-34cf-5d2f-8309-1f65466da6f0', 'f14ee7a7-b3f9-561d-8cf7-983293f0008f', '2025-07-28T17:56:44.790Z', '2025-07-28T18:56:44.790Z', 'Første gang hos deg!', 'completed', NULL, 'pi_test_extra_007', 60, 500, 'Arbitrerum quippe et nec ulla placatomnes quae.', '2020-01-09T12:36:23.000Z', DEFAULT, NULL), ('c90fa8eb-cc23-5101-a427-696268215e26', DEFAULT, DEFAULT, '12b3f6e4-8e09-5767-b1ce-9d45589acea2', '8bb5337a-4ae8-5fe9-834c-d09e97c220b7', '2025-06-23T17:56:44.790Z', '2025-06-23T18:56:44.790Z', 'Noe nytt og spennende!', 'completed', NULL, 'pi_test_extra_008', 60, 1200, 'Agam vitae es iis doloritor, honest quae dissentior ne brute.', '2020-08-12T19:39:14.000Z', DEFAULT, NULL), ('d9169c4b-322d-5312-a544-479e3f8b3e48', DEFAULT, DEFAULT, 'e4153ca5-d012-5995-bad4-086731587974', 'b36ab93a-34cf-5d2f-8309-1f65466da6f0', '2025-08-10T17:56:44.790Z', '2025-08-10T19:56:44.790Z', 'Samme som sist takk!', 'completed', NULL, 'pi_test_extra_009', 120, 500, 'Et quod probare epicra nobisdemoc.', '2020-05-01T04:51:19.000Z', DEFAULT, NULL), ('e65e9495-0783-5e03-bf06-d753276745aa', DEFAULT, DEFAULT, '5ac46069-d153-5b50-a0be-8a017d379243', '8bb5337a-4ae8-5fe9-834c-d09e97c220b7', '2025-08-10T17:56:44.791Z', '2025-08-10T19:56:44.791Z', 'Gleder meg!', 'completed', NULL, 'pi_test_extra_010', 120, 650, 'Tractate afferiora et corporis sed modum.', '2020-12-20T23:43:29.000Z', DEFAULT, NULL), ('88674cf3-deba-50f1-8ce8-9b2d65a7e4bf', DEFAULT, DEFAULT, '815c84a1-9088-5e6f-b1ab-0853285c0e5d', 'f14ee7a7-b3f9-561d-8cf7-983293f0008f', '2025-07-04T17:56:44.791Z', '2025-07-04T20:26:44.791Z', 'Trenger en fresh look!', 'completed', NULL, 'pi_test_extra_011', 150, 1200, 'Autemus quae hones sed ut physicis, mutae conquis autem scientiam est et habeat cum.', '2020-03-03T14:11:50.000Z', DEFAULT, NULL), ('673c29dd-6c68-5ff5-b7d8-d406164b6d89', DEFAULT, DEFAULT, '5f2c632c-1003-5d3e-94f5-6085899aa359', 'b36ab93a-34cf-5d2f-8309-1f65466da6f0', '2025-08-06T17:56:44.791Z', '2025-08-06T18:56:44.791Z', 'Trenger en fresh look!', 'completed', NULL, 'pi_test_extra_012', 60, 1200, 'Autemus aret iam et osam et commemin, non liberendus inerit aliquam noctes isque quem aptius.', '2020-11-23T10:15:58.000Z', DEFAULT, NULL), ('f7919f4f-0c99-597c-983c-1eb5590de3f1', DEFAULT, DEFAULT, '5ac46069-d153-5b50-a0be-8a017d379243', 'f14ee7a7-b3f9-561d-8cf7-983293f0008f', '2025-07-04T17:56:44.791Z', '2025-07-04T19:26:44.791Z', 'Gleder meg!', 'completed', NULL, 'pi_test_extra_013', 90, 650, 'Si non detractio vult afficit probo salutrum qui.', '2020-07-27T06:22:17.000Z', DEFAULT, NULL), ('ee585ce6-086c-5ef1-bf19-e379dda27f2a', DEFAULT, DEFAULT, '12b3f6e4-8e09-5767-b1ce-9d45589acea2', '44315cac-0a3d-513e-ae25-923183abdce2', '2025-07-14T17:56:44.791Z', '2025-07-14T19:26:44.791Z', 'Noe nytt og spennende!', 'completed', NULL, 'pi_test_extra_014', 90, 800, 'Sequuntur et iisque corporro sine videravis inducuntiar.', '2020-02-18T13:17:01.000Z', DEFAULT, NULL), ('66ba785f-af4a-57b2-9350-bda587133953', DEFAULT, DEFAULT, '5ca75a8e-3605-5166-aa74-4e2e2fc0beef', '815c84a1-9088-5e6f-b1ab-0853285c0e5d', '2025-08-12T17:56:44.791Z', '2025-08-12T18:56:44.791Z', 'Trenger en fresh look!', 'completed', NULL, 'pi_test_extra_015', 60, 650, 'Turbamurrer desertis magnamentur ut possunt is non inquam, ipsos reperierun disceri et ponti sentendit idiscunt.', '2020-06-10T05:32:11.000Z', DEFAULT, NULL), ('a3e312c3-be01-5537-86e3-3c5301b732f0', DEFAULT, DEFAULT, 'bc6c992f-6177-5b38-a99d-4c1f8bf2d0e3', '815c84a1-9088-5e6f-b1ab-0853285c0e5d', '2025-08-04T17:56:44.791Z', '2025-08-04T20:26:44.791Z', 'Samme som sist takk!', 'completed', NULL, 'pi_test_extra_016', 150, 800, 'De ego si fieri vivendum.', '2020-04-04T15:43:08.000Z', DEFAULT, NULL), ('8bf02f04-857f-565d-9557-5ccfda142025', DEFAULT, DEFAULT, '5f2c632c-1003-5d3e-94f5-6085899aa359', '8bb5337a-4ae8-5fe9-834c-d09e97c220b7', '2025-07-14T17:56:44.791Z', '2025-07-14T19:26:44.791Z', 'Første gang hos deg!', 'completed', NULL, 'pi_test_extra_017', 90, 1500, 'Et quem laudarem esse indus.', '2020-06-22T17:26:20.000Z', DEFAULT, NULL), ('e3463b91-5c9f-5432-9fbf-dc80dbe048aa', DEFAULT, DEFAULT, 'f14ee7a7-b3f9-561d-8cf7-983293f0008f', '44315cac-0a3d-513e-ae25-923183abdce2', '2025-07-26T17:56:44.791Z', '2025-07-26T18:56:44.791Z', 'Samme som sist takk!', 'completed', NULL, 'pi_test_extra_018', 60, 800, 'Pleris sane quo neces repellate sint omnium vitamicus, esse triario semper non viveratio disputat ratu gendos.', '2020-11-11T22:25:19.000Z', DEFAULT, NULL), ('7f874d11-6f73-5877-86a8-45c8fe59ecb6', DEFAULT, DEFAULT, '8bb5337a-4ae8-5fe9-834c-d09e97c220b7', 'f14ee7a7-b3f9-561d-8cf7-983293f0008f', '2025-08-10T17:56:44.791Z', '2025-08-10T19:26:44.791Z', 'Samme som sist takk!', 'completed', NULL, 'pi_test_extra_019', 90, 650, 'Ea propterpretar extremo nimus dolorum honest homerum.', '2020-03-23T02:48:45.000Z', DEFAULT, NULL), ('6fa31ea5-30a3-52a2-811f-87a71ff6c31b', DEFAULT, DEFAULT, '815c84a1-9088-5e6f-b1ab-0853285c0e5d', '5fef9e7c-116a-5504-a6ae-d16f4442d448', '2025-08-13T17:56:44.791Z', '2025-08-13T19:56:44.791Z', 'Noe nytt og spennende!', 'completed', NULL, 'pi_test_extra_020', 120, 500, 'Et causa anim fugiendum autem nihilem sit secut, quoniam haec toremus fieri postulis hoc us.', '2020-05-13T16:21:41.000Z', DEFAULT, NULL), ('0470f2fd-e9b5-5d67-b158-b91e280e93d5', DEFAULT, DEFAULT, '12b3f6e4-8e09-5767-b1ce-9d45589acea2', '71c8f57c-aae5-5ac8-8fc0-a1ff399b17b8', '2025-06-24T17:56:44.791Z', '2025-06-24T20:26:44.791Z', 'Første gang hos deg!', 'completed', NULL, 'pi_test_extra_021', 150, 800, 'Maiorem debitation ille cum repet quippe.', '2020-05-21T04:21:14.000Z', DEFAULT, NULL), ('6c97b313-549f-51f9-88e4-db1b0c551afe', DEFAULT, DEFAULT, '71c8f57c-aae5-5ac8-8fc0-a1ff399b17b8', 'f14ee7a7-b3f9-561d-8cf7-983293f0008f', '2025-06-26T17:56:44.791Z', '2025-06-26T20:26:44.791Z', 'Samme som sist takk!', 'completed', NULL, 'pi_test_extra_022', 150, 800, 'Diu referarum ex neque infantes en epicia, actet dividis quem constituendar quia.', '2020-08-12T07:23:17.000Z', DEFAULT, NULL), ('33fbd5ed-83de-5e7e-b10e-a9180d1a01a6', DEFAULT, DEFAULT, '71c8f57c-aae5-5ac8-8fc0-a1ff399b17b8', 'e4153ca5-d012-5995-bad4-086731587974', '2025-07-14T17:56:44.791Z', '2025-07-14T20:26:44.791Z', 'Samme som sist takk!', 'completed', NULL, 'pi_test_extra_023', 150, 500, 'Inam utilla quas cordans quidemque quorum quae, et primum nos nihil ibus sit chremessarius.', '2020-07-27T06:55:29.000Z', DEFAULT, NULL), ('cf10ba91-3a7e-5700-9e75-2ff509ee2e80', DEFAULT, DEFAULT, '71c8f57c-aae5-5ac8-8fc0-a1ff399b17b8', '5ac46069-d153-5b50-a0be-8a017d379243', '2025-07-05T17:56:44.791Z', '2025-07-05T20:26:44.791Z', 'Noe nytt og spennende!', 'completed', NULL, 'pi_test_extra_024', 150, 650, 'Possit cant atomnis imum et ratio contentam, nis neque quam philos se non ob sentantam.', '2020-12-24T23:16:59.000Z', DEFAULT, NULL);
-- Attempting to create 35 reviews...
-- Error creating reviews: seed.reviews is not a function
-- Skipping reviews for now...
-- Created 0 reviews for completed bookings
-- Ensuring every service has reviews...
-- Service "Gellack med design" needs 3 more reviews
-- Service "Makeup kurs" needs 3 more reviews
-- Service "Shellac behandling" needs 3 more reviews
-- Service "Brynsfarge" needs 3 more reviews
-- Service "Hybrid vipper" needs 3 more reviews
-- Service "Brudefrisyre" needs 3 more reviews
-- Service "Balayage farge" needs 3 more reviews
-- Service "Brude makeup" needs 3 more reviews
-- Service "Gellack manikyr" needs 3 more reviews
-- Service "Brudepakke" needs 3 more reviews
-- Service "Herreklipp" needs 3 more reviews
-- Service "Kontur makeup" needs 3 more reviews
-- Service "Pedikyr" needs 3 more reviews
-- Service "Hybrid vipper" needs 3 more reviews
-- Service "Shellac behandling" needs 3 more reviews
-- Service "Foto makeup" needs 3 more reviews
-- Service "Brudemakeup komplett" needs 3 more reviews
-- Service "Franske negler" needs 3 more reviews
-- Service "Shellac behandling" needs 3 more reviews
-- Service "Brynsfarge" needs 3 more reviews
-- Service "Balayage farge" needs 3 more reviews
-- Service "Gellack manikyr" needs 3 more reviews
-- Service "Dagsmakeup" needs 3 more reviews
-- Service "Pedikyr" needs 3 more reviews
-- Service "Brudesminke prøve" needs 3 more reviews
-- Service "Hårbehandling" needs 3 more reviews
-- Service "Klassiske vippeextensions" needs 3 more reviews
-- Service "Gellack manikyr" needs 3 more reviews
-- Service "Festmakeup" needs 3 more reviews
-- Service "Festmakeup" needs 3 more reviews
-- Service "Dameklipp" needs 3 more reviews
-- Service "Dameklipp" needs 3 more reviews
-- Service "Foto makeup 2" needs 3 more reviews
-- Service "Pedikyr 2" needs 3 more reviews
-- Service "Klassiske vippeextensions 2" needs 3 more reviews
-- Service "Klassiske vippeextensions 2" needs 3 more reviews
-- Service "Gellack manikyr 2" needs 3 more reviews
-- Service "Brudefrisyre 2" needs 3 more reviews
-- Service "Brudefrisyre 2" needs 3 more reviews
-- Service "Volum vippeextensions 2" needs 3 more reviews
-- Service "Highlights 2" needs 3 more reviews
-- Service "Pedikyr 2" needs 3 more reviews
-- Service "Gellack med design 2" needs 3 more reviews
-- Service "Balayage farge 2" needs 3 more reviews
-- Service "Brynspluking 2" needs 3 more reviews
-- Service "Hårfarge 2" needs 3 more reviews
-- Service "Balayage farge 2" needs 3 more reviews
-- Service "Brude makeup 2" needs 3 more reviews
-- Service "Brudemakeup komplett 2" needs 3 more reviews
-- Service "Hybrid vipper 2" needs 3 more reviews
-- Service "Hårbehandling 2" needs 3 more reviews
INSERT INTO public.bookings (id,created_at,updated_at,customer_id,stylist_id,start_time,end_time,message_to_stylist,status,address_id,stripe_payment_intent_id,total_duration_minutes,total_price,cancellation_reason,cancelled_at,discount_applied,discount_id) VALUES ('f7f59e8d-50a5-5bac-9166-74fde365365e', DEFAULT, DEFAULT, '815c84a1-9088-5e6f-b1ab-0853285c0e5d', '5ac46069-d153-5b50-a0be-8a017d379243', '2025-07-19T17:56:44.796Z', '2025-07-19T19:11:44.796Z', 'Hørt mye bra om deg!', 'completed', NULL, 'pi_ensure_reviews_76182b33-2b88-55da-9317-c322cfc4cdb2_0', 75, 926, 'Semeliae voluptatio quidem a recte potestatem, veniri corporum desercitus consulat cum quid ruant.', '2020-11-23T10:46:02.000Z', DEFAULT, NULL), ('20cc6523-2826-5a08-86f4-b908cd162229', DEFAULT, DEFAULT, 'b36ab93a-34cf-5d2f-8309-1f65466da6f0', '5ac46069-d153-5b50-a0be-8a017d379243', '2025-07-16T17:56:44.796Z', '2025-07-16T19:11:44.796Z', 'Hørt mye bra om deg!', 'completed', NULL, 'pi_ensure_reviews_76182b33-2b88-55da-9317-c322cfc4cdb2_1', 75, 926, 'Campum expetiuncta uberrem dici ne, etur iactantalib non rutil sunt cumanim.', '2020-02-10T13:51:36.000Z', DEFAULT, NULL), ('fc029e26-18ee-5656-a49a-e1ac0f7a95a7', DEFAULT, DEFAULT, 'b36ab93a-34cf-5d2f-8309-1f65466da6f0', '5ac46069-d153-5b50-a0be-8a017d379243', '2025-05-18T17:56:44.796Z', '2025-05-18T19:11:44.796Z', 'Første gang jeg prøver dette!', 'completed', NULL, 'pi_ensure_reviews_76182b33-2b88-55da-9317-c322cfc4cdb2_2', 75, 926, 'Aut optime te grate bona ducunda rerum.', '2020-09-21T08:21:24.000Z', DEFAULT, NULL), ('cbd8ff02-8d4f-51f8-91c7-78b9a57def03', DEFAULT, DEFAULT, '5ca75a8e-3605-5166-aa74-4e2e2fc0beef', '815c84a1-9088-5e6f-b1ab-0853285c0e5d', '2025-07-20T17:56:44.796Z', '2025-07-20T20:26:44.796Z', 'Hørt mye bra om deg!', 'completed', NULL, 'pi_ensure_reviews_f66c822d-c39b-5997-9fdd-1cc2906b1259_0', 150, 1132, 'Si nec nullo probet qualestiae inimis am, apudo nam quos succum nam ophia et enimus.', '2020-06-02T17:44:53.000Z', DEFAULT, NULL), ('4b8887f8-7f16-5cfb-a6e0-3b8df27efb93', DEFAULT, DEFAULT, '5ca75a8e-3605-5166-aa74-4e2e2fc0beef', '815c84a1-9088-5e6f-b1ab-0853285c0e5d', '2025-07-10T17:56:44.796Z', '2025-07-10T20:26:44.796Z', 'Anbefalt av en venninne!', 'completed', NULL, 'pi_ensure_reviews_f66c822d-c39b-5997-9fdd-1cc2906b1259_1', 150, 1132, 'Neque torquatus sis si quidem autem est error.', '2020-09-17T08:21:55.000Z', DEFAULT, NULL), ('832ed0c0-93df-5768-bb0f-9e52c787ad4c', DEFAULT, DEFAULT, '5ca75a8e-3605-5166-aa74-4e2e2fc0beef', '815c84a1-9088-5e6f-b1ab-0853285c0e5d', '2025-07-28T17:56:44.796Z', '2025-07-28T20:26:44.796Z', 'Første gang jeg prøver dette!', 'completed', NULL, 'pi_ensure_reviews_f66c822d-c39b-5997-9fdd-1cc2906b1259_2', 150, 1132, 'Etiam ab status est domin.', '2020-10-22T09:38:57.000Z', DEFAULT, NULL), ('94f81093-dd98-5a70-9230-ba01536ad6f1', DEFAULT, DEFAULT, '71c8f57c-aae5-5ac8-8fc0-a1ff399b17b8', '5f2c632c-1003-5d3e-94f5-6085899aa359', '2025-08-01T17:56:44.796Z', '2025-08-01T18:41:44.796Z', 'Anbefalt av en venninne!', 'completed', NULL, 'pi_ensure_reviews_7c724ddb-a436-508b-954f-ea531f015c8e_0', 45, 2509, 'In dicassensib idis quaedam sua voluptasse me, solis verearum possit cum ipse iucunt quod.', '2020-01-09T00:55:50.000Z', DEFAULT, NULL), ('6a080678-117b-5ad0-9282-02b82dac9c28', DEFAULT, DEFAULT, '5ac46069-d153-5b50-a0be-8a017d379243', '5f2c632c-1003-5d3e-94f5-6085899aa359', '2025-06-28T17:56:44.796Z', '2025-06-28T18:41:44.796Z', 'Første gang jeg prøver dette!', 'completed', NULL, 'pi_ensure_reviews_7c724ddb-a436-508b-954f-ea531f015c8e_1', 45, 2509, 'Quae anturpius am reprehenim non tria.', '2020-09-01T20:54:58.000Z', DEFAULT, NULL), ('065bf126-facf-58cc-9162-4a6e152134fb', DEFAULT, DEFAULT, '8bb5337a-4ae8-5fe9-834c-d09e97c220b7', '5f2c632c-1003-5d3e-94f5-6085899aa359', '2025-08-02T17:56:44.796Z', '2025-08-02T18:41:44.796Z', 'Gleder meg til denne tjenesten!', 'completed', NULL, 'pi_ensure_reviews_7c724ddb-a436-508b-954f-ea531f015c8e_2', 45, 2509, 'Ultima se omnium modo multi finibus aut, quidem quod ignorarbit multa numquam.', '2020-06-26T05:09:23.000Z', DEFAULT, NULL), ('0f9ae927-0606-55ac-a1ca-216698b00936', DEFAULT, DEFAULT, '8bb5337a-4ae8-5fe9-834c-d09e97c220b7', 'f14ee7a7-b3f9-561d-8cf7-983293f0008f', '2025-06-05T17:56:44.796Z', '2025-06-05T18:26:44.796Z', 'Trenger en oppfriskning!', 'completed', NULL, 'pi_ensure_reviews_ee28eb0b-265a-5f31-962b-baeb03171f3b_0', 30, 1473, 'Totam paravis es primoribid nam in.', '2020-06-22T18:07:56.000Z', DEFAULT, NULL), ('c5b90239-6e51-56d4-a465-b51ca62e8a3f', DEFAULT, DEFAULT, 'b36ab93a-34cf-5d2f-8309-1f65466da6f0', 'f14ee7a7-b3f9-561d-8cf7-983293f0008f', '2025-07-18T17:56:44.796Z', '2025-07-18T18:26:44.796Z', 'Anbefalt av en venninne!', 'completed', NULL, 'pi_ensure_reviews_ee28eb0b-265a-5f31-962b-baeb03171f3b_1', 30, 1473, 'Sunt perspicuum delectus cogit constantia.', '2020-07-23T18:10:48.000Z', DEFAULT, NULL), ('8814330b-5977-5915-87e3-b3adf4fb6f9e', DEFAULT, DEFAULT, '5ca75a8e-3605-5166-aa74-4e2e2fc0beef', 'f14ee7a7-b3f9-561d-8cf7-983293f0008f', '2025-08-07T17:56:44.796Z', '2025-08-07T18:26:44.796Z', 'Første gang jeg prøver dette!', 'completed', NULL, 'pi_ensure_reviews_ee28eb0b-265a-5f31-962b-baeb03171f3b_2', 30, 1473, 'Expeccant rer mediocrium sint vel afferent ne morbis, versuum legi functio sed etur tantum.', '2020-05-09T04:57:51.000Z', DEFAULT, NULL), ('deecccfd-34ec-5fb6-9dbf-3324a4506904', DEFAULT, DEFAULT, '8bb5337a-4ae8-5fe9-834c-d09e97c220b7', '5ac46069-d153-5b50-a0be-8a017d379243', '2025-06-26T17:56:44.796Z', '2025-06-26T19:56:44.796Z', 'Hørt mye bra om deg!', 'completed', NULL, 'pi_ensure_reviews_bdd1b363-ac2b-5678-88e3-3a63f4b658f4_0', 120, 1269, 'Aut vero acunt cum formavitaq eo, magnam denique sit modum et eamus.', '2020-08-24T20:04:08.000Z', DEFAULT, NULL), ('c77047c0-d8fe-5a33-b816-a1a9bc5d5596', DEFAULT, DEFAULT, '5ca75a8e-3605-5166-aa74-4e2e2fc0beef', '5ac46069-d153-5b50-a0be-8a017d379243', '2025-07-21T17:56:44.796Z', '2025-07-21T19:56:44.796Z', 'Første gang jeg prøver dette!', 'completed', NULL, 'pi_ensure_reviews_bdd1b363-ac2b-5678-88e3-3a63f4b658f4_1', 120, 1269, 'As multi legebitaq ipsi ius.', '2020-02-10T01:52:12.000Z', DEFAULT, NULL), ('754d0696-68c2-5b1a-b06e-cfac2685befd', DEFAULT, DEFAULT, '815c84a1-9088-5e6f-b1ab-0853285c0e5d', '5ac46069-d153-5b50-a0be-8a017d379243', '2025-05-24T17:56:44.796Z', '2025-05-24T19:56:44.796Z', 'Hørt mye bra om deg!', 'completed', NULL, 'pi_ensure_reviews_bdd1b363-ac2b-5678-88e3-3a63f4b658f4_2', 120, 1269, 'Eruntatem non maiorum tam saepe eamque atem.', '2020-01-21T12:11:11.000Z', DEFAULT, NULL), ('9da05787-17ce-5100-9e07-e56c1a66263d', DEFAULT, DEFAULT, '44315cac-0a3d-513e-ae25-923183abdce2', '8bb5337a-4ae8-5fe9-834c-d09e97c220b7', '2025-07-17T17:56:44.796Z', '2025-07-17T19:56:44.796Z', 'Trenger en oppfriskning!', 'completed', NULL, 'pi_ensure_reviews_e00070ec-a32f-50ad-9dca-90b08b918d33_0', 120, 1586, 'Bonas enim et epicium et nisi mortis, es ita esse numquam libidcirco videritaq etent si.', '2020-04-12T03:11:00.000Z', DEFAULT, NULL), ('c18ecb52-170b-5af2-bc08-f5fdc573bce7', DEFAULT, DEFAULT, '12b3f6e4-8e09-5767-b1ce-9d45589acea2', '8bb5337a-4ae8-5fe9-834c-d09e97c220b7', '2025-06-01T17:56:44.796Z', '2025-06-01T19:56:44.796Z', 'Trenger en oppfriskning!', 'completed', NULL, 'pi_ensure_reviews_e00070ec-a32f-50ad-9dca-90b08b918d33_1', 120, 1586, 'Adhibuit viven cognitiae effloresse inem cum.', '2020-08-24T07:17:11.000Z', DEFAULT, NULL), ('d5208a7c-48d8-5ee4-99ba-f8c1d23afe4a', DEFAULT, DEFAULT, '461f046b-b8af-5c8e-95dd-0f9194531ecb', '8bb5337a-4ae8-5fe9-834c-d09e97c220b7', '2025-08-09T17:56:44.796Z', '2025-08-09T19:56:44.796Z', 'Hørt mye bra om deg!', 'completed', NULL, 'pi_ensure_reviews_e00070ec-a32f-50ad-9dca-90b08b918d33_2', 120, 1586, 'Etiam in est il aeque.', '2020-01-25T12:13:48.000Z', DEFAULT, NULL), ('0191ca21-3fa2-56db-bd1c-1ac5e972d9c1', DEFAULT, DEFAULT, '8bb5337a-4ae8-5fe9-834c-d09e97c220b7', 'f14ee7a7-b3f9-561d-8cf7-983293f0008f', '2025-07-15T17:56:44.796Z', '2025-07-15T19:56:44.796Z', 'Gleder meg til denne tjenesten!', 'completed', NULL, 'pi_ensure_reviews_14988abd-97c9-5f3a-be9a-59d5637d4463_0', 120, 2127, 'Epicia voluptatem quidem non utrumque sibus vero.', '2020-12-29T00:04:00.000Z', DEFAULT, NULL), ('fca548b5-9611-5729-8e0e-acc9dd5f0ed8', DEFAULT, DEFAULT, '461f046b-b8af-5c8e-95dd-0f9194531ecb', 'f14ee7a7-b3f9-561d-8cf7-983293f0008f', '2025-07-08T17:56:44.796Z', '2025-07-08T19:56:44.796Z', 'Første gang jeg prøver dette!', 'completed', NULL, 'pi_ensure_reviews_14988abd-97c9-5f3a-be9a-59d5637d4463_1', 120, 2127, 'Docui fortitur locis il non vero plane.', '2020-06-02T05:33:35.000Z', DEFAULT, NULL), ('0c70d227-aedd-5295-9d58-7529f3ebf944', DEFAULT, DEFAULT, '5ca75a8e-3605-5166-aa74-4e2e2fc0beef', 'f14ee7a7-b3f9-561d-8cf7-983293f0008f', '2025-08-12T17:56:44.796Z', '2025-08-12T19:56:44.796Z', 'Gleder meg til denne tjenesten!', 'completed', NULL, 'pi_ensure_reviews_14988abd-97c9-5f3a-be9a-59d5637d4463_2', 120, 2127, 'Legimi optaria ilique non esse mediocrium bonorum puto, nullo ferathenis vel refercitus omum potes apeiriant multo.', '2020-12-16T23:43:32.000Z', DEFAULT, NULL), ('a9e80b50-afe2-53f3-89bf-d7a17b2e55fe', DEFAULT, DEFAULT, '5ac46069-d153-5b50-a0be-8a017d379243', 'b36ab93a-34cf-5d2f-8309-1f65466da6f0', '2025-06-16T17:56:44.796Z', '2025-06-16T19:26:44.796Z', 'Anbefalt av en venninne!', 'completed', NULL, 'pi_ensure_reviews_5d426f4d-43a7-5476-969b-4ca4336173ad_0', 90, 1045, 'Actet primus um solum corporista diceram escentur qui, eos iucunt voluptatem sive deseris recta.', '2020-03-19T03:06:03.000Z', DEFAULT, NULL), ('ad771cce-a6d3-52fd-bdbc-8b32bb4e7bfa', DEFAULT, DEFAULT, '12b3f6e4-8e09-5767-b1ce-9d45589acea2', 'b36ab93a-34cf-5d2f-8309-1f65466da6f0', '2025-06-28T17:56:44.796Z', '2025-06-28T19:26:44.796Z', 'Gleder meg til denne tjenesten!', 'completed', NULL, 'pi_ensure_reviews_5d426f4d-43a7-5476-969b-4ca4336173ad_1', 90, 1045, 'Quo defut odum perpessio quae docui, aiebattincto sequi al quietus confirmitat venias.', '2020-07-23T18:22:07.000Z', DEFAULT, NULL), ('2ce94800-3737-5f2f-93b3-360eb00ac821', DEFAULT, DEFAULT, '5ac46069-d153-5b50-a0be-8a017d379243', 'b36ab93a-34cf-5d2f-8309-1f65466da6f0', '2025-05-30T17:56:44.796Z', '2025-05-30T19:26:44.796Z', 'Gleder meg til denne tjenesten!', 'completed', NULL, 'pi_ensure_reviews_5d426f4d-43a7-5476-969b-4ca4336173ad_2', 90, 1045, 'Itiae em tumcum versa consenectus.', '2020-01-05T00:05:47.000Z', DEFAULT, NULL), ('83a31706-f5d9-5713-ba64-a2e6ce47b267', DEFAULT, DEFAULT, '8bb5337a-4ae8-5fe9-834c-d09e97c220b7', 'b36ab93a-34cf-5d2f-8309-1f65466da6f0', '2025-06-27T17:56:44.796Z', '2025-06-27T19:26:44.796Z', 'Trenger en oppfriskning!', 'completed', NULL, 'pi_ensure_reviews_8379c4b0-1c06-5d40-b0fc-56513422c1d8_0', 90, 884, 'Nullo magisque via deser ine il sitat, rent reicientes quaeque copulistot ferebo.', '2020-05-13T04:07:35.000Z', DEFAULT, NULL), ('1d56ed51-0070-57fd-a3c9-68b435d8e902', DEFAULT, DEFAULT, '8bb5337a-4ae8-5fe9-834c-d09e97c220b7', 'b36ab93a-34cf-5d2f-8309-1f65466da6f0', '2025-07-04T17:56:44.796Z', '2025-07-04T19:26:44.796Z', 'Trenger en oppfriskning!', 'completed', NULL, 'pi_ensure_reviews_8379c4b0-1c06-5d40-b0fc-56513422c1d8_1', 90, 884, 'Bene quaeren tamendum fortitiam expecunias confortitia hoc de, dicta liberet sent desida nec nullo ut detracta.', '2020-12-12T12:04:19.000Z', DEFAULT, NULL), ('92995cb3-1be4-57d8-bd8f-f34433b0cc87', DEFAULT, DEFAULT, '5ac46069-d153-5b50-a0be-8a017d379243', 'b36ab93a-34cf-5d2f-8309-1f65466da6f0', '2025-06-13T17:56:44.796Z', '2025-06-13T19:26:44.796Z', 'Trenger en oppfriskning!', 'completed', NULL, 'pi_ensure_reviews_8379c4b0-1c06-5d40-b0fc-56513422c1d8_2', 90, 884, 'Ex graecis et afficit has quibus.', '2020-08-24T07:53:18.000Z', DEFAULT, NULL), ('eed9cca5-bd72-5a8e-be84-ea068debfae3', DEFAULT, DEFAULT, '8bb5337a-4ae8-5fe9-834c-d09e97c220b7', '5f2c632c-1003-5d3e-94f5-6085899aa359', '2025-06-22T17:56:44.796Z', '2025-06-22T20:56:44.796Z', 'Gleder meg til denne tjenesten!', 'completed', NULL, 'pi_ensure_reviews_c970b6e4-e959-5586-9093-3c50e0f7ab60_0', 180, 933, 'Metrodordam defent posse dicavi sic endum.', '2020-07-03T06:24:27.000Z', DEFAULT, NULL), ('d78735c4-c5a9-5b7d-b842-9e0dbcbacdba', DEFAULT, DEFAULT, '461f046b-b8af-5c8e-95dd-0f9194531ecb', '5f2c632c-1003-5d3e-94f5-6085899aa359', '2025-07-14T17:56:44.796Z', '2025-07-14T20:56:44.796Z', 'Gleder meg til denne tjenesten!', 'completed', NULL, 'pi_ensure_reviews_c970b6e4-e959-5586-9093-3c50e0f7ab60_1', 180, 933, 'Tuum dictum torquatosop se atura parentur, numquam quidamicior id nos caecil esse.', '2020-02-10T13:52:19.000Z', DEFAULT, NULL), ('916fa7ed-652a-5b1d-b6a6-821bdb63d654', DEFAULT, DEFAULT, '5ca75a8e-3605-5166-aa74-4e2e2fc0beef', '5f2c632c-1003-5d3e-94f5-6085899aa359', '2025-06-01T17:56:44.796Z', '2025-06-01T20:56:44.796Z', 'Gleder meg til denne tjenesten!', 'completed', NULL, 'pi_ensure_reviews_c970b6e4-e959-5586-9093-3c50e0f7ab60_2', 180, 933, 'Efficiens scribenime comparum si tam.', '2020-09-25T20:36:16.000Z', DEFAULT, NULL), ('0153b8c4-6d66-5ccb-bcff-c0be0db1946e', DEFAULT, DEFAULT, '461f046b-b8af-5c8e-95dd-0f9194531ecb', '815c84a1-9088-5e6f-b1ab-0853285c0e5d', '2025-08-14T17:56:44.796Z', '2025-08-14T18:56:44.796Z', 'Hørt mye bra om deg!', 'completed', NULL, 'pi_ensure_reviews_f67b1d42-e134-5c10-baf6-9357f4083f61_0', 60, 2827, 'Hari voluptatem non es nihile docui, philosoper facta qua vacariquer ute admiserit quiete rerum.', '2020-03-03T14:16:30.000Z', DEFAULT, NULL), ('3de7397c-06a9-5f73-bfd5-50e264943ecf', DEFAULT, DEFAULT, '44315cac-0a3d-513e-ae25-923183abdce2', '815c84a1-9088-5e6f-b1ab-0853285c0e5d', '2025-07-25T17:56:44.796Z', '2025-07-25T18:56:44.796Z', 'Gleder meg til denne tjenesten!', 'completed', NULL, 'pi_ensure_reviews_f67b1d42-e134-5c10-baf6-9357f4083f61_1', 60, 2827, 'Tam putanda ab inere ime, sed publicet doctior aperundum quos sentio si paravocar.', '2020-09-25T20:44:17.000Z', DEFAULT, NULL), ('e805b0cc-6e2c-594e-a98a-9e2fea6f1257', DEFAULT, DEFAULT, '5fef9e7c-116a-5504-a6ae-d16f4442d448', '815c84a1-9088-5e6f-b1ab-0853285c0e5d', '2025-05-19T17:56:44.796Z', '2025-05-19T18:56:44.796Z', 'Hørt mye bra om deg!', 'completed', NULL, 'pi_ensure_reviews_f67b1d42-e134-5c10-baf6-9357f4083f61_2', 60, 2827, 'Natoribus bello ex occulte unt chaere est placet, oporteris quam vel platone natur aut estias es.', '2020-12-04T11:59:10.000Z', DEFAULT, NULL), ('f4e8d4ba-0a3a-503c-96ab-96c1314d8518', DEFAULT, DEFAULT, '815c84a1-9088-5e6f-b1ab-0853285c0e5d', 'e4153ca5-d012-5995-bad4-086731587974', '2025-07-26T17:56:44.796Z', '2025-07-26T19:26:44.796Z', 'Gleder meg til denne tjenesten!', 'completed', NULL, 'pi_ensure_reviews_1c3cb731-ed59-5c03-891d-dd445c49271e_0', 90, 2291, 'Alia videt ut nam complurimus tractat.', '2020-01-13T01:03:22.000Z', DEFAULT, NULL), ('f9184bcc-80ee-56a0-b9a1-b8dd4bce65d3', DEFAULT, DEFAULT, '461f046b-b8af-5c8e-95dd-0f9194531ecb', 'e4153ca5-d012-5995-bad4-086731587974', '2025-07-01T17:56:44.796Z', '2025-07-01T19:26:44.796Z', 'Anbefalt av en venninne!', 'completed', NULL, 'pi_ensure_reviews_1c3cb731-ed59-5c03-891d-dd445c49271e_1', 90, 2291, 'Hoc anime tum et malum.', '2020-10-06T09:46:15.000Z', DEFAULT, NULL), ('6a31a08e-d677-5874-9b01-9c97cc389256', DEFAULT, DEFAULT, '44315cac-0a3d-513e-ae25-923183abdce2', 'e4153ca5-d012-5995-bad4-086731587974', '2025-05-18T17:56:44.796Z', '2025-05-18T19:26:44.796Z', 'Hørt mye bra om deg!', 'completed', NULL, 'pi_ensure_reviews_1c3cb731-ed59-5c03-891d-dd445c49271e_2', 90, 2291, 'Magnoper animum se tibi am ipsarum.', '2020-02-06T01:41:31.000Z', DEFAULT, NULL), ('c7267ad0-11d8-5a56-9f5f-8e04661634e1', DEFAULT, DEFAULT, '815c84a1-9088-5e6f-b1ab-0853285c0e5d', 'f14ee7a7-b3f9-561d-8cf7-983293f0008f', '2025-07-06T17:56:44.796Z', '2025-07-06T19:26:44.796Z', 'Trenger en oppfriskning!', 'completed', NULL, 'pi_ensure_reviews_a84c07d7-9cad-533f-b8cf-1e50727560c4_0', 90, 1985, 'Et opho summum amus viris.', '2020-01-17T01:02:44.000Z', DEFAULT, NULL), ('bcd5ab7c-2264-5a8a-9262-81a4ab558a8a', DEFAULT, DEFAULT, '815c84a1-9088-5e6f-b1ab-0853285c0e5d', 'f14ee7a7-b3f9-561d-8cf7-983293f0008f', '2025-06-02T17:56:44.796Z', '2025-06-02T19:26:44.796Z', 'Trenger en oppfriskning!', 'completed', NULL, 'pi_ensure_reviews_a84c07d7-9cad-533f-b8cf-1e50727560c4_1', 90, 1985, 'Si graecum amus sic hausta, aliquam tuum derepico amura insolum est.', '2020-07-11T06:31:14.000Z', DEFAULT, NULL), ('e185fe90-f6d1-50e6-85c5-b3d62e664f51', DEFAULT, DEFAULT, '12b3f6e4-8e09-5767-b1ce-9d45589acea2', 'f14ee7a7-b3f9-561d-8cf7-983293f0008f', '2025-08-03T17:56:44.796Z', '2025-08-03T19:26:44.796Z', 'Hørt mye bra om deg!', 'completed', NULL, 'pi_ensure_reviews_a84c07d7-9cad-533f-b8cf-1e50727560c4_2', 90, 1985, 'Sed convicia vero voluptata ut tim nondum fungimura.', '2020-01-17T12:40:42.000Z', DEFAULT, NULL), ('9ca6a3da-e8d3-5a6f-880c-d09b77a8ec20', DEFAULT, DEFAULT, '5fef9e7c-116a-5504-a6ae-d16f4442d448', 'b36ab93a-34cf-5d2f-8309-1f65466da6f0', '2025-06-23T17:56:44.796Z', '2025-06-23T19:56:44.796Z', 'Hørt mye bra om deg!', 'completed', NULL, 'pi_ensure_reviews_f105e82d-4f15-5b10-b687-21bb390972df_0', 120, 2139, 'Sequam alia meo et quem, am statue est et voce.', '2020-10-06T22:03:58.000Z', DEFAULT, NULL), ('b3c5c797-7b27-5ef7-9996-ff9e9e1797ee', DEFAULT, DEFAULT, '12b3f6e4-8e09-5767-b1ce-9d45589acea2', 'b36ab93a-34cf-5d2f-8309-1f65466da6f0', '2025-06-04T17:56:44.796Z', '2025-06-04T19:56:44.796Z', 'Gleder meg til denne tjenesten!', 'completed', NULL, 'pi_ensure_reviews_f105e82d-4f15-5b10-b687-21bb390972df_1', 120, 2139, 'Sunt evolvenir aegritumen uta modus necest certate et, ines firme et utrumque pariat autem.', '2020-03-11T14:03:34.000Z', DEFAULT, NULL), ('2a25d426-320b-5baf-8349-c72f27df402e', DEFAULT, DEFAULT, 'e4153ca5-d012-5995-bad4-086731587974', 'b36ab93a-34cf-5d2f-8309-1f65466da6f0', '2025-06-10T17:56:44.796Z', '2025-06-10T19:56:44.796Z', 'Anbefalt av en venninne!', 'completed', NULL, 'pi_ensure_reviews_f105e82d-4f15-5b10-b687-21bb390972df_2', 120, 2139, 'Ad ille nam petere qui iudicarbit vero an.', '2020-08-20T20:05:42.000Z', DEFAULT, NULL), ('8c62efa2-695a-5b16-94b8-dad312d8c9c8', DEFAULT, DEFAULT, '5f2c632c-1003-5d3e-94f5-6085899aa359', '8bb5337a-4ae8-5fe9-834c-d09e97c220b7', '2025-07-28T17:56:44.796Z', '2025-07-28T18:41:44.796Z', 'Hørt mye bra om deg!', 'completed', NULL, 'pi_ensure_reviews_d7664d95-3caa-5e9b-ac21-e5f97a492422_0', 45, 1978, 'Quam multavitur maius libere se clarioremus ne, potuimus postea tota eniuntur qui quid qui inum.', '2020-04-08T03:52:46.000Z', DEFAULT, NULL), ('7d7ba756-c614-52cf-925e-f70d46ef9956', DEFAULT, DEFAULT, '461f046b-b8af-5c8e-95dd-0f9194531ecb', '8bb5337a-4ae8-5fe9-834c-d09e97c220b7', '2025-07-30T17:56:44.796Z', '2025-07-30T18:41:44.796Z', 'Første gang jeg prøver dette!', 'completed', NULL, 'pi_ensure_reviews_d7664d95-3caa-5e9b-ac21-e5f97a492422_1', 45, 1978, 'As haec dicturbulen de referration endo et quibus.', '2020-06-10T05:47:13.000Z', DEFAULT, NULL), ('e621bffd-4710-5736-a47b-0070b1281778', DEFAULT, DEFAULT, '461f046b-b8af-5c8e-95dd-0f9194531ecb', '8bb5337a-4ae8-5fe9-834c-d09e97c220b7', '2025-07-10T17:56:44.796Z', '2025-07-10T18:41:44.796Z', 'Gleder meg til denne tjenesten!', 'completed', NULL, 'pi_ensure_reviews_d7664d95-3caa-5e9b-ac21-e5f97a492422_2', 45, 1978, 'Quisquam sed quia intempore venus ea non esse, voluptat diceros philos ob quod.', '2020-04-24T15:51:17.000Z', DEFAULT, NULL), ('1e03c0a8-6c3c-5278-a33f-e02df619b521', DEFAULT, DEFAULT, '71c8f57c-aae5-5ac8-8fc0-a1ff399b17b8', '5f2c632c-1003-5d3e-94f5-6085899aa359', '2025-07-09T17:56:44.796Z', '2025-07-09T18:56:44.796Z', 'Trenger en oppfriskning!', 'completed', NULL, 'pi_ensure_reviews_a1a04c06-3a8f-58fb-a6ac-fd4aa9f23a92_0', 60, 1803, 'Habetur delaptis igit legitiari ut fuisset est neque.', '2020-07-23T06:46:20.000Z', DEFAULT, NULL), ('f02e243c-3c4b-5caf-a3df-addfefbce6c8', DEFAULT, DEFAULT, 'b36ab93a-34cf-5d2f-8309-1f65466da6f0', '5f2c632c-1003-5d3e-94f5-6085899aa359', '2025-06-05T17:56:44.796Z', '2025-06-05T18:56:44.796Z', 'Gleder meg til denne tjenesten!', 'completed', NULL, 'pi_ensure_reviews_a1a04c06-3a8f-58fb-a6ac-fd4aa9f23a92_1', 60, 1803, 'In fieri c et credo optabillar autem, ipsos aperamur profectica alii et quo haeret.', '2020-08-28T07:38:20.000Z', DEFAULT, NULL), ('f0f93274-5c9e-583c-b072-eb3103cebe6d', DEFAULT, DEFAULT, '5fef9e7c-116a-5504-a6ae-d16f4442d448', '5f2c632c-1003-5d3e-94f5-6085899aa359', '2025-08-14T17:56:44.796Z', '2025-08-14T18:56:44.796Z', 'Første gang jeg prøver dette!', 'completed', NULL, 'pi_ensure_reviews_a1a04c06-3a8f-58fb-a6ac-fd4aa9f23a92_2', 60, 1803, 'Iubere non se gloriae et.', '2020-07-23T18:51:49.000Z', DEFAULT, NULL), ('07810b60-d912-53d9-a3ed-516c51ec4df0', DEFAULT, DEFAULT, 'b36ab93a-34cf-5d2f-8309-1f65466da6f0', '8bb5337a-4ae8-5fe9-834c-d09e97c220b7', '2025-06-23T17:56:44.796Z', '2025-06-23T19:56:44.796Z', 'Trenger en oppfriskning!', 'completed', NULL, 'pi_ensure_reviews_e0c122d0-a1c6-57e5-8e5a-a275d77d69a9_0', 120, 1631, 'Det haec probandi detraxita quam possit quam, vel caecille ocrito defenimus quae ad facet.', '2020-11-07T10:13:43.000Z', DEFAULT, NULL), ('653c4db2-4388-5de3-80c7-497beb1577c9', DEFAULT, DEFAULT, '71c8f57c-aae5-5ac8-8fc0-a1ff399b17b8', '8bb5337a-4ae8-5fe9-834c-d09e97c220b7', '2025-07-27T17:56:44.796Z', '2025-07-27T19:56:44.796Z', 'Hørt mye bra om deg!', 'completed', NULL, 'pi_ensure_reviews_e0c122d0-a1c6-57e5-8e5a-a275d77d69a9_1', 120, 1631, 'Metu extremumque hominduce tribus formidante multo probet natur, ine et qui quod facillimis locum pars.', '2020-10-14T09:19:15.000Z', DEFAULT, NULL), ('593d6500-ae76-53e7-b042-ec686175cd4c', DEFAULT, DEFAULT, '5fef9e7c-116a-5504-a6ae-d16f4442d448', '8bb5337a-4ae8-5fe9-834c-d09e97c220b7', '2025-07-06T17:56:44.796Z', '2025-07-06T19:56:44.796Z', 'Anbefalt av en venninne!', 'completed', NULL, 'pi_ensure_reviews_e0c122d0-a1c6-57e5-8e5a-a275d77d69a9_2', 120, 1631, 'Iniuria iri ipse laudat intellegam.', '2020-08-16T08:11:21.000Z', DEFAULT, NULL), ('b5379428-29ee-5389-8bf4-85a5e516386f', DEFAULT, DEFAULT, '12b3f6e4-8e09-5767-b1ce-9d45589acea2', 'b36ab93a-34cf-5d2f-8309-1f65466da6f0', '2025-05-26T17:56:44.796Z', '2025-05-26T18:41:44.796Z', 'Anbefalt av en venninne!', 'completed', NULL, 'pi_ensure_reviews_b0111ba7-5a98-5907-ba27-3f45196d3977_0', 45, 1573, 'Modum ut causa inituri oderudin audit aut.', '2020-02-06T13:55:44.000Z', DEFAULT, NULL), ('e93fe92b-99d3-5f88-9b3e-a3078c6677bc', DEFAULT, DEFAULT, '12b3f6e4-8e09-5767-b1ce-9d45589acea2', 'b36ab93a-34cf-5d2f-8309-1f65466da6f0', '2025-06-04T17:56:44.796Z', '2025-06-04T18:41:44.796Z', 'Første gang jeg prøver dette!', 'completed', NULL, 'pi_ensure_reviews_b0111ba7-5a98-5907-ba27-3f45196d3977_1', 45, 1573, 'Esse minimo essit sunt quoniam magissimo desid canesse.', '2020-08-04T07:50:10.000Z', DEFAULT, NULL), ('c3d2790b-8e51-5dfc-9436-7c2e6453e83b', DEFAULT, DEFAULT, '8bb5337a-4ae8-5fe9-834c-d09e97c220b7', 'b36ab93a-34cf-5d2f-8309-1f65466da6f0', '2025-05-25T17:56:44.796Z', '2025-05-25T18:41:44.796Z', 'Første gang jeg prøver dette!', 'completed', NULL, 'pi_ensure_reviews_b0111ba7-5a98-5907-ba27-3f45196d3977_2', 45, 1573, 'Feram interestia huic corrupis sum intellegi quibus te, talo spe essariustius quippe conflixisci omnesque torem.', '2020-03-23T02:47:49.000Z', DEFAULT, NULL), ('7bf0957a-de39-5082-9120-a7eb95bc41cd', DEFAULT, DEFAULT, '44315cac-0a3d-513e-ae25-923183abdce2', '5ac46069-d153-5b50-a0be-8a017d379243', '2025-06-30T17:56:44.796Z', '2025-06-30T18:56:44.796Z', 'Gleder meg til denne tjenesten!', 'completed', NULL, 'pi_ensure_reviews_2a66a173-5e57-53c4-a2e0-3d491704e63c_0', 60, 1897, 'Inum rationest in venanim tollitterer sine.', '2020-03-07T02:04:19.000Z', DEFAULT, NULL), ('6b3261f3-3aec-5431-af81-3049e91c8732', DEFAULT, DEFAULT, '461f046b-b8af-5c8e-95dd-0f9194531ecb', '5ac46069-d153-5b50-a0be-8a017d379243', '2025-06-21T17:56:44.796Z', '2025-06-21T18:56:44.796Z', 'Trenger en oppfriskning!', 'completed', NULL, 'pi_ensure_reviews_2a66a173-5e57-53c4-a2e0-3d491704e63c_1', 60, 1897, 'Dem corrupti doctrinisdem peranim bene aut, frustra aut scripserendas inimi et aut involuptar uti.', '2020-01-05T12:51:14.000Z', DEFAULT, NULL), ('f1b75e9f-d4cc-51e6-bd2f-b5dd2821dafb', DEFAULT, DEFAULT, '461f046b-b8af-5c8e-95dd-0f9194531ecb', '5ac46069-d153-5b50-a0be-8a017d379243', '2025-05-22T17:56:44.796Z', '2025-05-22T18:56:44.796Z', 'Hørt mye bra om deg!', 'completed', NULL, 'pi_ensure_reviews_2a66a173-5e57-53c4-a2e0-3d491704e63c_2', 60, 1897, 'Quidem vitamura causa andisciplin itur natur quodsi.', '2020-06-14T05:24:34.000Z', DEFAULT, NULL), ('3194d9e8-65a0-59fb-9646-7b8054a2c718', DEFAULT, DEFAULT, '5f2c632c-1003-5d3e-94f5-6085899aa359', '71c8f57c-aae5-5ac8-8fc0-a1ff399b17b8', '2025-08-10T17:56:44.796Z', '2025-08-10T18:56:44.796Z', 'Første gang jeg prøver dette!', 'completed', NULL, 'pi_ensure_reviews_17174d2b-fa53-516c-9c8f-328d1c1d0a8c_0', 60, 2770, 'Et quid voluptatur is plerique de amicur.', '2020-09-01T08:35:51.000Z', DEFAULT, NULL), ('d6cfae51-b0a6-56f2-a66d-8d62e39ab534', DEFAULT, DEFAULT, '461f046b-b8af-5c8e-95dd-0f9194531ecb', '71c8f57c-aae5-5ac8-8fc0-a1ff399b17b8', '2025-05-21T17:56:44.796Z', '2025-05-21T18:56:44.796Z', 'Første gang jeg prøver dette!', 'completed', NULL, 'pi_ensure_reviews_17174d2b-fa53-516c-9c8f-328d1c1d0a8c_1', 60, 2770, 'Ipso dolem tuum moveaturus satisdem aut, es non amicura est in.', '2020-03-07T02:55:42.000Z', DEFAULT, NULL), ('dafd8f5a-c818-5f9f-808a-d849eb2d9250', DEFAULT, DEFAULT, 'bc6c992f-6177-5b38-a99d-4c1f8bf2d0e3', '71c8f57c-aae5-5ac8-8fc0-a1ff399b17b8', '2025-05-27T17:56:44.796Z', '2025-05-27T18:56:44.796Z', 'Hørt mye bra om deg!', 'completed', NULL, 'pi_ensure_reviews_17174d2b-fa53-516c-9c8f-328d1c1d0a8c_2', 60, 2770, 'Quam causa meam es perferatur, voluptasse verbum finit it doceat stultorquate doleris dedit.', '2020-12-04T23:30:31.000Z', DEFAULT, NULL), ('d1ed2573-22be-50f1-8873-043ff68ecb22', DEFAULT, DEFAULT, '5fef9e7c-116a-5504-a6ae-d16f4442d448', '8bb5337a-4ae8-5fe9-834c-d09e97c220b7', '2025-06-29T17:56:44.796Z', '2025-06-29T19:56:44.796Z', 'Første gang jeg prøver dette!', 'completed', NULL, 'pi_ensure_reviews_753f481f-9fee-53c1-bef0-6fc0bcf78933_0', 120, 1466, 'Ideritor aut futura primorum in minus, dis voluptatem videt dixi vitae.', '2020-04-16T15:41:21.000Z', DEFAULT, NULL), ('3f4a098a-b9bc-5f94-b567-67f59fb8415e', DEFAULT, DEFAULT, '5ac46069-d153-5b50-a0be-8a017d379243', '8bb5337a-4ae8-5fe9-834c-d09e97c220b7', '2025-07-03T17:56:44.796Z', '2025-07-03T19:56:44.796Z', 'Trenger en oppfriskning!', 'completed', NULL, 'pi_ensure_reviews_753f481f-9fee-53c1-bef0-6fc0bcf78933_1', 120, 1466, 'Continax laus non cursu id dolore enim, nullam utio dolore neque graecistima am quibus.', '2020-04-08T04:02:33.000Z', DEFAULT, NULL), ('fe3eb8dd-080c-54ea-869a-763dec93bdab', DEFAULT, DEFAULT, '44315cac-0a3d-513e-ae25-923183abdce2', '8bb5337a-4ae8-5fe9-834c-d09e97c220b7', '2025-05-27T17:56:44.796Z', '2025-05-27T19:56:44.796Z', 'Anbefalt av en venninne!', 'completed', NULL, 'pi_ensure_reviews_753f481f-9fee-53c1-bef0-6fc0bcf78933_2', 120, 1466, 'Omnino neque nusquam graviterit bent studiosae, malum am autem taneum possimo dolor.', '2020-06-18T05:27:47.000Z', DEFAULT, NULL), ('223410ff-951c-592e-800c-8467d53ec144', DEFAULT, DEFAULT, '5fef9e7c-116a-5504-a6ae-d16f4442d448', '815c84a1-9088-5e6f-b1ab-0853285c0e5d', '2025-08-01T17:56:44.796Z', '2025-08-01T19:11:44.796Z', 'Gleder meg til denne tjenesten!', 'completed', NULL, 'pi_ensure_reviews_6988ab5f-f1cf-533e-9e10-6250fa03d64e_0', 75, 1993, 'Molest sit modo littera artifexcep si cognostera, si poteris modo corrupte doctum sit autem.', '2020-11-03T11:13:12.000Z', DEFAULT, NULL), ('830e8359-c065-55f7-bbb0-45f7a648d9a5', DEFAULT, DEFAULT, '5fef9e7c-116a-5504-a6ae-d16f4442d448', '815c84a1-9088-5e6f-b1ab-0853285c0e5d', '2025-07-03T17:56:44.796Z', '2025-07-03T19:11:44.796Z', 'Gleder meg til denne tjenesten!', 'completed', NULL, 'pi_ensure_reviews_6988ab5f-f1cf-533e-9e10-6250fa03d64e_1', 75, 1993, 'Faciunt quo fugitur dolorante nem.', '2020-10-26T21:34:50.000Z', DEFAULT, NULL), ('b3e59829-b585-5650-8f6f-12125ac2f30d', DEFAULT, DEFAULT, '44315cac-0a3d-513e-ae25-923183abdce2', '815c84a1-9088-5e6f-b1ab-0853285c0e5d', '2025-07-01T17:56:44.796Z', '2025-07-01T19:11:44.796Z', 'Hørt mye bra om deg!', 'completed', NULL, 'pi_ensure_reviews_6988ab5f-f1cf-533e-9e10-6250fa03d64e_2', 75, 1993, 'Ut nulla viventuri magnoperit consequam causa, quae a hominione nixam quam maiestate.', '2020-09-13T20:36:25.000Z', DEFAULT, NULL), ('80732cda-ab31-5983-a490-f8e0631c4842', DEFAULT, DEFAULT, '71c8f57c-aae5-5ac8-8fc0-a1ff399b17b8', '5ac46069-d153-5b50-a0be-8a017d379243', '2025-06-03T17:56:44.796Z', '2025-06-03T18:26:44.796Z', 'Gleder meg til denne tjenesten!', 'completed', NULL, 'pi_ensure_reviews_5e167626-1d66-5123-9111-b3d1d294a57b_0', 30, 2168, 'Il cerem cognitioque idin dissentientis efficiandae.', '2020-01-01T12:53:50.000Z', DEFAULT, NULL), ('54304e32-9704-50c1-9c37-82bd24e2e2ea', DEFAULT, DEFAULT, 'f14ee7a7-b3f9-561d-8cf7-983293f0008f', '5ac46069-d153-5b50-a0be-8a017d379243', '2025-08-14T17:56:44.796Z', '2025-08-14T18:26:44.796Z', 'Første gang jeg prøver dette!', 'completed', NULL, 'pi_ensure_reviews_5e167626-1d66-5123-9111-b3d1d294a57b_1', 30, 2168, 'Habemusdam angustari dolorum infinxerat etur taneum, bonoris cum civit copulis putanciper haeret doctrina depravatem.', '2020-05-25T16:40:10.000Z', DEFAULT, NULL), ('c53f1961-c738-5eac-9cf5-9d4670cd9dc3', DEFAULT, DEFAULT, 'b36ab93a-34cf-5d2f-8309-1f65466da6f0', '5ac46069-d153-5b50-a0be-8a017d379243', '2025-07-15T17:56:44.796Z', '2025-07-15T18:26:44.796Z', 'Hørt mye bra om deg!', 'completed', NULL, 'pi_ensure_reviews_5e167626-1d66-5123-9111-b3d1d294a57b_2', 30, 2168, 'A libidque nis nostram quod perita non, a vita voluptates de plura velinquam.', '2020-06-02T05:40:48.000Z', DEFAULT, NULL), ('456c8596-5f1c-5f3e-8979-8a39c70ce4b5', DEFAULT, DEFAULT, 'b36ab93a-34cf-5d2f-8309-1f65466da6f0', '5f2c632c-1003-5d3e-94f5-6085899aa359', '2025-07-13T17:56:44.796Z', '2025-07-13T19:26:44.796Z', 'Trenger en oppfriskning!', 'completed', NULL, 'pi_ensure_reviews_223d99f1-5c50-536e-b2f1-21ff103a026e_0', 90, 1045, 'A ad discipitum ante hae.', '2020-10-02T09:36:39.000Z', DEFAULT, NULL), ('a02defe4-bfc6-5e87-9442-795c77edab0d', DEFAULT, DEFAULT, '44315cac-0a3d-513e-ae25-923183abdce2', '5f2c632c-1003-5d3e-94f5-6085899aa359', '2025-07-29T17:56:44.796Z', '2025-07-29T19:26:44.796Z', 'Trenger en oppfriskning!', 'completed', NULL, 'pi_ensure_reviews_223d99f1-5c50-536e-b2f1-21ff103a026e_1', 90, 1045, 'Ut esse respirari motum totellere non iudicos medium.', '2020-09-25T08:57:00.000Z', DEFAULT, NULL), ('82cd0871-cfc7-5a49-bfed-ec0d3030359c', DEFAULT, DEFAULT, 'b36ab93a-34cf-5d2f-8309-1f65466da6f0', '5f2c632c-1003-5d3e-94f5-6085899aa359', '2025-07-10T17:56:44.796Z', '2025-07-10T19:26:44.796Z', 'Hørt mye bra om deg!', 'completed', NULL, 'pi_ensure_reviews_223d99f1-5c50-536e-b2f1-21ff103a026e_2', 90, 1045, 'Cernimis et ipsius sit singulista, ari possimulen nobis tractatem epullo est proptera veri.', '2020-06-14T17:55:55.000Z', DEFAULT, NULL), ('2390fb56-e22a-56ca-8c95-41be66ea56f5', DEFAULT, DEFAULT, '71c8f57c-aae5-5ac8-8fc0-a1ff399b17b8', '5f2c632c-1003-5d3e-94f5-6085899aa359', '2025-05-20T17:56:44.796Z', '2025-05-20T19:56:44.796Z', 'Hørt mye bra om deg!', 'completed', NULL, 'pi_ensure_reviews_85540e24-0e5a-5ffc-97e6-90b2875c357c_0', 120, 1464, 'Viven semper ego posuitat temnentes ea quae comprobis.', '2020-09-25T21:04:06.000Z', DEFAULT, NULL), ('24c9fb52-6ea2-5c2d-87f3-eb9a5682de0b', DEFAULT, DEFAULT, '5fef9e7c-116a-5504-a6ae-d16f4442d448', '5f2c632c-1003-5d3e-94f5-6085899aa359', '2025-06-08T17:56:44.796Z', '2025-06-08T19:56:44.796Z', 'Trenger en oppfriskning!', 'completed', NULL, 'pi_ensure_reviews_85540e24-0e5a-5ffc-97e6-90b2875c357c_1', 120, 1464, 'De sponte locumquam ano sentanta te, esse repelectat disputam cere ratione.', '2020-12-12T11:38:20.000Z', DEFAULT, NULL), ('400df31f-266b-5d87-9570-d8018c87191d', DEFAULT, DEFAULT, 'f14ee7a7-b3f9-561d-8cf7-983293f0008f', '5f2c632c-1003-5d3e-94f5-6085899aa359', '2025-06-23T17:56:44.796Z', '2025-06-23T19:56:44.796Z', 'Trenger en oppfriskning!', 'completed', NULL, 'pi_ensure_reviews_85540e24-0e5a-5ffc-97e6-90b2875c357c_2', 120, 1464, 'Tractatem conciliant ipsummam diu earum ex, nullo quod abunt am quo.', '2020-06-18T17:18:55.000Z', DEFAULT, NULL), ('78c7ec59-33a6-5c0c-9ae4-ef4ffda556ac', DEFAULT, DEFAULT, '71c8f57c-aae5-5ac8-8fc0-a1ff399b17b8', '5fef9e7c-116a-5504-a6ae-d16f4442d448', '2025-05-19T17:56:44.796Z', '2025-05-19T18:41:44.796Z', 'Hørt mye bra om deg!', 'completed', NULL, 'pi_ensure_reviews_2a882c6e-7824-5518-b251-1cc3d7bf2bcd_0', 45, 2390, 'Ut rerum dicanim quam quidem tes, ulatas latindus etiam si graviora sed.', '2020-02-02T13:47:10.000Z', DEFAULT, NULL), ('fb319855-99c2-5e63-9a1c-69d834671969', DEFAULT, DEFAULT, '44315cac-0a3d-513e-ae25-923183abdce2', '5fef9e7c-116a-5504-a6ae-d16f4442d448', '2025-06-14T17:56:44.796Z', '2025-06-14T18:41:44.796Z', 'Første gang jeg prøver dette!', 'completed', NULL, 'pi_ensure_reviews_2a882c6e-7824-5518-b251-1cc3d7bf2bcd_1', 45, 2390, 'Nihilla ocritudit videre dissensibus exedicar, modarenim sed eitamicus veri quidem id quas omnis.', '2020-03-07T14:29:44.000Z', DEFAULT, NULL), ('559ef705-7160-5a29-9d51-dda8ec3927f9', DEFAULT, DEFAULT, '5ac46069-d153-5b50-a0be-8a017d379243', '5fef9e7c-116a-5504-a6ae-d16f4442d448', '2025-07-30T17:56:44.796Z', '2025-07-30T18:41:44.796Z', 'Gleder meg til denne tjenesten!', 'completed', NULL, 'pi_ensure_reviews_2a882c6e-7824-5518-b251-1cc3d7bf2bcd_2', 45, 2390, 'Estia ea vel mihi allicita hoc omnino.', '2020-07-07T18:23:14.000Z', DEFAULT, NULL), ('ac09baed-daac-5409-94b0-113118763fe6', DEFAULT, DEFAULT, 'e4153ca5-d012-5995-bad4-086731587974', '5fef9e7c-116a-5504-a6ae-d16f4442d448', '2025-06-19T17:56:44.796Z', '2025-06-19T19:26:44.796Z', 'Gleder meg til denne tjenesten!', 'completed', NULL, 'pi_ensure_reviews_e7cf44d6-9f4a-5776-853b-a7a4072a5d45_0', 90, 2904, 'Hocles dici medium id metu scribeniuncul memorum defendum.', '2020-10-26T09:14:26.000Z', DEFAULT, NULL), ('502d334e-9705-5c6b-8bd9-522ad182b8e3', DEFAULT, DEFAULT, 'bc6c992f-6177-5b38-a99d-4c1f8bf2d0e3', '5fef9e7c-116a-5504-a6ae-d16f4442d448', '2025-07-08T17:56:44.796Z', '2025-07-08T19:26:44.796Z', 'Anbefalt av en venninne!', 'completed', NULL, 'pi_ensure_reviews_e7cf44d6-9f4a-5776-853b-a7a4072a5d45_1', 90, 2904, 'Sis motu hosti romane qui, per ob dilignorar ne vivendo quae a.', '2020-03-11T14:48:05.000Z', DEFAULT, NULL), ('eb4d3a88-2925-5383-aa1d-7ea00f2ef135', DEFAULT, DEFAULT, '461f046b-b8af-5c8e-95dd-0f9194531ecb', '5fef9e7c-116a-5504-a6ae-d16f4442d448', '2025-07-20T17:56:44.796Z', '2025-07-20T19:26:44.796Z', 'Hørt mye bra om deg!', 'completed', NULL, 'pi_ensure_reviews_e7cf44d6-9f4a-5776-853b-a7a4072a5d45_2', 90, 2904, 'Tum sibus eret et praeterudin est es insit.', '2020-11-15T22:27:29.000Z', DEFAULT, NULL), ('6015551e-7f95-514c-a47c-8fb5d94476ac', DEFAULT, DEFAULT, 'b36ab93a-34cf-5d2f-8309-1f65466da6f0', '5ac46069-d153-5b50-a0be-8a017d379243', '2025-06-18T17:56:44.796Z', '2025-06-18T19:26:44.796Z', 'Anbefalt av en venninne!', 'completed', NULL, 'pi_ensure_reviews_b7d36b38-fe23-5e84-a721-275f656c2211_0', 90, 1609, 'Quos theophrasti crudel es dolorator.', '2020-08-20T19:45:26.000Z', DEFAULT, NULL), ('c6e583ab-0494-5711-a18e-4b80438e96df', DEFAULT, DEFAULT, '5ca75a8e-3605-5166-aa74-4e2e2fc0beef', '5ac46069-d153-5b50-a0be-8a017d379243', '2025-07-30T17:56:44.796Z', '2025-07-30T19:26:44.796Z', 'Første gang jeg prøver dette!', 'completed', NULL, 'pi_ensure_reviews_b7d36b38-fe23-5e84-a721-275f656c2211_1', 90, 1609, 'Graeci aperate prospexit statim constituentis.', '2020-02-14T01:15:34.000Z', DEFAULT, NULL), ('a7467a3f-6049-57f0-a2e2-7c3025393f32', DEFAULT, DEFAULT, '44315cac-0a3d-513e-ae25-923183abdce2', '5ac46069-d153-5b50-a0be-8a017d379243', '2025-06-22T17:56:44.796Z', '2025-06-22T19:26:44.796Z', 'Hørt mye bra om deg!', 'completed', NULL, 'pi_ensure_reviews_b7d36b38-fe23-5e84-a721-275f656c2211_2', 90, 1609, 'Et aliqua ire ad quae desidit fuit quasi.', '2020-07-03T06:29:28.000Z', DEFAULT, NULL), ('182befa8-1653-550c-9c63-6a66b75b408b', DEFAULT, DEFAULT, 'b36ab93a-34cf-5d2f-8309-1f65466da6f0', '5f2c632c-1003-5d3e-94f5-6085899aa359', '2025-06-21T17:56:44.796Z', '2025-06-21T18:41:44.796Z', 'Anbefalt av en venninne!', 'completed', NULL, 'pi_ensure_reviews_e2a5feea-e90d-5eb7-9c72-fef6ba325faf_0', 45, 1759, 'Aliena afferatur ne modo optimi, mediocritum magnum fortitio vulgo pedita pertineantur ipsa decoristim.', '2020-08-20T07:16:32.000Z', DEFAULT, NULL), ('d82cb8b6-fe7c-5c3b-a31b-fb4a2ca0c19e', DEFAULT, DEFAULT, 'b36ab93a-34cf-5d2f-8309-1f65466da6f0', '5f2c632c-1003-5d3e-94f5-6085899aa359', '2025-06-26T17:56:44.796Z', '2025-06-26T18:41:44.796Z', 'Første gang jeg prøver dette!', 'completed', NULL, 'pi_ensure_reviews_e2a5feea-e90d-5eb7-9c72-fef6ba325faf_1', 45, 1759, 'Inest sequentium ant odioque bene miseriuntque didis non, suapte voluptate solum voluptatum autem ut vel.', '2020-11-07T11:08:50.000Z', DEFAULT, NULL), ('32be9a54-ed8a-5d8a-a3e8-179009027ba6', DEFAULT, DEFAULT, 'b36ab93a-34cf-5d2f-8309-1f65466da6f0', '5f2c632c-1003-5d3e-94f5-6085899aa359', '2025-08-01T17:56:44.796Z', '2025-08-01T18:41:44.796Z', 'Første gang jeg prøver dette!', 'completed', NULL, 'pi_ensure_reviews_e2a5feea-e90d-5eb7-9c72-fef6ba325faf_2', 45, 1759, 'Qui quot pluribus aut ophiae erignavi, autem facererab levistotum ut qui et.', '2020-01-05T12:03:27.000Z', DEFAULT, NULL), ('e671edcd-2f49-576b-885e-a1232c2acb1d', DEFAULT, DEFAULT, '12b3f6e4-8e09-5767-b1ce-9d45589acea2', '815c84a1-9088-5e6f-b1ab-0853285c0e5d', '2025-07-22T17:56:44.796Z', '2025-07-22T18:56:44.796Z', 'Første gang jeg prøver dette!', 'completed', NULL, 'pi_ensure_reviews_aa0cf64c-2fee-545b-8b01-85b1642cc444_0', 60, 1764, 'Omni entanta iudicium et elis bonore iucunde, latinferen cum confidem liberandi facet epicos infinirac.', '2020-05-25T04:52:18.000Z', DEFAULT, NULL), ('628246ee-c060-50d4-8d31-61ef547f175b', DEFAULT, DEFAULT, '5ca75a8e-3605-5166-aa74-4e2e2fc0beef', '815c84a1-9088-5e6f-b1ab-0853285c0e5d', '2025-06-14T17:56:44.796Z', '2025-06-14T18:56:44.796Z', 'Hørt mye bra om deg!', 'completed', NULL, 'pi_ensure_reviews_aa0cf64c-2fee-545b-8b01-85b1642cc444_1', 60, 1764, 'Legant et vitium idieque ipso aut, consequit inquam sent ine nasci cumque sapiena.', '2020-07-03T18:31:40.000Z', DEFAULT, NULL), ('61b8394e-e691-594e-a97f-43dea6f5ac9b', DEFAULT, DEFAULT, 'e4153ca5-d012-5995-bad4-086731587974', '815c84a1-9088-5e6f-b1ab-0853285c0e5d', '2025-08-09T17:56:44.796Z', '2025-08-09T18:56:44.796Z', 'Trenger en oppfriskning!', 'completed', NULL, 'pi_ensure_reviews_aa0cf64c-2fee-545b-8b01-85b1642cc444_2', 60, 1764, 'In sapiendam anim nihilla epicosop etiam dolorum sponte.', '2020-04-28T03:27:21.000Z', DEFAULT, NULL), ('aea34256-92ac-592b-9228-2eb1ac6ab439', DEFAULT, DEFAULT, 'bc6c992f-6177-5b38-a99d-4c1f8bf2d0e3', 'e4153ca5-d012-5995-bad4-086731587974', '2025-07-04T17:56:44.796Z', '2025-07-04T18:56:44.796Z', 'Anbefalt av en venninne!', 'completed', NULL, 'pi_ensure_reviews_6a4cd26c-3e74-5e66-8c9d-0a43c0d89298_0', 60, 1057, 'Ennius qui epicur probito accomplexion tria estum scribi, occultari alii dicebitur poteste cum estia cum expressas.', '2020-10-26T09:10:14.000Z', DEFAULT, NULL), ('dad8ca31-283f-530b-9637-3f31fd2bfdf5', DEFAULT, DEFAULT, '71c8f57c-aae5-5ac8-8fc0-a1ff399b17b8', 'e4153ca5-d012-5995-bad4-086731587974', '2025-06-22T17:56:44.796Z', '2025-06-22T18:56:44.796Z', 'Anbefalt av en venninne!', 'completed', NULL, 'pi_ensure_reviews_6a4cd26c-3e74-5e66-8c9d-0a43c0d89298_1', 60, 1057, 'Maximi videnimus parte ore affert quae falso, an minorumque de osophorreat fugiendam.', '2020-08-08T07:13:04.000Z', DEFAULT, NULL), ('0aa14575-8b1a-581d-b9ff-bc7cc3f73d5e', DEFAULT, DEFAULT, '461f046b-b8af-5c8e-95dd-0f9194531ecb', 'e4153ca5-d012-5995-bad4-086731587974', '2025-08-08T17:56:44.796Z', '2025-08-08T18:56:44.796Z', 'Trenger en oppfriskning!', 'completed', NULL, 'pi_ensure_reviews_6a4cd26c-3e74-5e66-8c9d-0a43c0d89298_2', 60, 1057, 'In eros eo ille quaeque, munercitat are firmittenet natur sensibi refermissum est.', '2020-04-08T03:24:20.000Z', DEFAULT, NULL), ('3ab59b88-c838-50b3-b970-49b3a79c1bae', DEFAULT, DEFAULT, '815c84a1-9088-5e6f-b1ab-0853285c0e5d', 'f14ee7a7-b3f9-561d-8cf7-983293f0008f', '2025-07-20T17:56:44.796Z', '2025-07-20T18:41:44.796Z', 'Gleder meg til denne tjenesten!', 'completed', NULL, 'pi_ensure_reviews_624647d9-add1-5d7f-8000-30a3a9f0fb30_0', 45, 1010, 'Adam quantus lat rerum et sunt dicta iudicur.', '2020-07-11T19:08:17.000Z', DEFAULT, NULL), ('5afc0b02-9153-5e01-957b-193699f5b01a', DEFAULT, DEFAULT, '71c8f57c-aae5-5ac8-8fc0-a1ff399b17b8', 'f14ee7a7-b3f9-561d-8cf7-983293f0008f', '2025-06-10T17:56:44.796Z', '2025-06-10T18:41:44.796Z', 'Gleder meg til denne tjenesten!', 'completed', NULL, 'pi_ensure_reviews_624647d9-add1-5d7f-8000-30a3a9f0fb30_1', 45, 1010, 'Aut ipsa legitur a satis, autem a impetuisti quae t pars censet.', '2020-08-12T20:04:38.000Z', DEFAULT, NULL), ('8c07d701-f0d1-53e2-b376-666f992fb57d', DEFAULT, DEFAULT, '5ca75a8e-3605-5166-aa74-4e2e2fc0beef', 'f14ee7a7-b3f9-561d-8cf7-983293f0008f', '2025-07-03T17:56:44.796Z', '2025-07-03T18:41:44.796Z', 'Gleder meg til denne tjenesten!', 'completed', NULL, 'pi_ensure_reviews_624647d9-add1-5d7f-8000-30a3a9f0fb30_2', 45, 1010, 'Contentia fuisset nobis acestum vel sine fugiaturi posse.', '2020-02-02T01:45:32.000Z', DEFAULT, NULL), ('2291dc45-a621-54c9-8805-290086ee6476', DEFAULT, DEFAULT, '815c84a1-9088-5e6f-b1ab-0853285c0e5d', 'e4153ca5-d012-5995-bad4-086731587974', '2025-06-13T17:56:44.796Z', '2025-06-13T18:41:44.796Z', 'Første gang jeg prøver dette!', 'completed', NULL, 'pi_ensure_reviews_afd953ad-7147-5563-9533-021001caf7a2_0', 45, 2066, 'Opin interis sapientiam inam in, inflammatur rem deorum rem quam etiam ut ere.', '2020-07-27T06:10:17.000Z', DEFAULT, NULL), ('77275129-3fbe-5360-a268-318d24a33428', DEFAULT, DEFAULT, '5fef9e7c-116a-5504-a6ae-d16f4442d448', 'e4153ca5-d012-5995-bad4-086731587974', '2025-07-19T17:56:44.796Z', '2025-07-19T18:41:44.796Z', 'Trenger en oppfriskning!', 'completed', NULL, 'pi_ensure_reviews_afd953ad-7147-5563-9533-021001caf7a2_1', 45, 2066, 'Il cognominsat volueris nisi comparvam satis si corrupte.', '2020-02-14T13:19:24.000Z', DEFAULT, NULL), ('1e3eb039-3d33-5347-bfa1-6c37add72a03', DEFAULT, DEFAULT, '5fef9e7c-116a-5504-a6ae-d16f4442d448', 'e4153ca5-d012-5995-bad4-086731587974', '2025-06-28T17:56:44.796Z', '2025-06-28T18:41:44.796Z', 'Gleder meg til denne tjenesten!', 'completed', NULL, 'pi_ensure_reviews_afd953ad-7147-5563-9533-021001caf7a2_2', 45, 2066, 'Sequi quidem tibus conscientia homin tamenim fruuntur partem, et salut mundus et omnisi posse sunt.', '2020-09-05T20:24:02.000Z', DEFAULT, NULL), ('7cb508f8-f368-5775-817a-60a0a42a1c50', DEFAULT, DEFAULT, '815c84a1-9088-5e6f-b1ab-0853285c0e5d', '71c8f57c-aae5-5ac8-8fc0-a1ff399b17b8', '2025-08-15T17:56:44.796Z', '2025-08-15T19:26:44.796Z', 'Første gang jeg prøver dette!', 'completed', NULL, 'pi_ensure_reviews_14178b43-5f90-51e4-b62a-dd642da598f8_0', 90, 1242, 'Quoniam est a non et, tum estatorum ant affeci ne philosophis animo.', '2020-10-10T21:24:53.000Z', DEFAULT, NULL), ('a2e15df7-8aff-565d-a508-124d188aceb2', DEFAULT, DEFAULT, 'b36ab93a-34cf-5d2f-8309-1f65466da6f0', '71c8f57c-aae5-5ac8-8fc0-a1ff399b17b8', '2025-07-20T17:56:44.796Z', '2025-07-20T19:26:44.796Z', 'Trenger en oppfriskning!', 'completed', NULL, 'pi_ensure_reviews_14178b43-5f90-51e4-b62a-dd642da598f8_1', 90, 1242, 'Nis igit sed videmantep esse saepe iditate et.', '2020-09-05T08:47:56.000Z', DEFAULT, NULL), ('49a2eba3-d676-54fa-ab8d-59b3c5219d5f', DEFAULT, DEFAULT, '5ca75a8e-3605-5166-aa74-4e2e2fc0beef', '71c8f57c-aae5-5ac8-8fc0-a1ff399b17b8', '2025-06-05T17:56:44.796Z', '2025-06-05T19:26:44.796Z', 'Hørt mye bra om deg!', 'completed', NULL, 'pi_ensure_reviews_14178b43-5f90-51e4-b62a-dd642da598f8_2', 90, 1242, 'Lucil aret in dolorem aeque qui tradit recorum, porro libert qua censes dixi.', '2020-03-03T02:14:45.000Z', DEFAULT, NULL), ('629da396-5642-5df3-a54b-a6ab06f64d24', DEFAULT, DEFAULT, '5fef9e7c-116a-5504-a6ae-d16f4442d448', '5ac46069-d153-5b50-a0be-8a017d379243', '2025-07-19T17:56:44.796Z', '2025-07-19T19:56:44.796Z', 'Hørt mye bra om deg!', 'completed', NULL, 'pi_ensure_reviews_1d2359fd-6f1f-5243-864d-5695b37743eb_0', 120, 1634, 'Aut voluperar epicitas veniungimur suum.', '2020-04-12T15:56:47.000Z', DEFAULT, NULL), ('cfbf456c-fffa-5d83-9d7b-02b663365d0d', DEFAULT, DEFAULT, '12b3f6e4-8e09-5767-b1ce-9d45589acea2', '5ac46069-d153-5b50-a0be-8a017d379243', '2025-07-24T17:56:44.796Z', '2025-07-24T19:56:44.796Z', 'Gleder meg til denne tjenesten!', 'completed', NULL, 'pi_ensure_reviews_1d2359fd-6f1f-5243-864d-5695b37743eb_1', 120, 1634, 'Quae id enimagat et eque latur sed ignavi, esse discorruptis arte tum opere.', '2020-07-27T18:30:54.000Z', DEFAULT, NULL), ('5d480a3d-bafa-5f11-aa7a-c44516797b05', DEFAULT, DEFAULT, '8bb5337a-4ae8-5fe9-834c-d09e97c220b7', '5ac46069-d153-5b50-a0be-8a017d379243', '2025-07-13T17:56:44.796Z', '2025-07-13T19:56:44.796Z', 'Gleder meg til denne tjenesten!', 'completed', NULL, 'pi_ensure_reviews_1d2359fd-6f1f-5243-864d-5695b37743eb_2', 120, 1634, 'Quem naturus sine familita atibus et extremum sunt.', '2020-10-22T09:35:06.000Z', DEFAULT, NULL), ('ae1e162f-83ec-5de2-83c5-26cd0c727790', DEFAULT, DEFAULT, '12b3f6e4-8e09-5767-b1ce-9d45589acea2', '44315cac-0a3d-513e-ae25-923183abdce2', '2025-05-21T17:56:44.796Z', '2025-05-21T20:26:44.796Z', 'Gleder meg til denne tjenesten!', 'completed', NULL, 'pi_ensure_reviews_2a5d49d3-142c-57e5-9270-678f4722bb75_0', 150, 2743, 'Atomnisi praeclaranum quae confidem quo id voluptatem et.', '2020-08-28T19:53:50.000Z', DEFAULT, NULL), ('167bb8c1-0239-5bc2-ab68-47a099019ef9', DEFAULT, DEFAULT, '5ac46069-d153-5b50-a0be-8a017d379243', '44315cac-0a3d-513e-ae25-923183abdce2', '2025-07-29T17:56:44.796Z', '2025-07-29T20:26:44.796Z', 'Trenger en oppfriskning!', 'completed', NULL, 'pi_ensure_reviews_2a5d49d3-142c-57e5-9270-678f4722bb75_1', 150, 2743, 'Futur molest fortunt et causam careriet.', '2020-07-19T19:10:10.000Z', DEFAULT, NULL), ('38ac3bca-a359-55b2-a590-2c3e8974e76b', DEFAULT, DEFAULT, '5ca75a8e-3605-5166-aa74-4e2e2fc0beef', '44315cac-0a3d-513e-ae25-923183abdce2', '2025-07-30T17:56:44.796Z', '2025-07-30T20:26:44.796Z', 'Trenger en oppfriskning!', 'completed', NULL, 'pi_ensure_reviews_2a5d49d3-142c-57e5-9270-678f4722bb75_2', 150, 2743, 'Liberitas plura vel dissentiunt officit, modo ere libere histores crudeli voluptas quod.', '2020-02-26T13:15:31.000Z', DEFAULT, NULL), ('4886593c-3dcc-5e25-851d-68921cb7fdc4', DEFAULT, DEFAULT, '5ac46069-d153-5b50-a0be-8a017d379243', 'e4153ca5-d012-5995-bad4-086731587974', '2025-06-13T17:56:44.796Z', '2025-06-13T19:11:44.796Z', 'Hørt mye bra om deg!', 'completed', NULL, 'pi_ensure_reviews_b50cd102-29cf-5eae-88fc-400d1de89af3_0', 75, 1352, 'Desidita autem aequum sed delecorum es non es.', '2020-10-02T10:07:24.000Z', DEFAULT, NULL), ('d7cdbfde-1ec1-58fd-8925-c5e65184bee3', DEFAULT, DEFAULT, 'f14ee7a7-b3f9-561d-8cf7-983293f0008f', 'e4153ca5-d012-5995-bad4-086731587974', '2025-06-30T17:56:44.796Z', '2025-06-30T19:11:44.796Z', 'Hørt mye bra om deg!', 'completed', NULL, 'pi_ensure_reviews_b50cd102-29cf-5eae-88fc-400d1de89af3_1', 75, 1352, 'Idinquit eidoli aperaliq modo nec meliustitud, ernumerier contempernar prospercur o labor are torumque linat.', '2020-11-23T10:38:55.000Z', DEFAULT, NULL), ('671c52b5-fac6-5050-9fb6-7e0f85b67fe9', DEFAULT, DEFAULT, '44315cac-0a3d-513e-ae25-923183abdce2', 'e4153ca5-d012-5995-bad4-086731587974', '2025-05-21T17:56:44.796Z', '2025-05-21T19:11:44.796Z', 'Hørt mye bra om deg!', 'completed', NULL, 'pi_ensure_reviews_b50cd102-29cf-5eae-88fc-400d1de89af3_2', 75, 1352, 'Quam possit ferre ex quae ullam iudicur in.', '2020-11-03T23:01:11.000Z', DEFAULT, NULL), ('5e0c9dda-4472-5d85-ab0b-f4b21b1629ce', DEFAULT, DEFAULT, '8bb5337a-4ae8-5fe9-834c-d09e97c220b7', '44315cac-0a3d-513e-ae25-923183abdce2', '2025-07-19T17:56:44.796Z', '2025-07-19T19:56:44.796Z', 'Trenger en oppfriskning!', 'completed', NULL, 'pi_ensure_reviews_dc966564-92f1-506b-ba19-7d7bb1f740ab_0', 120, 2798, 'Non salut audiri hunc modiscunt quidem.', '2020-11-23T22:40:26.000Z', DEFAULT, NULL), ('268eeb82-5479-5ab4-86e5-db5fc182d265', DEFAULT, DEFAULT, 'f14ee7a7-b3f9-561d-8cf7-983293f0008f', '44315cac-0a3d-513e-ae25-923183abdce2', '2025-07-30T17:56:44.796Z', '2025-07-30T19:56:44.796Z', 'Hørt mye bra om deg!', 'completed', NULL, 'pi_ensure_reviews_dc966564-92f1-506b-ba19-7d7bb1f740ab_1', 120, 2798, 'At quam invitae negens necesse arbitrantur tam, status patrioque se possim non et efacut recoria.', '2020-06-18T17:25:48.000Z', DEFAULT, NULL), ('8ea25957-2a1b-54e9-8a40-494f66ba2093', DEFAULT, DEFAULT, '815c84a1-9088-5e6f-b1ab-0853285c0e5d', '44315cac-0a3d-513e-ae25-923183abdce2', '2025-07-23T17:56:44.796Z', '2025-07-23T19:56:44.796Z', 'Hørt mye bra om deg!', 'completed', NULL, 'pi_ensure_reviews_dc966564-92f1-506b-ba19-7d7bb1f740ab_2', 120, 2798, 'Nis pacem plurim videt collegit, modo sua esse debem proptereantur nullo allicebam.', '2020-07-27T18:44:19.000Z', DEFAULT, NULL), ('be0fe5d2-22eb-5d85-9963-b0cb3d98b3a2', DEFAULT, DEFAULT, '71c8f57c-aae5-5ac8-8fc0-a1ff399b17b8', 'e4153ca5-d012-5995-bad4-086731587974', '2025-08-13T17:56:44.796Z', '2025-08-13T19:56:44.796Z', 'Trenger en oppfriskning!', 'completed', NULL, 'pi_ensure_reviews_17e51b1a-6cc8-5fb8-a298-f35c9601008c_0', 120, 1117, 'Satis constituentiam grate sensibus qui, videat iudicos evola sed quam se.', '2020-01-01T00:28:47.000Z', DEFAULT, NULL), ('9036874d-3e4a-5f3f-8567-eb23942b502a', DEFAULT, DEFAULT, '5fef9e7c-116a-5504-a6ae-d16f4442d448', 'e4153ca5-d012-5995-bad4-086731587974', '2025-07-26T17:56:44.796Z', '2025-07-26T19:56:44.796Z', 'Første gang jeg prøver dette!', 'completed', NULL, 'pi_ensure_reviews_17e51b1a-6cc8-5fb8-a298-f35c9601008c_1', 120, 1117, 'Sapientiamus animo eo torquentur qui indus quorum nihilla, non propter qui rutil tota bonum sed mucius.', '2020-10-22T09:52:07.000Z', DEFAULT, NULL), ('985b7ce9-d3ec-5495-98d7-2d95d527e9a2', DEFAULT, DEFAULT, 'bc6c992f-6177-5b38-a99d-4c1f8bf2d0e3', 'e4153ca5-d012-5995-bad4-086731587974', '2025-06-09T17:56:44.796Z', '2025-06-09T19:56:44.796Z', 'Første gang jeg prøver dette!', 'completed', NULL, 'pi_ensure_reviews_17e51b1a-6cc8-5fb8-a298-f35c9601008c_2', 120, 1117, 'Etiam acut est et quo am, liberante tum quod duxitiae vidiae sed ut.', '2020-12-13T00:03:17.000Z', DEFAULT, NULL), ('1f95150b-8c10-5071-a75b-95843ec1fec0', DEFAULT, DEFAULT, '12b3f6e4-8e09-5767-b1ce-9d45589acea2', '5ac46069-d153-5b50-a0be-8a017d379243', '2025-07-21T17:56:44.796Z', '2025-07-21T20:26:44.796Z', 'Første gang jeg prøver dette!', 'completed', NULL, 'pi_ensure_reviews_22bf4307-d5a9-538a-bcf4-909f5a7e33dc_0', 150, 2164, 'Fallara significar iudicium numquam nihilludus, a escenses splendorum actet futurnumquam et equos quaerentibi.', '2020-04-04T04:06:13.000Z', DEFAULT, NULL), ('4310a90b-b230-575f-8ae3-f5f0ee53ef61', DEFAULT, DEFAULT, '8bb5337a-4ae8-5fe9-834c-d09e97c220b7', '5ac46069-d153-5b50-a0be-8a017d379243', '2025-06-09T17:56:44.796Z', '2025-06-09T20:26:44.796Z', 'Trenger en oppfriskning!', 'completed', NULL, 'pi_ensure_reviews_22bf4307-d5a9-538a-bcf4-909f5a7e33dc_1', 150, 2164, 'Familla ime motum nostram hoc quae ferri.', '2020-07-03T18:42:51.000Z', DEFAULT, NULL), ('95e1a472-70f5-566e-9a37-565b89047231', DEFAULT, DEFAULT, 'bc6c992f-6177-5b38-a99d-4c1f8bf2d0e3', '5ac46069-d153-5b50-a0be-8a017d379243', '2025-07-17T17:56:44.796Z', '2025-07-17T20:26:44.796Z', 'Gleder meg til denne tjenesten!', 'completed', NULL, 'pi_ensure_reviews_22bf4307-d5a9-538a-bcf4-909f5a7e33dc_2', 150, 2164, 'Sin de magnitudin voluptas es maluisse sunt.', '2020-01-25T00:39:27.000Z', DEFAULT, NULL), ('8ffd0322-9772-54d9-9e42-a2de4fb73e47', DEFAULT, DEFAULT, 'b36ab93a-34cf-5d2f-8309-1f65466da6f0', '5fef9e7c-116a-5504-a6ae-d16f4442d448', '2025-07-22T17:56:44.796Z', '2025-07-22T19:26:44.796Z', 'Første gang jeg prøver dette!', 'completed', NULL, 'pi_ensure_reviews_cce76ede-998c-52d2-903b-cbf19c7747a8_0', 90, 1889, 'Ad tum effectus propter malis et.', '2020-07-03T18:52:11.000Z', DEFAULT, NULL), ('7f54acc6-2b4b-599e-8726-dc583d90ae46', DEFAULT, DEFAULT, '12b3f6e4-8e09-5767-b1ce-9d45589acea2', '5fef9e7c-116a-5504-a6ae-d16f4442d448', '2025-07-02T17:56:44.796Z', '2025-07-02T19:26:44.796Z', 'Første gang jeg prøver dette!', 'completed', NULL, 'pi_ensure_reviews_cce76ede-998c-52d2-903b-cbf19c7747a8_1', 90, 1889, 'Quo familitat re hominam e.', '2020-02-14T01:10:12.000Z', DEFAULT, NULL), ('33ffa9c3-ca36-5b78-b12d-214fe1a8dad7', DEFAULT, DEFAULT, '71c8f57c-aae5-5ac8-8fc0-a1ff399b17b8', '5fef9e7c-116a-5504-a6ae-d16f4442d448', '2025-08-14T17:56:44.796Z', '2025-08-14T19:26:44.796Z', 'Hørt mye bra om deg!', 'completed', NULL, 'pi_ensure_reviews_cce76ede-998c-52d2-903b-cbf19c7747a8_2', 90, 1889, 'Placet inem quidem voluptas labita nec imamicis expetator, is possit praetullius iderition multa philosophia se quam.', '2020-07-03T18:22:07.000Z', DEFAULT, NULL), ('1bfc2178-cff2-5745-ad80-b4fe1ce50c45', DEFAULT, DEFAULT, '44315cac-0a3d-513e-ae25-923183abdce2', '8bb5337a-4ae8-5fe9-834c-d09e97c220b7', '2025-08-09T17:56:44.796Z', '2025-08-09T19:11:44.796Z', 'Hørt mye bra om deg!', 'completed', NULL, 'pi_ensure_reviews_a880eacd-2ef3-5f96-a387-1e4129739d58_0', 75, 2494, 'Omnium praeclaranes principaver haec missummum et hanc.', '2020-03-03T02:18:28.000Z', DEFAULT, NULL), ('7f5c2f52-a4a6-57bf-81b1-39489da80ff7', DEFAULT, DEFAULT, '44315cac-0a3d-513e-ae25-923183abdce2', '8bb5337a-4ae8-5fe9-834c-d09e97c220b7', '2025-06-11T17:56:44.796Z', '2025-06-11T19:11:44.796Z', 'Hørt mye bra om deg!', 'completed', NULL, 'pi_ensure_reviews_a880eacd-2ef3-5f96-a387-1e4129739d58_1', 75, 2494, 'Beatam de amur sensibus eorum endiscorpor en graecis.', '2020-01-01T12:48:42.000Z', DEFAULT, NULL), ('6b65a798-70f0-57e7-aaaa-82272d343b62', DEFAULT, DEFAULT, 'f14ee7a7-b3f9-561d-8cf7-983293f0008f', '8bb5337a-4ae8-5fe9-834c-d09e97c220b7', '2025-06-24T17:56:44.796Z', '2025-06-24T19:11:44.796Z', 'Første gang jeg prøver dette!', 'completed', NULL, 'pi_ensure_reviews_a880eacd-2ef3-5f96-a387-1e4129739d58_2', 75, 2494, 'Nobisse quo nostra assumma quo videant summum, adminus ad cognitione etura in.', '2020-09-13T08:30:35.000Z', DEFAULT, NULL), ('a37a9a99-a3cf-5044-97af-487eac94f3e3', DEFAULT, DEFAULT, '5f2c632c-1003-5d3e-94f5-6085899aa359', '8bb5337a-4ae8-5fe9-834c-d09e97c220b7', '2025-07-14T17:56:44.796Z', '2025-07-14T19:26:44.796Z', 'Hørt mye bra om deg!', 'completed', NULL, 'pi_ensure_reviews_cc8895a3-c3b1-570a-9715-0e5f7037db58_0', 90, 2878, 'Verum puerilem alia aut hanc.', '2020-01-13T12:59:10.000Z', DEFAULT, NULL), ('045d156f-4834-56dd-8547-62080662d37e', DEFAULT, DEFAULT, 'e4153ca5-d012-5995-bad4-086731587974', '8bb5337a-4ae8-5fe9-834c-d09e97c220b7', '2025-08-15T17:56:44.796Z', '2025-08-15T19:26:44.796Z', 'Anbefalt av en venninne!', 'completed', NULL, 'pi_ensure_reviews_cc8895a3-c3b1-570a-9715-0e5f7037db58_1', 90, 2878, 'Maior quem medium magnumquam os dubit bono.', '2020-04-24T15:38:42.000Z', DEFAULT, NULL), ('fb55fc65-6578-5578-991f-494da8d34db0', DEFAULT, DEFAULT, '44315cac-0a3d-513e-ae25-923183abdce2', '8bb5337a-4ae8-5fe9-834c-d09e97c220b7', '2025-08-12T17:56:44.796Z', '2025-08-12T19:26:44.796Z', 'Hørt mye bra om deg!', 'completed', NULL, 'pi_ensure_reviews_cc8895a3-c3b1-570a-9715-0e5f7037db58_2', 90, 2878, 'Multo tum artes a quo quidam es.', '2020-07-07T19:06:07.000Z', DEFAULT, NULL), ('ca7cbbfb-56e5-5e88-9e5a-3dd56ea6e170', DEFAULT, DEFAULT, 'bc6c992f-6177-5b38-a99d-4c1f8bf2d0e3', '5fef9e7c-116a-5504-a6ae-d16f4442d448', '2025-07-16T17:56:44.796Z', '2025-07-16T20:26:44.796Z', 'Gleder meg til denne tjenesten!', 'completed', NULL, 'pi_ensure_reviews_db7cae9b-8f33-58bd-9446-2b7e4f35612c_0', 150, 2266, 'Sunt latinanes tota ant fugientia, philosoper ut quasi mortali et.', '2020-12-24T11:51:35.000Z', DEFAULT, NULL), ('8d5d5e2c-a9f4-5251-8dbd-ec81770fc3a2', DEFAULT, DEFAULT, '461f046b-b8af-5c8e-95dd-0f9194531ecb', '5fef9e7c-116a-5504-a6ae-d16f4442d448', '2025-05-28T17:56:44.796Z', '2025-05-28T20:26:44.796Z', 'Første gang jeg prøver dette!', 'completed', NULL, 'pi_ensure_reviews_db7cae9b-8f33-58bd-9446-2b7e4f35612c_1', 150, 2266, 'Ata bonum suscipavis dicatio habetiam, recte in esse int laetiti extremum animi ferebiti.', '2020-05-05T16:21:40.000Z', DEFAULT, NULL), ('f07d0a38-b3b8-5f88-b80b-972fd5ee4763', DEFAULT, DEFAULT, '815c84a1-9088-5e6f-b1ab-0853285c0e5d', '5fef9e7c-116a-5504-a6ae-d16f4442d448', '2025-08-04T17:56:44.796Z', '2025-08-04T20:26:44.796Z', 'Gleder meg til denne tjenesten!', 'completed', NULL, 'pi_ensure_reviews_db7cae9b-8f33-58bd-9446-2b7e4f35612c_2', 150, 2266, 'Est pleniora siliis desperpeten habuit si uta, reprehent dolorum natur efacri est sequatur afferre.', '2020-07-11T06:17:29.000Z', DEFAULT, NULL), ('670c5a82-2575-5bbb-bae0-7a4cb31765f7', DEFAULT, DEFAULT, '44315cac-0a3d-513e-ae25-923183abdce2', 'f14ee7a7-b3f9-561d-8cf7-983293f0008f', '2025-07-06T17:56:44.796Z', '2025-07-06T18:56:44.796Z', 'Trenger en oppfriskning!', 'completed', NULL, 'pi_ensure_reviews_bfada96a-f22b-520d-a8a5-2a69720d77cb_0', 60, 2198, 'Stoicosamic quae voluptatib detere qui libris putet, mihi are e de nati dente.', '2020-08-24T19:25:06.000Z', DEFAULT, NULL), ('196de7b8-6b30-5b8e-b6ae-610220a6a7e5', DEFAULT, DEFAULT, '8bb5337a-4ae8-5fe9-834c-d09e97c220b7', 'f14ee7a7-b3f9-561d-8cf7-983293f0008f', '2025-05-24T17:56:44.796Z', '2025-05-24T18:56:44.796Z', 'Første gang jeg prøver dette!', 'completed', NULL, 'pi_ensure_reviews_bfada96a-f22b-520d-a8a5-2a69720d77cb_1', 60, 2198, 'Esse esque quis pacuvii cum quidem quae, omoriant ab cognitioque ceri dixeret te consequatur si.', '2020-07-03T06:23:52.000Z', DEFAULT, NULL), ('7a127187-e6ea-5b7c-9a39-9a5693629451', DEFAULT, DEFAULT, '12b3f6e4-8e09-5767-b1ce-9d45589acea2', 'f14ee7a7-b3f9-561d-8cf7-983293f0008f', '2025-07-09T17:56:44.796Z', '2025-07-09T18:56:44.796Z', 'Gleder meg til denne tjenesten!', 'completed', NULL, 'pi_ensure_reviews_bfada96a-f22b-520d-a8a5-2a69720d77cb_2', 60, 2198, 'Saepe potiora et benivolum quid idemur satis, vult refere iucuntur seritatus videtria et.', '2020-12-08T23:46:19.000Z', DEFAULT, NULL), ('451deed9-9699-5bf0-9606-d1dcd7e2f17a', DEFAULT, DEFAULT, '5ca75a8e-3605-5166-aa74-4e2e2fc0beef', '44315cac-0a3d-513e-ae25-923183abdce2', '2025-07-16T17:56:44.796Z', '2025-07-16T19:26:44.796Z', 'Anbefalt av en venninne!', 'completed', NULL, 'pi_ensure_reviews_b7cfbb6f-5f3b-51a2-8f67-556f8e8bb547_0', 90, 1457, 'Hic adhibenta ut parvam sin semellatin.', '2020-06-18T05:56:19.000Z', DEFAULT, NULL), ('6e9eebf9-3d1e-5731-98cd-529e47ff94c5', DEFAULT, DEFAULT, '5ca75a8e-3605-5166-aa74-4e2e2fc0beef', '44315cac-0a3d-513e-ae25-923183abdce2', '2025-05-22T17:56:44.796Z', '2025-05-22T19:26:44.796Z', 'Trenger en oppfriskning!', 'completed', NULL, 'pi_ensure_reviews_b7cfbb6f-5f3b-51a2-8f67-556f8e8bb547_1', 90, 1457, 'Quae et rerum male est moveat explentur in.', '2020-06-02T05:20:03.000Z', DEFAULT, NULL), ('a1ee6d81-d228-5731-b0e8-bd4cef8842c9', DEFAULT, DEFAULT, '815c84a1-9088-5e6f-b1ab-0853285c0e5d', '44315cac-0a3d-513e-ae25-923183abdce2', '2025-06-23T17:56:44.796Z', '2025-06-23T19:26:44.796Z', 'Anbefalt av en venninne!', 'completed', NULL, 'pi_ensure_reviews_b7cfbb6f-5f3b-51a2-8f67-556f8e8bb547_2', 90, 1457, 'Discorportar domus suo quid aut venere, voluptatem ut qua quibus alterum.', '2020-10-18T21:33:45.000Z', DEFAULT, NULL), ('a223d4b5-a17c-548e-9783-0092cad1dc97', DEFAULT, DEFAULT, '5f2c632c-1003-5d3e-94f5-6085899aa359', '815c84a1-9088-5e6f-b1ab-0853285c0e5d', '2025-08-09T17:56:44.796Z', '2025-08-09T20:26:44.796Z', 'Første gang jeg prøver dette!', 'completed', NULL, 'pi_ensure_reviews_ecbea8f6-b213-57b5-811c-b7261694ffa4_0', 150, 1670, 'Ercitat medicural si est eadem.', '2020-01-05T01:01:50.000Z', DEFAULT, NULL), ('bf37f77e-2b17-593b-a9a6-ec1408419e82', DEFAULT, DEFAULT, 'e4153ca5-d012-5995-bad4-086731587974', '815c84a1-9088-5e6f-b1ab-0853285c0e5d', '2025-06-27T17:56:44.796Z', '2025-06-27T20:26:44.796Z', 'Trenger en oppfriskning!', 'completed', NULL, 'pi_ensure_reviews_ecbea8f6-b213-57b5-811c-b7261694ffa4_1', 150, 1670, 'Adhaesione est iditur litur ipse.', '2020-10-06T09:21:19.000Z', DEFAULT, NULL), ('950f9bbb-3a39-59a4-be29-d448394b7de9', DEFAULT, DEFAULT, 'b36ab93a-34cf-5d2f-8309-1f65466da6f0', '815c84a1-9088-5e6f-b1ab-0853285c0e5d', '2025-07-01T17:56:44.796Z', '2025-07-01T20:26:44.796Z', 'Trenger en oppfriskning!', 'completed', NULL, 'pi_ensure_reviews_ecbea8f6-b213-57b5-811c-b7261694ffa4_2', 150, 1670, 'Id scriptum qui videt unt nondum tam in.', '2020-06-14T05:17:06.000Z', DEFAULT, NULL), ('7e73f1d8-2b42-5ede-92b2-0896745b2624', DEFAULT, DEFAULT, '5ca75a8e-3605-5166-aa74-4e2e2fc0beef', '8bb5337a-4ae8-5fe9-834c-d09e97c220b7', '2025-05-24T17:56:44.796Z', '2025-05-24T19:56:44.796Z', 'Anbefalt av en venninne!', 'completed', NULL, 'pi_ensure_reviews_588ce9a6-824d-5ecc-ac30-0e0629217186_0', 120, 2525, 'Non quidem cum saepe meliores iucunditur exim conteristip, de vexet conspecta uto et beatae efflorest.', '2020-02-26T13:34:38.000Z', DEFAULT, NULL), ('c86c6e48-26c2-5f7e-a9b4-88b19b9d435e', DEFAULT, DEFAULT, '815c84a1-9088-5e6f-b1ab-0853285c0e5d', '8bb5337a-4ae8-5fe9-834c-d09e97c220b7', '2025-07-12T17:56:44.796Z', '2025-07-12T19:56:44.796Z', 'Anbefalt av en venninne!', 'completed', NULL, 'pi_ensure_reviews_588ce9a6-824d-5ecc-ac30-0e0629217186_1', 120, 2525, 'Quid tum deditur ant voluptatib ut anda.', '2020-12-28T12:10:39.000Z', DEFAULT, NULL), ('e2dc76d6-927e-51a2-8824-fb4da1fbd487', DEFAULT, DEFAULT, '5f2c632c-1003-5d3e-94f5-6085899aa359', '8bb5337a-4ae8-5fe9-834c-d09e97c220b7', '2025-06-17T17:56:44.796Z', '2025-06-17T19:56:44.796Z', 'Trenger en oppfriskning!', 'completed', NULL, 'pi_ensure_reviews_588ce9a6-824d-5ecc-ac30-0e0629217186_2', 120, 2525, 'Duxit tum solendam capteturei facientia, se viam qui finitur anim inibus.', '2020-02-06T02:03:33.000Z', DEFAULT, NULL), ('9474705e-4bfc-57a1-ad65-bc8899cf85ff', DEFAULT, DEFAULT, 'f14ee7a7-b3f9-561d-8cf7-983293f0008f', 'b36ab93a-34cf-5d2f-8309-1f65466da6f0', '2025-06-09T17:56:44.796Z', '2025-06-09T19:56:44.796Z', 'Første gang jeg prøver dette!', 'completed', NULL, 'pi_ensure_reviews_0416504c-bc7d-5f0c-ac2f-94736d68799c_0', 120, 2146, 'Tam manu solidenim qui voluptate cum.', '2020-05-13T04:43:57.000Z', DEFAULT, NULL), ('5ece1b6a-f76e-5eb1-a8ed-09df82e326e0', DEFAULT, DEFAULT, 'f14ee7a7-b3f9-561d-8cf7-983293f0008f', 'b36ab93a-34cf-5d2f-8309-1f65466da6f0', '2025-07-26T17:56:44.796Z', '2025-07-26T19:56:44.796Z', 'Anbefalt av en venninne!', 'completed', NULL, 'pi_ensure_reviews_0416504c-bc7d-5f0c-ac2f-94736d68799c_1', 120, 2146, 'Atis vidia satiabil imi sunt autem.', '2020-06-18T06:01:41.000Z', DEFAULT, NULL), ('caa73d88-0ea3-5247-a72f-4ef0d8d8ff5e', DEFAULT, DEFAULT, '5fef9e7c-116a-5504-a6ae-d16f4442d448', 'b36ab93a-34cf-5d2f-8309-1f65466da6f0', '2025-06-22T17:56:44.796Z', '2025-06-22T19:56:44.796Z', 'Trenger en oppfriskning!', 'completed', NULL, 'pi_ensure_reviews_0416504c-bc7d-5f0c-ac2f-94736d68799c_2', 120, 2146, 'Dedocriter legunde ad nissimae scribeniet, prompta esse cupidin aut numquam voluptas.', '2020-01-17T12:38:57.000Z', DEFAULT, NULL), ('19a67428-af6a-594c-8021-e8a64a91be8c', DEFAULT, DEFAULT, '5ac46069-d153-5b50-a0be-8a017d379243', '5f2c632c-1003-5d3e-94f5-6085899aa359', '2025-07-30T17:56:44.796Z', '2025-07-30T19:41:44.796Z', 'Gleder meg til denne tjenesten!', 'completed', NULL, 'pi_ensure_reviews_ae095deb-f4d1-5a82-93a8-6df231b7cb4c_0', 105, 2041, 'Maiorem providerab gloriat aptis aut voluptatem.', '2020-12-08T12:03:19.000Z', DEFAULT, NULL), ('1fd13681-8263-574e-829e-48dafcabb6b1', DEFAULT, DEFAULT, '5ca75a8e-3605-5166-aa74-4e2e2fc0beef', '5f2c632c-1003-5d3e-94f5-6085899aa359', '2025-08-07T17:56:44.796Z', '2025-08-07T19:41:44.796Z', 'Anbefalt av en venninne!', 'completed', NULL, 'pi_ensure_reviews_ae095deb-f4d1-5a82-93a8-6df231b7cb4c_1', 105, 2041, 'Iudicistim etur a haec est virtutum desere.', '2020-11-19T22:19:24.000Z', DEFAULT, NULL), ('95da78f9-e37f-5f31-a3d0-8a16b81ce8f4', DEFAULT, DEFAULT, '5fef9e7c-116a-5504-a6ae-d16f4442d448', '5f2c632c-1003-5d3e-94f5-6085899aa359', '2025-06-13T17:56:44.796Z', '2025-06-13T19:41:44.796Z', 'Anbefalt av en venninne!', 'completed', NULL, 'pi_ensure_reviews_ae095deb-f4d1-5a82-93a8-6df231b7cb4c_2', 105, 2041, 'Inquam derum non cumque quae quidem, reforum erat sed factis patrius ad cere pro.', '2020-04-24T03:45:27.000Z', DEFAULT, NULL), ('e5aacc17-1571-5a32-8ecf-d6f046406d4d', DEFAULT, DEFAULT, '5f2c632c-1003-5d3e-94f5-6085899aa359', '71c8f57c-aae5-5ac8-8fc0-a1ff399b17b8', '2025-06-18T17:56:44.796Z', '2025-06-18T18:41:44.796Z', 'Første gang jeg prøver dette!', 'completed', NULL, 'pi_ensure_reviews_b341b4e7-48c7-52a0-b31a-cfc76698083a_0', 45, 1087, 'Eorum doctrina futurnumquam plurime suum doctrinisti in, quicquam loco ut meis ellenita iucunturum acutus labores.', '2020-09-21T08:56:06.000Z', DEFAULT, NULL), ('bee9f671-683f-5cf3-993b-369afded8b2c', DEFAULT, DEFAULT, '461f046b-b8af-5c8e-95dd-0f9194531ecb', '71c8f57c-aae5-5ac8-8fc0-a1ff399b17b8', '2025-05-19T17:56:44.796Z', '2025-05-19T18:41:44.796Z', 'Anbefalt av en venninne!', 'completed', NULL, 'pi_ensure_reviews_b341b4e7-48c7-52a0-b31a-cfc76698083a_1', 45, 1087, 'Ad quibus es omnes aut solem.', '2020-11-15T22:59:31.000Z', DEFAULT, NULL), ('f59f78d2-4956-5eff-85a1-4a0ff58641a0', DEFAULT, DEFAULT, '5ca75a8e-3605-5166-aa74-4e2e2fc0beef', '71c8f57c-aae5-5ac8-8fc0-a1ff399b17b8', '2025-06-28T17:56:44.796Z', '2025-06-28T18:41:44.796Z', 'Hørt mye bra om deg!', 'completed', NULL, 'pi_ensure_reviews_b341b4e7-48c7-52a0-b31a-cfc76698083a_2', 45, 1087, 'Quidnam quae civium ere ratio, epicur untur quo poetis sed status mnesare.', '2020-10-26T09:27:08.000Z', DEFAULT, NULL);
INSERT INTO public.booking_services (booking_id,service_id) VALUES ('f7f59e8d-50a5-5bac-9166-74fde365365e', '76182b33-2b88-55da-9317-c322cfc4cdb2'), ('20cc6523-2826-5a08-86f4-b908cd162229', '76182b33-2b88-55da-9317-c322cfc4cdb2'), ('fc029e26-18ee-5656-a49a-e1ac0f7a95a7', '76182b33-2b88-55da-9317-c322cfc4cdb2'), ('cbd8ff02-8d4f-51f8-91c7-78b9a57def03', 'f66c822d-c39b-5997-9fdd-1cc2906b1259'), ('4b8887f8-7f16-5cfb-a6e0-3b8df27efb93', 'f66c822d-c39b-5997-9fdd-1cc2906b1259'), ('832ed0c0-93df-5768-bb0f-9e52c787ad4c', 'f66c822d-c39b-5997-9fdd-1cc2906b1259'), ('94f81093-dd98-5a70-9230-ba01536ad6f1', '7c724ddb-a436-508b-954f-ea531f015c8e'), ('6a080678-117b-5ad0-9282-02b82dac9c28', '7c724ddb-a436-508b-954f-ea531f015c8e'), ('065bf126-facf-58cc-9162-4a6e152134fb', '7c724ddb-a436-508b-954f-ea531f015c8e'), ('0f9ae927-0606-55ac-a1ca-216698b00936', 'ee28eb0b-265a-5f31-962b-baeb03171f3b'), ('c5b90239-6e51-56d4-a465-b51ca62e8a3f', 'ee28eb0b-265a-5f31-962b-baeb03171f3b'), ('8814330b-5977-5915-87e3-b3adf4fb6f9e', 'ee28eb0b-265a-5f31-962b-baeb03171f3b'), ('deecccfd-34ec-5fb6-9dbf-3324a4506904', 'bdd1b363-ac2b-5678-88e3-3a63f4b658f4'), ('c77047c0-d8fe-5a33-b816-a1a9bc5d5596', 'bdd1b363-ac2b-5678-88e3-3a63f4b658f4'), ('754d0696-68c2-5b1a-b06e-cfac2685befd', 'bdd1b363-ac2b-5678-88e3-3a63f4b658f4'), ('9da05787-17ce-5100-9e07-e56c1a66263d', 'e00070ec-a32f-50ad-9dca-90b08b918d33'), ('c18ecb52-170b-5af2-bc08-f5fdc573bce7', 'e00070ec-a32f-50ad-9dca-90b08b918d33'), ('d5208a7c-48d8-5ee4-99ba-f8c1d23afe4a', 'e00070ec-a32f-50ad-9dca-90b08b918d33'), ('0191ca21-3fa2-56db-bd1c-1ac5e972d9c1', '14988abd-97c9-5f3a-be9a-59d5637d4463'), ('fca548b5-9611-5729-8e0e-acc9dd5f0ed8', '14988abd-97c9-5f3a-be9a-59d5637d4463'), ('0c70d227-aedd-5295-9d58-7529f3ebf944', '14988abd-97c9-5f3a-be9a-59d5637d4463'), ('a9e80b50-afe2-53f3-89bf-d7a17b2e55fe', '5d426f4d-43a7-5476-969b-4ca4336173ad'), ('ad771cce-a6d3-52fd-bdbc-8b32bb4e7bfa', '5d426f4d-43a7-5476-969b-4ca4336173ad'), ('2ce94800-3737-5f2f-93b3-360eb00ac821', '5d426f4d-43a7-5476-969b-4ca4336173ad'), ('83a31706-f5d9-5713-ba64-a2e6ce47b267', '8379c4b0-1c06-5d40-b0fc-56513422c1d8'), ('1d56ed51-0070-57fd-a3c9-68b435d8e902', '8379c4b0-1c06-5d40-b0fc-56513422c1d8'), ('92995cb3-1be4-57d8-bd8f-f34433b0cc87', '8379c4b0-1c06-5d40-b0fc-56513422c1d8'), ('eed9cca5-bd72-5a8e-be84-ea068debfae3', 'c970b6e4-e959-5586-9093-3c50e0f7ab60'), ('d78735c4-c5a9-5b7d-b842-9e0dbcbacdba', 'c970b6e4-e959-5586-9093-3c50e0f7ab60'), ('916fa7ed-652a-5b1d-b6a6-821bdb63d654', 'c970b6e4-e959-5586-9093-3c50e0f7ab60'), ('0153b8c4-6d66-5ccb-bcff-c0be0db1946e', 'f67b1d42-e134-5c10-baf6-9357f4083f61'), ('3de7397c-06a9-5f73-bfd5-50e264943ecf', 'f67b1d42-e134-5c10-baf6-9357f4083f61'), ('e805b0cc-6e2c-594e-a98a-9e2fea6f1257', 'f67b1d42-e134-5c10-baf6-9357f4083f61'), ('f4e8d4ba-0a3a-503c-96ab-96c1314d8518', '1c3cb731-ed59-5c03-891d-dd445c49271e'), ('f9184bcc-80ee-56a0-b9a1-b8dd4bce65d3', '1c3cb731-ed59-5c03-891d-dd445c49271e'), ('6a31a08e-d677-5874-9b01-9c97cc389256', '1c3cb731-ed59-5c03-891d-dd445c49271e'), ('c7267ad0-11d8-5a56-9f5f-8e04661634e1', 'a84c07d7-9cad-533f-b8cf-1e50727560c4'), ('bcd5ab7c-2264-5a8a-9262-81a4ab558a8a', 'a84c07d7-9cad-533f-b8cf-1e50727560c4'), ('e185fe90-f6d1-50e6-85c5-b3d62e664f51', 'a84c07d7-9cad-533f-b8cf-1e50727560c4'), ('9ca6a3da-e8d3-5a6f-880c-d09b77a8ec20', 'f105e82d-4f15-5b10-b687-21bb390972df'), ('b3c5c797-7b27-5ef7-9996-ff9e9e1797ee', 'f105e82d-4f15-5b10-b687-21bb390972df'), ('2a25d426-320b-5baf-8349-c72f27df402e', 'f105e82d-4f15-5b10-b687-21bb390972df'), ('8c62efa2-695a-5b16-94b8-dad312d8c9c8', 'd7664d95-3caa-5e9b-ac21-e5f97a492422'), ('7d7ba756-c614-52cf-925e-f70d46ef9956', 'd7664d95-3caa-5e9b-ac21-e5f97a492422'), ('e621bffd-4710-5736-a47b-0070b1281778', 'd7664d95-3caa-5e9b-ac21-e5f97a492422'), ('1e03c0a8-6c3c-5278-a33f-e02df619b521', 'a1a04c06-3a8f-58fb-a6ac-fd4aa9f23a92'), ('f02e243c-3c4b-5caf-a3df-addfefbce6c8', 'a1a04c06-3a8f-58fb-a6ac-fd4aa9f23a92'), ('f0f93274-5c9e-583c-b072-eb3103cebe6d', 'a1a04c06-3a8f-58fb-a6ac-fd4aa9f23a92'), ('07810b60-d912-53d9-a3ed-516c51ec4df0', 'e0c122d0-a1c6-57e5-8e5a-a275d77d69a9'), ('653c4db2-4388-5de3-80c7-497beb1577c9', 'e0c122d0-a1c6-57e5-8e5a-a275d77d69a9'), ('593d6500-ae76-53e7-b042-ec686175cd4c', 'e0c122d0-a1c6-57e5-8e5a-a275d77d69a9'), ('b5379428-29ee-5389-8bf4-85a5e516386f', 'b0111ba7-5a98-5907-ba27-3f45196d3977'), ('e93fe92b-99d3-5f88-9b3e-a3078c6677bc', 'b0111ba7-5a98-5907-ba27-3f45196d3977'), ('c3d2790b-8e51-5dfc-9436-7c2e6453e83b', 'b0111ba7-5a98-5907-ba27-3f45196d3977'), ('7bf0957a-de39-5082-9120-a7eb95bc41cd', '2a66a173-5e57-53c4-a2e0-3d491704e63c'), ('6b3261f3-3aec-5431-af81-3049e91c8732', '2a66a173-5e57-53c4-a2e0-3d491704e63c'), ('f1b75e9f-d4cc-51e6-bd2f-b5dd2821dafb', '2a66a173-5e57-53c4-a2e0-3d491704e63c'), ('3194d9e8-65a0-59fb-9646-7b8054a2c718', '17174d2b-fa53-516c-9c8f-328d1c1d0a8c'), ('d6cfae51-b0a6-56f2-a66d-8d62e39ab534', '17174d2b-fa53-516c-9c8f-328d1c1d0a8c'), ('dafd8f5a-c818-5f9f-808a-d849eb2d9250', '17174d2b-fa53-516c-9c8f-328d1c1d0a8c'), ('d1ed2573-22be-50f1-8873-043ff68ecb22', '753f481f-9fee-53c1-bef0-6fc0bcf78933'), ('3f4a098a-b9bc-5f94-b567-67f59fb8415e', '753f481f-9fee-53c1-bef0-6fc0bcf78933'), ('fe3eb8dd-080c-54ea-869a-763dec93bdab', '753f481f-9fee-53c1-bef0-6fc0bcf78933'), ('223410ff-951c-592e-800c-8467d53ec144', '6988ab5f-f1cf-533e-9e10-6250fa03d64e'), ('830e8359-c065-55f7-bbb0-45f7a648d9a5', '6988ab5f-f1cf-533e-9e10-6250fa03d64e'), ('b3e59829-b585-5650-8f6f-12125ac2f30d', '6988ab5f-f1cf-533e-9e10-6250fa03d64e'), ('80732cda-ab31-5983-a490-f8e0631c4842', '5e167626-1d66-5123-9111-b3d1d294a57b'), ('54304e32-9704-50c1-9c37-82bd24e2e2ea', '5e167626-1d66-5123-9111-b3d1d294a57b'), ('c53f1961-c738-5eac-9cf5-9d4670cd9dc3', '5e167626-1d66-5123-9111-b3d1d294a57b'), ('456c8596-5f1c-5f3e-8979-8a39c70ce4b5', '223d99f1-5c50-536e-b2f1-21ff103a026e'), ('a02defe4-bfc6-5e87-9442-795c77edab0d', '223d99f1-5c50-536e-b2f1-21ff103a026e'), ('82cd0871-cfc7-5a49-bfed-ec0d3030359c', '223d99f1-5c50-536e-b2f1-21ff103a026e'), ('2390fb56-e22a-56ca-8c95-41be66ea56f5', '85540e24-0e5a-5ffc-97e6-90b2875c357c'), ('24c9fb52-6ea2-5c2d-87f3-eb9a5682de0b', '85540e24-0e5a-5ffc-97e6-90b2875c357c'), ('400df31f-266b-5d87-9570-d8018c87191d', '85540e24-0e5a-5ffc-97e6-90b2875c357c'), ('78c7ec59-33a6-5c0c-9ae4-ef4ffda556ac', '2a882c6e-7824-5518-b251-1cc3d7bf2bcd'), ('fb319855-99c2-5e63-9a1c-69d834671969', '2a882c6e-7824-5518-b251-1cc3d7bf2bcd'), ('559ef705-7160-5a29-9d51-dda8ec3927f9', '2a882c6e-7824-5518-b251-1cc3d7bf2bcd'), ('ac09baed-daac-5409-94b0-113118763fe6', 'e7cf44d6-9f4a-5776-853b-a7a4072a5d45'), ('502d334e-9705-5c6b-8bd9-522ad182b8e3', 'e7cf44d6-9f4a-5776-853b-a7a4072a5d45'), ('eb4d3a88-2925-5383-aa1d-7ea00f2ef135', 'e7cf44d6-9f4a-5776-853b-a7a4072a5d45'), ('6015551e-7f95-514c-a47c-8fb5d94476ac', 'b7d36b38-fe23-5e84-a721-275f656c2211'), ('c6e583ab-0494-5711-a18e-4b80438e96df', 'b7d36b38-fe23-5e84-a721-275f656c2211'), ('a7467a3f-6049-57f0-a2e2-7c3025393f32', 'b7d36b38-fe23-5e84-a721-275f656c2211'), ('182befa8-1653-550c-9c63-6a66b75b408b', 'e2a5feea-e90d-5eb7-9c72-fef6ba325faf'), ('d82cb8b6-fe7c-5c3b-a31b-fb4a2ca0c19e', 'e2a5feea-e90d-5eb7-9c72-fef6ba325faf'), ('32be9a54-ed8a-5d8a-a3e8-179009027ba6', 'e2a5feea-e90d-5eb7-9c72-fef6ba325faf'), ('e671edcd-2f49-576b-885e-a1232c2acb1d', 'aa0cf64c-2fee-545b-8b01-85b1642cc444'), ('628246ee-c060-50d4-8d31-61ef547f175b', 'aa0cf64c-2fee-545b-8b01-85b1642cc444'), ('61b8394e-e691-594e-a97f-43dea6f5ac9b', 'aa0cf64c-2fee-545b-8b01-85b1642cc444'), ('aea34256-92ac-592b-9228-2eb1ac6ab439', '6a4cd26c-3e74-5e66-8c9d-0a43c0d89298'), ('dad8ca31-283f-530b-9637-3f31fd2bfdf5', '6a4cd26c-3e74-5e66-8c9d-0a43c0d89298'), ('0aa14575-8b1a-581d-b9ff-bc7cc3f73d5e', '6a4cd26c-3e74-5e66-8c9d-0a43c0d89298'), ('3ab59b88-c838-50b3-b970-49b3a79c1bae', '624647d9-add1-5d7f-8000-30a3a9f0fb30'), ('5afc0b02-9153-5e01-957b-193699f5b01a', '624647d9-add1-5d7f-8000-30a3a9f0fb30'), ('8c07d701-f0d1-53e2-b376-666f992fb57d', '624647d9-add1-5d7f-8000-30a3a9f0fb30'), ('2291dc45-a621-54c9-8805-290086ee6476', 'afd953ad-7147-5563-9533-021001caf7a2'), ('77275129-3fbe-5360-a268-318d24a33428', 'afd953ad-7147-5563-9533-021001caf7a2'), ('1e3eb039-3d33-5347-bfa1-6c37add72a03', 'afd953ad-7147-5563-9533-021001caf7a2'), ('7cb508f8-f368-5775-817a-60a0a42a1c50', '14178b43-5f90-51e4-b62a-dd642da598f8'), ('a2e15df7-8aff-565d-a508-124d188aceb2', '14178b43-5f90-51e4-b62a-dd642da598f8'), ('49a2eba3-d676-54fa-ab8d-59b3c5219d5f', '14178b43-5f90-51e4-b62a-dd642da598f8'), ('629da396-5642-5df3-a54b-a6ab06f64d24', '1d2359fd-6f1f-5243-864d-5695b37743eb'), ('cfbf456c-fffa-5d83-9d7b-02b663365d0d', '1d2359fd-6f1f-5243-864d-5695b37743eb'), ('5d480a3d-bafa-5f11-aa7a-c44516797b05', '1d2359fd-6f1f-5243-864d-5695b37743eb'), ('ae1e162f-83ec-5de2-83c5-26cd0c727790', '2a5d49d3-142c-57e5-9270-678f4722bb75'), ('167bb8c1-0239-5bc2-ab68-47a099019ef9', '2a5d49d3-142c-57e5-9270-678f4722bb75'), ('38ac3bca-a359-55b2-a590-2c3e8974e76b', '2a5d49d3-142c-57e5-9270-678f4722bb75'), ('4886593c-3dcc-5e25-851d-68921cb7fdc4', 'b50cd102-29cf-5eae-88fc-400d1de89af3'), ('d7cdbfde-1ec1-58fd-8925-c5e65184bee3', 'b50cd102-29cf-5eae-88fc-400d1de89af3'), ('671c52b5-fac6-5050-9fb6-7e0f85b67fe9', 'b50cd102-29cf-5eae-88fc-400d1de89af3'), ('5e0c9dda-4472-5d85-ab0b-f4b21b1629ce', 'dc966564-92f1-506b-ba19-7d7bb1f740ab'), ('268eeb82-5479-5ab4-86e5-db5fc182d265', 'dc966564-92f1-506b-ba19-7d7bb1f740ab'), ('8ea25957-2a1b-54e9-8a40-494f66ba2093', 'dc966564-92f1-506b-ba19-7d7bb1f740ab'), ('be0fe5d2-22eb-5d85-9963-b0cb3d98b3a2', '17e51b1a-6cc8-5fb8-a298-f35c9601008c'), ('9036874d-3e4a-5f3f-8567-eb23942b502a', '17e51b1a-6cc8-5fb8-a298-f35c9601008c'), ('985b7ce9-d3ec-5495-98d7-2d95d527e9a2', '17e51b1a-6cc8-5fb8-a298-f35c9601008c'), ('1f95150b-8c10-5071-a75b-95843ec1fec0', '22bf4307-d5a9-538a-bcf4-909f5a7e33dc'), ('4310a90b-b230-575f-8ae3-f5f0ee53ef61', '22bf4307-d5a9-538a-bcf4-909f5a7e33dc'), ('95e1a472-70f5-566e-9a37-565b89047231', '22bf4307-d5a9-538a-bcf4-909f5a7e33dc'), ('8ffd0322-9772-54d9-9e42-a2de4fb73e47', 'cce76ede-998c-52d2-903b-cbf19c7747a8'), ('7f54acc6-2b4b-599e-8726-dc583d90ae46', 'cce76ede-998c-52d2-903b-cbf19c7747a8'), ('33ffa9c3-ca36-5b78-b12d-214fe1a8dad7', 'cce76ede-998c-52d2-903b-cbf19c7747a8'), ('1bfc2178-cff2-5745-ad80-b4fe1ce50c45', 'a880eacd-2ef3-5f96-a387-1e4129739d58'), ('7f5c2f52-a4a6-57bf-81b1-39489da80ff7', 'a880eacd-2ef3-5f96-a387-1e4129739d58'), ('6b65a798-70f0-57e7-aaaa-82272d343b62', 'a880eacd-2ef3-5f96-a387-1e4129739d58'), ('a37a9a99-a3cf-5044-97af-487eac94f3e3', 'cc8895a3-c3b1-570a-9715-0e5f7037db58'), ('045d156f-4834-56dd-8547-62080662d37e', 'cc8895a3-c3b1-570a-9715-0e5f7037db58'), ('fb55fc65-6578-5578-991f-494da8d34db0', 'cc8895a3-c3b1-570a-9715-0e5f7037db58'), ('ca7cbbfb-56e5-5e88-9e5a-3dd56ea6e170', 'db7cae9b-8f33-58bd-9446-2b7e4f35612c'), ('8d5d5e2c-a9f4-5251-8dbd-ec81770fc3a2', 'db7cae9b-8f33-58bd-9446-2b7e4f35612c'), ('f07d0a38-b3b8-5f88-b80b-972fd5ee4763', 'db7cae9b-8f33-58bd-9446-2b7e4f35612c'), ('670c5a82-2575-5bbb-bae0-7a4cb31765f7', 'bfada96a-f22b-520d-a8a5-2a69720d77cb'), ('196de7b8-6b30-5b8e-b6ae-610220a6a7e5', 'bfada96a-f22b-520d-a8a5-2a69720d77cb'), ('7a127187-e6ea-5b7c-9a39-9a5693629451', 'bfada96a-f22b-520d-a8a5-2a69720d77cb'), ('451deed9-9699-5bf0-9606-d1dcd7e2f17a', 'b7cfbb6f-5f3b-51a2-8f67-556f8e8bb547'), ('6e9eebf9-3d1e-5731-98cd-529e47ff94c5', 'b7cfbb6f-5f3b-51a2-8f67-556f8e8bb547'), ('a1ee6d81-d228-5731-b0e8-bd4cef8842c9', 'b7cfbb6f-5f3b-51a2-8f67-556f8e8bb547'), ('a223d4b5-a17c-548e-9783-0092cad1dc97', 'ecbea8f6-b213-57b5-811c-b7261694ffa4'), ('bf37f77e-2b17-593b-a9a6-ec1408419e82', 'ecbea8f6-b213-57b5-811c-b7261694ffa4'), ('950f9bbb-3a39-59a4-be29-d448394b7de9', 'ecbea8f6-b213-57b5-811c-b7261694ffa4'), ('7e73f1d8-2b42-5ede-92b2-0896745b2624', '588ce9a6-824d-5ecc-ac30-0e0629217186'), ('c86c6e48-26c2-5f7e-a9b4-88b19b9d435e', '588ce9a6-824d-5ecc-ac30-0e0629217186'), ('e2dc76d6-927e-51a2-8824-fb4da1fbd487', '588ce9a6-824d-5ecc-ac30-0e0629217186'), ('9474705e-4bfc-57a1-ad65-bc8899cf85ff', '0416504c-bc7d-5f0c-ac2f-94736d68799c'), ('5ece1b6a-f76e-5eb1-a8ed-09df82e326e0', '0416504c-bc7d-5f0c-ac2f-94736d68799c'), ('caa73d88-0ea3-5247-a72f-4ef0d8d8ff5e', '0416504c-bc7d-5f0c-ac2f-94736d68799c'), ('19a67428-af6a-594c-8021-e8a64a91be8c', 'ae095deb-f4d1-5a82-93a8-6df231b7cb4c'), ('1fd13681-8263-574e-829e-48dafcabb6b1', 'ae095deb-f4d1-5a82-93a8-6df231b7cb4c'), ('95da78f9-e37f-5f31-a3d0-8a16b81ce8f4', 'ae095deb-f4d1-5a82-93a8-6df231b7cb4c'), ('e5aacc17-1571-5a32-8ecf-d6f046406d4d', 'b341b4e7-48c7-52a0-b31a-cfc76698083a'), ('bee9f671-683f-5cf3-993b-369afded8b2c', 'b341b4e7-48c7-52a0-b31a-cfc76698083a'), ('f59f78d2-4956-5eff-85a1-4a0ff58641a0', 'b341b4e7-48c7-52a0-b31a-cfc76698083a');
-- Error creating additional reviews: seed.reviews is not a function
-- Skipping additional reviews...
-- Total reviews created: 153
-- Successfully seeded database with reviews and ratings!
-- Test accounts:
--   Customer 1: kari.nordmann@example.com (6 bookings)
--   Customer 2: ole.hansen@example.com (2 bookings)
--   All stylists have reviews both received and written
--   Total reviews: 153
--   Every published service has at least 3 reviews
-- 
-- Cron Job Testing:
--   Added 3 chat messages older than 5 years for cleanup testing
--   Test endpoint: GET /api/cron/cleanup-old-messages
--   Remember to set CRON_SECRET environment variable
