INSERT INTO public.service_categories (id,name,parent_category_id,description) VALUES ('774d6a93-1a7a-59f0-b70f-9b0cccb98376', 'Hår', NULL, 'Hårtjenester inkludert klipp, farge og styling'), ('40613055-bb54-561d-9553-1fee5ba0e651', 'Negler', NULL, 'Manikyr, pedikyr og negledesign'), ('a1b8b547-cac9-5eef-87c4-eb2759d940ae', 'Makeup', NULL, 'Profesjonell makeup for alle anledninger'), ('079569b3-a55d-55e1-975d-b26972bc6ec6', 'Bryn & Vipper', NULL, 'Forming av bryn og vippeextensions'), ('48d376e0-21ce-5ed7-b7bc-26086c834c23', 'Bryllup', NULL, 'Spesialtjenester for bryllup');
INSERT INTO public.service_categories (id,name,parent_category_id,description) VALUES ('8b9acf0f-1e59-575c-8539-e1b41ada88c8', 'Herreklipp', NULL, 'Klipp og styling for menn'), ('0ec9257e-284f-5a2d-b768-ee9c1e056c43', 'Dameklipp', NULL, 'Klipp og styling for damer'), ('8a0318a1-1626-585e-839f-0e881f24edd2', 'Farge & Striper', NULL, 'Hårfarge, striper og balayage'), ('0af81dd5-c20a-54cb-9ab7-0de1259a4a46', 'Gellack', NULL, 'Holdbar gellakk manikyr'), ('fc3ffaa5-5262-5b4f-a287-30c465b44480', 'Negleextensions', NULL, 'Forlengelse av negler'), ('6c6f1199-278a-5664-988f-1292e2cae64b', 'Dagsmakeup', NULL, 'Naturlig makeup for hverdagen'), ('5ddde919-1114-53e9-a4c0-dc2145920408', 'Festmakeup', NULL, 'Glamorøs makeup for spesielle anledninger'), ('17f95600-eff1-5970-a211-d8e83a29ea50', 'Vippeextensions', NULL, 'Profesjonelle vippeextensions'), ('b3f2d1e0-2855-5597-a47f-1b112e22270b', 'Brynslaminering', NULL, 'Laminering og forming av bryn'), ('9c628742-bfcd-5d58-a89d-628582c258c7', 'Brudemakeup', NULL, 'Spesialmakeup for bruden'), ('4359c682-2693-5b27-afb1-0113f84759e2', 'Brudefrisyre', NULL, 'Frisyre for bruden');
UPDATE public.service_categories SET parent_category_id = '774d6a93-1a7a-59f0-b70f-9b0cccb98376' WHERE id = '8b9acf0f-1e59-575c-8539-e1b41ada88c8';
UPDATE public.service_categories SET parent_category_id = '774d6a93-1a7a-59f0-b70f-9b0cccb98376' WHERE id = '0ec9257e-284f-5a2d-b768-ee9c1e056c43';
UPDATE public.service_categories SET parent_category_id = '774d6a93-1a7a-59f0-b70f-9b0cccb98376' WHERE id = '8a0318a1-1626-585e-839f-0e881f24edd2';
UPDATE public.service_categories SET parent_category_id = '40613055-bb54-561d-9553-1fee5ba0e651' WHERE id = '0af81dd5-c20a-54cb-9ab7-0de1259a4a46';
UPDATE public.service_categories SET parent_category_id = '40613055-bb54-561d-9553-1fee5ba0e651' WHERE id = 'fc3ffaa5-5262-5b4f-a287-30c465b44480';
UPDATE public.service_categories SET parent_category_id = 'a1b8b547-cac9-5eef-87c4-eb2759d940ae' WHERE id = '6c6f1199-278a-5664-988f-1292e2cae64b';
UPDATE public.service_categories SET parent_category_id = 'a1b8b547-cac9-5eef-87c4-eb2759d940ae' WHERE id = '5ddde919-1114-53e9-a4c0-dc2145920408';
UPDATE public.service_categories SET parent_category_id = '079569b3-a55d-55e1-975d-b26972bc6ec6' WHERE id = '17f95600-eff1-5970-a211-d8e83a29ea50';
UPDATE public.service_categories SET parent_category_id = '079569b3-a55d-55e1-975d-b26972bc6ec6' WHERE id = 'b3f2d1e0-2855-5597-a47f-1b112e22270b';
UPDATE public.service_categories SET parent_category_id = '48d376e0-21ce-5ed7-b7bc-26086c834c23' WHERE id = '9c628742-bfcd-5d58-a89d-628582c258c7';
UPDATE public.service_categories SET parent_category_id = '48d376e0-21ce-5ed7-b7bc-26086c834c23' WHERE id = '4359c682-2693-5b27-afb1-0113f84759e2';
INSERT INTO auth.users (instance_id,id,aud,role,email,encrypted_password,email_confirmed_at,invited_at,confirmation_token,confirmation_sent_at,recovery_token,recovery_sent_at,email_change_token_new,email_change,email_change_sent_at,last_sign_in_at,raw_app_meta_data,raw_user_meta_data,is_super_admin,created_at,updated_at,phone,phone_confirmed_at,phone_change,phone_change_token,phone_change_sent_at,email_change_token_current,email_change_confirm_status,banned_until,reauthentication_token,reauthentication_sent_at,is_sso_user,deleted_at,is_anonymous) VALUES ('3dcce8b2-d93e-5155-9a50-a529057e4a9a', '0f5d546a-dd80-5406-a005-a4f3061b9fb4', 'Ipsa nihil sed gaudeat successiones oreste res.', 'Nunc et maledo quid ego quia cupid apeiriantur.', 'admin@nabostylisten.no', 'Declinguam utenim voluptas si quis inpore voluptatem, et omni expetum tament esse.', '2025-08-20T11:20:31.326Z', '2020-03-07T03:00:57.000Z', 'Videant qui et restatem eas causa epicipsa.', '2020-12-28T11:35:00.000Z', 'Graecistius ab esse verum libervi, periis sit vire vitamicar voluptatem atione fortibus eo.', '2020-01-09T00:49:11.000Z', 'Concere ego nihil intellegan intera.', 'Lectorquem otis optimi sentiar legantiam scaevole.', '2020-10-02T09:19:38.000Z', '2020-08-16T19:13:05.000Z', '{"Dolorum":"Inor placet si"}', '{"full_name":"Admin User","role":"admin","phone_number":"+4712345678"}', 't', '2020-06-06T05:41:47.000Z', '2020-03-11T02:10:13.000Z', DEFAULT, '2020-03-11T02:53:19.000Z', DEFAULT, DEFAULT, '2020-12-24T11:30:02.000Z', DEFAULT, DEFAULT, '2020-06-10T05:08:46.000Z', DEFAULT, '2020-06-26T17:49:35.000Z', DEFAULT, '2020-03-23T14:25:27.000Z', DEFAULT);
INSERT INTO auth.users (instance_id,id,aud,role,email,encrypted_password,email_confirmed_at,invited_at,confirmation_token,confirmation_sent_at,recovery_token,recovery_sent_at,email_change_token_new,email_change,email_change_sent_at,last_sign_in_at,raw_app_meta_data,raw_user_meta_data,is_super_admin,created_at,updated_at,phone,phone_confirmed_at,phone_change,phone_change_token,phone_change_sent_at,email_change_token_current,email_change_confirm_status,banned_until,reauthentication_token,reauthentication_sent_at,is_sso_user,deleted_at,is_anonymous) VALUES ('364d3e98-0d21-542f-b41b-c400ba6949df', '201a57ad-3e5f-593b-903c-61b025ec68b0', 'Magni vituptate et dicunt missimus tua tolerator tereant.', 'Quantum notionem igitem concessio ante ero seiungi, peranim ano certe praesen sed leviora mediocrito tradunt.', 'maria.hansen@example.com', 'Praesent audiebamat difficiat tanta quaeque cupid.', '2025-08-20T11:20:31.329Z', '2020-09-17T20:34:16.000Z', 'Eadem inos negatesse parte int.', '2020-12-21T00:03:10.000Z', 'Est ad sed et opinquamque inem.', '2020-05-13T16:51:38.000Z', 'Peranimum ens dolorum sint benivi de est, endum ante expleniora cum metu sapiens.', 'Medici ilis gubere verum polyaeno si modum voluptatis, ut cum praeda aut bonorem maledonis epicium ingenerit.', '2020-03-23T02:25:34.000Z', '2020-08-24T07:32:20.000Z', '{"In":"Mors posuitatem"}', '{"full_name":"Maria Hansen","role":"stylist","phone_number":"+4790123456"}', 'f', '2020-08-04T07:46:06.000Z', '2020-09-05T09:09:22.000Z', DEFAULT, '2020-11-19T22:19:24.000Z', DEFAULT, DEFAULT, '2020-08-20T07:21:54.000Z', DEFAULT, DEFAULT, '2020-06-02T05:39:24.000Z', DEFAULT, '2020-06-02T17:13:53.000Z', DEFAULT, '2020-01-21T00:39:09.000Z', DEFAULT), ('a665d54d-a35f-5f57-ae81-cf11d1d36479', '84904b59-72e6-54be-8cc2-f6f36c087959', 'Melius praesenim ea tueri inquit sint epicia dolorem, nulli non ut litterum tum.', 'Levitur sit em incurrunt am nobis qui a.', 'emma.nilsen@example.com', 'Epta in quid famesse quam sum videam et, discerte fieri quod hominumquam cum ut.', '2025-08-20T11:20:31.329Z', '2020-06-06T17:31:39.000Z', 'Deniquem non anda de unias quid, offendimur modo est philos nobis tu libidenti tament.', '2020-12-08T11:33:23.000Z', 'Instructus viverudin modi nec nostra utus non.', '2020-03-27T14:27:29.000Z', 'Refere invideat legimpedit principlineam exisse molitur is gaudeat.', 'Doloreman currunt aliqui solet nis ad nis et, quae ad causa consiliis ne per.', '2020-09-17T08:58:22.000Z', '2020-09-25T08:29:30.000Z', '{"In":"Inis sicinum"}', '{"full_name":"Emma Nilsen","role":"stylist","phone_number":"+4791234567"}', 't', '2020-05-17T16:56:22.000Z', '2020-10-22T09:23:27.000Z', DEFAULT, '2020-06-02T17:17:23.000Z', DEFAULT, DEFAULT, '2020-08-20T07:46:28.000Z', DEFAULT, DEFAULT, '2020-06-10T05:59:34.000Z', DEFAULT, '2020-01-13T12:31:12.000Z', DEFAULT, '2020-04-12T03:18:56.000Z', DEFAULT), ('163b8d96-41c7-56b0-b1c5-d2877022c9bb', '598720fe-85ea-5d65-be77-84cde8cedb1e', 'Non legenta idit cognitio legunturbar cum hominprobes se.', 'Doceat scriberibus aut eret multa eum.', 'sophia.larsen@example.com', 'Endum qui lucilli am voluptas, sunt abducatem civitum quae probambigua quamvis.', '2025-08-20T11:20:31.329Z', '2020-08-04T07:24:11.000Z', 'Eo exis is dicendi contra veritaque, et stabil at notae sus maledunt.', '2020-04-28T03:45:38.000Z', 'Necesque reprehendum uti malis sit laetetendi.', '2020-07-27T18:31:43.000Z', 'Nostra reque tem offictae ipsam ea, nutu ea ars correcte propterundia.', 'Cum autem sin liberi nam homeret, quo videntissim vidi qui suavitia inesse.', '2020-03-15T14:05:37.000Z', '2020-06-26T17:50:38.000Z', '{"Tollitter":"Ut maximprobes"}', '{"full_name":"Sophia Larsen","role":"stylist","phone_number":"+4792345678"}', 't', '2020-11-07T10:46:28.000Z', '2020-04-24T15:05:57.000Z', DEFAULT, '2020-05-09T04:52:57.000Z', DEFAULT, DEFAULT, '2020-11-27T10:26:18.000Z', DEFAULT, DEFAULT, '2020-08-04T07:27:55.000Z', DEFAULT, '2020-01-01T12:40:47.000Z', DEFAULT, '2020-01-17T00:31:16.000Z', DEFAULT);
INSERT INTO auth.users (instance_id,id,aud,role,email,encrypted_password,email_confirmed_at,invited_at,confirmation_token,confirmation_sent_at,recovery_token,recovery_sent_at,email_change_token_new,email_change,email_change_sent_at,last_sign_in_at,raw_app_meta_data,raw_user_meta_data,is_super_admin,created_at,updated_at,phone,phone_confirmed_at,phone_change,phone_change_token,phone_change_sent_at,email_change_token_current,email_change_confirm_status,banned_until,reauthentication_token,reauthentication_sent_at,is_sso_user,deleted_at,is_anonymous) VALUES ('dc468fe9-649e-5274-af75-df099477d549', 'd68cbd6a-14a1-512a-8968-78c2c7d64982', 'Ius nosque pariendisser romangorib nisi in antes.', 'Statimum horrenovat cognos saepe nam discorrupis non.', 'kari.nordmann@example.com', 'In hones desidit transferam et munerata romant vivi, alem sed versuum si dubio ad lud naturos.', '2025-08-20T11:20:31.333Z', '2020-06-22T05:36:35.000Z', 'Am nihilistot fugiatur corportare habensa idem, nisi a fuisse igiti et movetiam videt.', '2020-01-01T12:48:43.000Z', 'Perangustar contra rationem sent omorteat.', '2020-03-11T02:33:17.000Z', 'Et affectus quos coniunt omnino toteloquen.', 'Cum reliquamus quam nec consuevit tuemurum ut profectamen, voluptatos epicul intellegen itati naturalis qui.', '2020-09-09T08:17:21.000Z', '2020-11-23T10:30:25.000Z', '{"Cum":"Laetam inum posset"}', '{"full_name":"Kari Nordmann","role":"customer","phone_number":"+4793456789"}', 'f', '2020-02-18T13:29:57.000Z', '2020-08-28T20:10:09.000Z', DEFAULT, '2020-12-20T23:35:55.000Z', DEFAULT, DEFAULT, '2020-07-27T18:35:34.000Z', DEFAULT, DEFAULT, '2020-09-09T08:53:35.000Z', DEFAULT, '2020-02-10T13:39:15.000Z', DEFAULT, '2020-08-20T19:58:07.000Z', DEFAULT), ('740c907a-a6c9-5cbc-a4a4-4c45c309c253', 'e04a51c3-a7a5-5d85-95a9-7c39fd4e796e', 'Non videruna omnino nam hosti volunum.', 'Modum diligiter ea naviam discertatem quod quaeri me, aut beata quaestionesse desid fore.', 'ole.hansen@example.com', 'Recte leniat non omne voluptatio epicur voluptatem.', '2025-08-20T11:20:31.333Z', '2020-10-26T09:09:39.000Z', 'Theseo gauderito quidem terennii et nec quae.', '2020-09-17T20:40:12.000Z', 'Ire versane plurimus quae autem, aegritumque effecta certis neque doceret.', '2020-09-21T08:40:02.000Z', 'Rem laetitia robus sic ut, essariae saepe nec natur corrupte dolorum causa.', 'Stabilisse sponte ratio sed nullo.', '2020-08-08T07:44:38.000Z', '2020-06-22T17:33:40.000Z', '{"Desere":"Faculanim modo putantipat"}', '{"full_name":"Ole Hansen","role":"customer","phone_number":"+4794567890"}', 'f', '2020-09-21T08:25:49.000Z', '2020-10-18T09:12:40.000Z', DEFAULT, '2020-08-16T07:20:32.000Z', DEFAULT, DEFAULT, '2020-11-23T22:42:18.000Z', DEFAULT, DEFAULT, '2020-06-18T17:55:02.000Z', DEFAULT, '2020-06-22T17:20:51.000Z', DEFAULT, '2020-12-08T11:42:28.000Z', DEFAULT);
INSERT INTO public.stylist_details (profile_id,created_at,updated_at,bio,can_travel,has_own_place,travel_distance_km,instagram_profile,facebook_profile,tiktok_profile,youtube_profile,snapchat_profile,other_social_media_urls,stripe_account_id) VALUES ('201a57ad-3e5f-593b-903c-61b025ec68b0', DEFAULT, DEFAULT, 'Erfaren frisør med over 10 års erfaring. Spesialiserer meg på moderne klipp og fargeteknikker.', 't', 't', 15, '@mariahansen_hair', 'Libid iis quibus ter poena quae es remotissius.', 'Rem ut imam abilita positari, et ocritatur advera vivat vix essariae contingeren et.', 'Stultorquato melioremus metu carerab putare solum.', 'Institio quid rationem ad essent quae.', '{"Appellant mutae fortunae vi malle, sic tollunt faciantur nullam autem reliquarum loqueris."}', 'Fuisse vexet maximamus vitae cum dixitureum moles sunt.'), ('84904b59-72e6-54be-8cc2-f6f36c087959', DEFAULT, DEFAULT, 'Makeup artist og negletekniker. Elsker å skape unike looks for mine kunder!', 't', 'f', 20, '@emma_beauty', 'Praesent eo seque velitas aut.', '@emmabeautyoslo', 'Discens dicam rem propter continacced, si eos inem utiliustius efficeri.', 'Cognitudit ex litur patria et suscipitur in dein.', '{"Dolorum disserendi estiae plane veniri."}', 'Campum ore admodo ationis spatio inas ut honest.'), ('598720fe-85ea-5d65-be77-84cde8cedb1e', DEFAULT, DEFAULT, 'Spesialist på bryn og vipper. Sertifisert lash technician med fokus på naturlige resultater.', 'f', 't', NULL, '@sophialashes', 'sophialarsenlashes', 'Aut vero autem rem idua quasi.', 'Graecum essensibi quid sicomnis totum melius legit.', 'Ob vero ipsum non polyaeno.', '{"Praeda nec molest repertamen quibus studuis pacem."}', 'Si quod vacuit vacuitatur tot.');
INSERT INTO public.addresses (id,created_at,updated_at,user_id,nickname,street_address,city,postal_code,country,entry_instructions,is_primary,location) VALUES ('bd3edf5b-ac02-535e-8e3e-6618cb12f398', DEFAULT, DEFAULT, '201a57ad-3e5f-593b-903c-61b025ec68b0', 'Salong', 'Storgata 15', 'Oslo', '0154', 'Norge', 'Quam compartientis essent si rebus, videorum in voluptate doloris omnium si.', 't', NULL), ('6c9d012c-5297-5c62-86e9-bad5cadf3cac', DEFAULT, DEFAULT, '84904b59-72e6-54be-8cc2-f6f36c087959', 'Hjemmekontor', 'Løkkeveien 8', 'Bergen', '5003', 'Norge', 'Prorsuspicio vero cupid arum carerudit in quae etiam, asperspexit cupio inum inoporum atione quae.', 't', NULL), ('0b6e0c50-55a4-5a5a-9c4c-77fe089c812b', DEFAULT, DEFAULT, '598720fe-85ea-5d65-be77-84cde8cedb1e', 'Studio', 'Markveien 35', 'Oslo', '0554', 'Norge', 'Et endi stoicos tibusdam ego, romantiqua loco recus afferri ut pluribus.', 't', NULL), ('4d9b24a7-1d63-5bdb-b6fa-66964de3c47d', DEFAULT, DEFAULT, 'd68cbd6a-14a1-512a-8968-78c2c7d64982', 'Hjemme', 'Grønlandsleiret 44', 'Oslo', '0190', 'Norge', 'Falso quantaque ut illum efficilit.', 't', NULL), ('7f78a89c-d6ef-5d26-a4f4-5f88b27e42d8', DEFAULT, DEFAULT, 'e04a51c3-a7a5-5d85-95a9-7c39fd4e796e', 'Leilighet', 'Torgallmenningen 8', 'Bergen', '5014', 'Norge', 'Molest am nostra il naturum et paene gere, ultima quae debita id scriptumcum si.', 't', NULL);
INSERT INTO public.services (id,created_at,updated_at,stylist_id,title,description,price,duration_minutes,at_customer_place,at_stylist_place,currency,is_published) VALUES ('76182b33-2b88-55da-9317-c322cfc4cdb2', DEFAULT, DEFAULT, '201a57ad-3e5f-593b-903c-61b025ec68b0', 'Dameklipp', 'Profesjonell klipp med vask og føn. Konsultasjon inkludert.', 650, 60, 't', 't', 'NOK', 't'), ('f66c822d-c39b-5997-9fdd-1cc2906b1259', DEFAULT, DEFAULT, '201a57ad-3e5f-593b-903c-61b025ec68b0', 'Balayage farge', 'Moderne fargeteknikk for naturlig solkysset hår', 2500, 180, 'f', 't', 'NOK', 't'), ('7c724ddb-a436-508b-954f-ea531f015c8e', DEFAULT, DEFAULT, '201a57ad-3e5f-593b-903c-61b025ec68b0', 'Brudefrisyre', 'Eksklusiv styling for din store dag. Prøvetime inkludert.', 1800, 120, 't', 't', 'NOK', 't'), ('ee28eb0b-265a-5f31-962b-baeb03171f3b', DEFAULT, DEFAULT, '84904b59-72e6-54be-8cc2-f6f36c087959', 'Festmakeup', 'Glamorøs makeup perfekt for fest og spesielle anledninger', 800, 60, 't', 'f', 'NOK', 't'), ('bdd1b363-ac2b-5678-88e3-3a63f4b658f4', DEFAULT, DEFAULT, '84904b59-72e6-54be-8cc2-f6f36c087959', 'Gellack med design', 'Holdbar gellack med kreativt negledesign', 550, 90, 't', 'f', 'NOK', 't'), ('e00070ec-a32f-50ad-9dca-90b08b918d33', DEFAULT, DEFAULT, '84904b59-72e6-54be-8cc2-f6f36c087959', 'Brudemakeup inkl. prøvetime', 'Perfekt brudemakeup med prøvetime for å finne din drømmelook', 2200, 150, 't', 'f', 'NOK', 't'), ('14988abd-97c9-5f3a-be9a-59d5637d4463', DEFAULT, DEFAULT, '598720fe-85ea-5d65-be77-84cde8cedb1e', 'Klassiske vippeextensions', 'Naturlige vippeextensions for en elegant look', 900, 90, 'f', 't', 'NOK', 't'), ('5d426f4d-43a7-5476-969b-4ca4336173ad', DEFAULT, DEFAULT, '598720fe-85ea-5d65-be77-84cde8cedb1e', 'Volum vippeextensions', 'Fyldige volum-vipper for dramatisk effekt', 1200, 120, 'f', 't', 'NOK', 't'), ('8379c4b0-1c06-5d40-b0fc-56513422c1d8', DEFAULT, DEFAULT, '598720fe-85ea-5d65-be77-84cde8cedb1e', 'Brynslaminering og farging', 'Få perfekte bryn med laminering og farging', 650, 60, 'f', 't', 'NOK', 't');
INSERT INTO public.service_service_categories (service_id,category_id) VALUES ('76182b33-2b88-55da-9317-c322cfc4cdb2', '774d6a93-1a7a-59f0-b70f-9b0cccb98376'), ('f66c822d-c39b-5997-9fdd-1cc2906b1259', '774d6a93-1a7a-59f0-b70f-9b0cccb98376'), ('7c724ddb-a436-508b-954f-ea531f015c8e', '48d376e0-21ce-5ed7-b7bc-26086c834c23'), ('ee28eb0b-265a-5f31-962b-baeb03171f3b', 'a1b8b547-cac9-5eef-87c4-eb2759d940ae'), ('bdd1b363-ac2b-5678-88e3-3a63f4b658f4', '40613055-bb54-561d-9553-1fee5ba0e651'), ('e00070ec-a32f-50ad-9dca-90b08b918d33', '48d376e0-21ce-5ed7-b7bc-26086c834c23'), ('14988abd-97c9-5f3a-be9a-59d5637d4463', '079569b3-a55d-55e1-975d-b26972bc6ec6'), ('5d426f4d-43a7-5476-969b-4ca4336173ad', '079569b3-a55d-55e1-975d-b26972bc6ec6'), ('8379c4b0-1c06-5d40-b0fc-56513422c1d8', '079569b3-a55d-55e1-975d-b26972bc6ec6');
INSERT INTO public.stylist_availability_rules (id,stylist_id,day_of_week,start_time,end_time) VALUES ('c60ae184-7fe3-5d8b-8ef9-7bcaca5af2ce', '201a57ad-3e5f-593b-903c-61b025ec68b0', 'monday', '09:00', '17:00'), ('bd03682d-a54d-55cd-92d5-6357aee53472', '201a57ad-3e5f-593b-903c-61b025ec68b0', 'tuesday', '09:00', '17:00'), ('d2cfbf3c-2f8c-560c-a17e-356a42049008', '201a57ad-3e5f-593b-903c-61b025ec68b0', 'wednesday', '09:00', '17:00'), ('9c56a790-eceb-51eb-9fc9-ea7ba06b935a', '201a57ad-3e5f-593b-903c-61b025ec68b0', 'thursday', '09:00', '17:00'), ('81bd8e0b-643c-55b2-9801-08d3b93feaf8', '201a57ad-3e5f-593b-903c-61b025ec68b0', 'friday', '09:00', '17:00'), ('6a493aeb-bf62-5516-aae2-6ba6fdb14d34', '201a57ad-3e5f-593b-903c-61b025ec68b0', 'saturday', '10:00', '15:00'), ('6f9c27f6-3cdc-5bb3-b8fc-540914e5733f', '84904b59-72e6-54be-8cc2-f6f36c087959', 'tuesday', '12:00', '20:00'), ('514e9d0e-e8d9-590c-af83-812a0830e348', '84904b59-72e6-54be-8cc2-f6f36c087959', 'wednesday', '12:00', '20:00'), ('ab465bc3-0e73-5320-b4bc-618880b146ef', '84904b59-72e6-54be-8cc2-f6f36c087959', 'thursday', '12:00', '20:00'), ('dbef8424-421f-5745-9227-b88cc3edd63e', '84904b59-72e6-54be-8cc2-f6f36c087959', 'friday', '10:00', '18:00'), ('76d8701f-a7ee-58bf-8399-82431d8b601e', '84904b59-72e6-54be-8cc2-f6f36c087959', 'saturday', '09:00', '17:00'), ('44708471-0051-5838-b931-bb32352ec128', '598720fe-85ea-5d65-be77-84cde8cedb1e', 'monday', '10:00', '18:00'), ('83452a8c-2732-5e00-b522-1f6be455d4fc', '598720fe-85ea-5d65-be77-84cde8cedb1e', 'wednesday', '10:00', '18:00'), ('1e157e11-c2cf-5d44-b0fe-143bf785a869', '598720fe-85ea-5d65-be77-84cde8cedb1e', 'friday', '10:00', '18:00'), ('5cc90530-d6cb-540a-85f9-cd6f9f8c8764', '598720fe-85ea-5d65-be77-84cde8cedb1e', 'saturday', '09:00', '16:00');
INSERT INTO public.stylist_unavailability (id,stylist_id,start_time,end_time,reason) VALUES ('4cc8e567-6b18-58ad-87d4-61b6c5618de6', '201a57ad-3e5f-593b-903c-61b025ec68b0', '2025-08-27T11:00:00.000Z', '2025-08-27T12:00:00.000Z', 'Lunsj'), ('a3945372-607b-568a-b0e2-2d7a029f73f8', '84904b59-72e6-54be-8cc2-f6f36c087959', '2025-08-27T13:00:00.000Z', '2025-08-27T15:00:00.000Z', 'Tannlegetime');
INSERT INTO public.stylist_recurring_unavailability (id,stylist_id,title,start_time,end_time,series_start_date,series_end_date,rrule) VALUES ('4405c156-48d1-5d11-8ace-ad70785e617a', '201a57ad-3e5f-593b-903c-61b025ec68b0', 'Lunsj pause', '12:00:00', '13:00:00', '2025-08-01T11:20:31.340Z', NULL, 'FREQ=WEEKLY;BYDAY=MO,TU,WE,TH,FR'), ('61e7c679-d738-56c9-ab18-18219dada9ca', '84904b59-72e6-54be-8cc2-f6f36c087959', 'Ukentlig teammøte', '09:00:00', '10:00:00', '2025-08-01T11:20:31.340Z', NULL, 'FREQ=WEEKLY;BYDAY=TU'), ('7a28491e-d5b5-5b31-9eef-07d765427f80', '598720fe-85ea-5d65-be77-84cde8cedb1e', 'Månedlig planlegging', '14:00:00', '16:00:00', '2025-08-01T11:20:31.340Z', NULL, 'FREQ=MONTHLY;BYMONTHDAY=1');
INSERT INTO public.applications (id,created_at,user_id,birth_date,price_range_currency,price_range_from,price_range_to,professional_experience,status,address_nickname,city,country,email,entry_instructions,full_name,phone_number,postal_code,street_address) VALUES ('69da0a33-0eea-56e6-95d9-09f8e040951f', DEFAULT, NULL, '1990-05-15T00:00:00.000Z', 'NOK', 300, 800, '5 års erfaring som frisør hos Cutters. Spesialiserer meg på herreklipp og skjeggpleie.', 'applied', 'Neque ac cum causa de, res comprobab id fugiendisser sensummum expetua ab.', 'Trondheim', 'Norge', 'lars.eriksen@example.com', 'Sunt et sit voluperno qui voluptas iudicet ine.', 'Lars Eriksen', '+4795678901', '7013', 'Kirkegata 24'), ('0cccb40e-27a8-53e0-825a-92dbec25a608', DEFAULT, NULL, '1995-08-22T00:00:00.000Z', 'NOK', 500, 2500, 'Utdannet makeupartist fra Norges Makeup Akademi. 3 års erfaring med brude- og festmakeup.', 'pending_info', 'Est si percipi novi voluptat sit quietem.', 'Stavanger', 'Norge', 'anna.svendsen@example.com', 'Id vitae aut volunt in poetis si, naturove quod suscipi ut sin expetenim.', 'Anna Svendsen', '+4796789012', '4006', 'Dronningens gate 15'), ('be682399-6e1d-5674-be93-9d36ad201f4f', DEFAULT, NULL, '1988-11-30T00:00:00.000Z', 'NOK', 400, 1200, 'Sertifisert negletekniker med 7 års erfaring. Ekspert på gel og akryl.', 'approved', 'Vi ipsa expetetiam theatro in facil necest nostrum, erundum malumquam imos talibusque pleriquis honesta.', 'Oslo', 'Norge', 'ingrid.olsen@example.com', 'Es non alia inquit es autem ibus antur, expetiuntur futur praetertimo vacari praecepicul vero soliditia invituptat.', 'Ingrid Olsen', '+4797890123', '0123', 'Håkons gate 5');
INSERT INTO public.application_categories (application_id,category_id) VALUES ('69da0a33-0eea-56e6-95d9-09f8e040951f', '774d6a93-1a7a-59f0-b70f-9b0cccb98376'), ('0cccb40e-27a8-53e0-825a-92dbec25a608', 'a1b8b547-cac9-5eef-87c4-eb2759d940ae'), ('0cccb40e-27a8-53e0-825a-92dbec25a608', '48d376e0-21ce-5ed7-b7bc-26086c834c23'), ('be682399-6e1d-5674-be93-9d36ad201f4f', '40613055-bb54-561d-9553-1fee5ba0e651');
INSERT INTO public.discounts (id,created_at,updated_at,code,description,discount_percentage,discount_amount,currency,max_uses,current_uses,max_uses_per_user,is_active,valid_from,expires_at,minimum_order_amount) VALUES ('4baed22a-1c43-5e30-9f18-1ca31b7d709c', DEFAULT, DEFAULT, 'VELKOMMEN20', '20% rabatt for nye kunder', 20, NULL, 'NOK', 100, 12, 1, 't', '2024-01-01T00:00:00.000Z', '2024-12-31T00:00:00.000Z', 50000), ('ac808bcf-8db9-5c85-92a7-d9843d3fdbf4', DEFAULT, DEFAULT, 'SOMMER100', '100 kr rabatt på alle tjenester', NULL, 10000, 'NOK', 50, 5, 2, 't', '2024-06-01T00:00:00.000Z', '2024-08-31T00:00:00.000Z', 80000);
